mean_fit_time	std_fit_time	mean_score_time	std_score_time	param_class_weight	param_max_depth	param_max_features	param_min_samples_leaf	param_min_samples_split	param_n_estimators	params	split0_test_score	split1_test_score	split2_test_score	split3_test_score	split4_test_score	mean_test_score	std_test_score	rank_test_score
0.08354668617248535	0.00621059311638752	0.004242897033691406	0.0016467299769102035			sqrt	1	2	25	{'class_weight': None, 'max_depth': None, 'max_features': 'sqrt', 'min_samples_leaf': 1, 'min_samples_split': 2, 'n_estimators': 25}	0.4520278529220407	0.508712715855573	0.5319890224394253	0.6428836863619473	0.510815395869325	0.5292857346896622	0.06268171217205616	2119
0.17042980194091797	0.01503026418274135	0.0057332515716552734	0.004289384955302338			sqrt	1	2	50	{'class_weight': None, 'max_depth': None, 'max_features': 'sqrt', 'min_samples_leaf': 1, 'min_samples_split': 2, 'n_estimators': 50}	0.4837206509337657	0.5496196111580728	0.5171450000765334	0.5824033867177165	0.5203393939393939	0.5306456085650965	0.03325452303632936	2095
0.3300449848175049	0.00723369496821221	0.006313848495483399	0.0016632262882925418			sqrt	1	2	100	{'class_weight': None, 'max_depth': None, 'max_features': 'sqrt', 'min_samples_leaf': 1, 'min_samples_split': 2, 'n_estimators': 100}	0.545299707743821	0.5737569517097076	0.5346780594854555	0.5674392312040701	0.49465811965811973	0.5431664139602348	0.028123329734978945	1647
0.4940484046936035	0.03654536192797387	0.009427404403686524	0.0024071079641306173			sqrt	1	2	150	{'class_weight': None, 'max_depth': None, 'max_features': 'sqrt', 'min_samples_leaf': 1, 'min_samples_split': 2, 'n_estimators': 150}	0.5686176714492661	0.5479287119999022	0.5406989025118244	0.5941333333333334	0.536431131592422	0.5575619501773496	0.02136992366484453	926
0.6767898559570312	0.03772402198018737	0.011986160278320312	0.0024928697008630577			sqrt	1	2	200	{'class_weight': None, 'max_depth': None, 'max_features': 'sqrt', 'min_samples_leaf': 1, 'min_samples_split': 2, 'n_estimators': 200}	0.5541223803518884	0.539301954762889	0.5434080773820741	0.6005420054200542	0.5534391534391534	0.5581627142712118	0.021945697538940226	909
1.0470587730407714	0.047777863502018535	0.017026567459106447	0.003265521966841075			sqrt	1	2	300	{'class_weight': None, 'max_depth': None, 'max_features': 'sqrt', 'min_samples_leaf': 1, 'min_samples_split': 2, 'n_estimators': 300}	0.5541223803518884	0.5168323739752311	0.5824033867177165	0.5449373737373737	0.5521043771043772	0.5500799783773174	0.020962306703369845	1330
1.3023712158203125	0.10793843426130614	0.023955345153808594	0.003592665301370938			sqrt	1	2	400	{'class_weight': None, 'max_depth': None, 'max_features': 'sqrt', 'min_samples_leaf': 1, 'min_samples_split': 2, 'n_estimators': 400}	0.5629274955442795	0.5409907552764696	0.5763324299909666	0.5608294930875576	0.536	0.5554160347798546	0.014888211830945065	1021
1.6342928409576416	0.06470964382179852	0.024363374710083006	0.0032176795115550277			sqrt	1	2	500	{'class_weight': None, 'max_depth': None, 'max_features': 'sqrt', 'min_samples_leaf': 1, 'min_samples_split': 2, 'n_estimators': 500}	0.5565421245421245	0.5565421245421245	0.5914703850260662	0.5279132791327914	0.5068771218827209	0.5478690070251655	0.028740535213350613	1418
1.9651456356048584	0.0639071193905865	0.033197212219238284	0.003644721231781079			sqrt	1	2	600	{'class_weight': None, 'max_depth': None, 'max_features': 'sqrt', 'min_samples_leaf': 1, 'min_samples_split': 2, 'n_estimators': 600}	0.565149136577708	0.5629274955442795	0.5824033867177165	0.5037037037037037	0.49193540011424414	0.5412238245315304	0.03626660856009518	1747
0.08871722221374512	0.006284230928948599	0.0028237819671630858	0.002043517591155242			sqrt	1	5	25	{'class_weight': None, 'max_depth': None, 'max_features': 'sqrt', 'min_samples_leaf': 1, 'min_samples_split': 5, 'n_estimators': 25}	0.5132754342431762	0.5775896234912629	0.5809983896940418	0.5368773946360154	0.536431131592422	0.5490343947313836	0.026162707091460336	1374
0.170969820022583	0.011838876140488662	0.00425877571105957	0.0019306471766801525			sqrt	1	5	50	{'class_weight': None, 'max_depth': None, 'max_features': 'sqrt', 'min_samples_leaf': 1, 'min_samples_split': 5, 'n_estimators': 50}	0.5506202480992397	0.5737569517097076	0.49947089947089945	0.49947089947089945	0.5521228545618789	0.535088370662525	0.030212184716771343	1981
0.3266317844390869	0.005937614220223277	0.00426335334777832	0.0002575480170742383			sqrt	1	5	100	{'class_weight': None, 'max_depth': None, 'max_features': 'sqrt', 'min_samples_leaf': 1, 'min_samples_split': 5, 'n_estimators': 100}	0.5306551372125142	0.5737569517097076	0.5521228545618789	0.5733333333333334	0.6155015388480624	0.5690739631330992	0.028138723034954637	468
0.4797412395477295	0.012539568281892365	0.008885574340820313	0.001792931654192001			sqrt	1	5	150	{'class_weight': None, 'max_depth': None, 'max_features': 'sqrt', 'min_samples_leaf': 1, 'min_samples_split': 5, 'n_estimators': 150}	0.5364527945173106	0.5332404863654864	0.5521228545618789	0.5914703850260662	0.5941333333333334	0.5614839707608151	0.026370629906361954	756
0.6387777328491211	0.004317139926407986	0.009847021102905274	0.002174610376429537			sqrt	1	5	200	{'class_weight': None, 'max_depth': None, 'max_features': 'sqrt', 'min_samples_leaf': 1, 'min_samples_split': 5, 'n_estimators': 200}	0.5071878940731399	0.5332404863654864	0.5763324299909666	0.5346780594854555	0.5941333333333334	0.5491144406496764	0.0315776708318233	1370
0.9770457744598389	0.02945149343853133	0.01443033218383789	0.002283020954434015			sqrt	1	5	300	{'class_weight': None, 'max_depth': None, 'max_features': 'sqrt', 'min_samples_leaf': 1, 'min_samples_split': 5, 'n_estimators': 300}	0.5219817440383759	0.5325714285714286	0.597037037037037	0.5203393939393939	0.5704594017094017	0.5484778010591275	0.030291958815852952	1395
1.3232348918914796	0.05510685165752951	0.01996917724609375	0.005106330033179075			sqrt	1	5	400	{'class_weight': None, 'max_depth': None, 'max_features': 'sqrt', 'min_samples_leaf': 1, 'min_samples_split': 5, 'n_estimators': 400}	0.539301954762889	0.5494002060931195	0.5763324299909666	0.5286302175191064	0.5617777777777778	0.551088517228772	0.016719235016781818	1261
1.6327554702758789	0.04058529694211758	0.025526905059814455	0.005031339752890483			sqrt	1	5	500	{'class_weight': None, 'max_depth': None, 'max_features': 'sqrt', 'min_samples_leaf': 1, 'min_samples_split': 5, 'n_estimators': 500}	0.5086007326007326	0.565149136577708	0.6113606098176976	0.5203393939393939	0.5440445898461165	0.5498988925563297	0.0363969434591792	1336
1.9408166408538818	0.03880755800438014	0.027081966400146484	0.003630552548882269			sqrt	1	5	600	{'class_weight': None, 'max_depth': None, 'max_features': 'sqrt', 'min_samples_leaf': 1, 'min_samples_split': 5, 'n_estimators': 600}	0.5479287119999022	0.5332404863654864	0.601980438612478	0.5203393939393939	0.5068771218827209	0.5420732305599963	0.03290076999042932	1710
0.08290514945983887	0.006656611870125164	0.002017641067504883	0.00044562858905316025			sqrt	1	10	25	{'class_weight': None, 'max_depth': None, 'max_features': 'sqrt', 'min_samples_leaf': 1, 'min_samples_split': 10, 'n_estimators': 25}	0.5506202480992397	0.607788005248567	0.5388522777849564	0.5357009183096141	0.48491586173379503	0.5435754622352345	0.039238107325621906	1639
0.1654721736907959	0.005412726495620693	0.003815364837646484	0.0016825218985828143			sqrt	1	10	50	{'class_weight': None, 'max_depth': None, 'max_features': 'sqrt', 'min_samples_leaf': 1, 'min_samples_split': 10, 'n_estimators': 50}	0.5541223803518884	0.5645022350530825	0.5613472886247147	0.5184476342371079	0.5434080773820741	0.5483655231297735	0.016623582383304695	1400
0.32178869247436526	0.01398029756287034	0.004473447799682617	0.0003007120525380065			sqrt	1	10	100	{'class_weight': None, 'max_depth': None, 'max_features': 'sqrt', 'min_samples_leaf': 1, 'min_samples_split': 10, 'n_estimators': 100}	0.5828075150655795	0.5686176714492661	0.5507246376811594	0.5406989025118244	0.5369121312666105	0.555952171594888	0.017344375594019076	1002
0.4934328556060791	0.022799442441655094	0.008288383483886719	0.002357873707735724			sqrt	1	10	150	{'class_weight': None, 'max_depth': None, 'max_features': 'sqrt', 'min_samples_leaf': 1, 'min_samples_split': 10, 'n_estimators': 150}	0.5736653635813299	0.5250434604765313	0.6158730158730159	0.5346780594854555	0.5451923076923078	0.5588904414217282	0.03281709475782519	878
0.6307150363922119	0.03648908237333021	0.010381984710693359	0.002348856568373486			sqrt	1	10	200	{'class_weight': None, 'max_depth': None, 'max_features': 'sqrt', 'min_samples_leaf': 1, 'min_samples_split': 10, 'n_estimators': 200}	0.5645022350530825	0.5409907552764696	0.6526580459770115	0.5642528049471155	0.536	0.5716807682507359	0.042140288572793304	376
0.9351568222045898	0.023358710236249244	0.015861892700195314	0.0023220769676915317			sqrt	1	10	300	{'class_weight': None, 'max_depth': None, 'max_features': 'sqrt', 'min_samples_leaf': 1, 'min_samples_split': 10, 'n_estimators': 300}	0.5506202480992397	0.5565421245421245	0.6295019157088123	0.558540723101586	0.5700991847120528	0.573060839232763	0.02891936496256734	334
1.2854627132415772	0.025003173854642787	0.018640422821044923	0.001501679170450576			sqrt	1	10	400	{'class_weight': None, 'max_depth': None, 'max_features': 'sqrt', 'min_samples_leaf': 1, 'min_samples_split': 10, 'n_estimators': 400}	0.5364527945173106	0.5250434604765313	0.6158730158730159	0.558540723101586	0.5521043771043772	0.5576028742145642	0.031413257500826734	924
1.597267246246338	0.03375796650488222	0.025846433639526368	0.01006763063981369			sqrt	1	10	500	{'class_weight': None, 'max_depth': None, 'max_features': 'sqrt', 'min_samples_leaf': 1, 'min_samples_split': 10, 'n_estimators': 500}	0.5541223803518884	0.5494002060931195	0.6295019157088123	0.5674392312040701	0.5521043771043772	0.5705136220924535	0.030141068677450443	411
1.9209038734436035	0.03535811393434949	0.02506146430969238	0.005049103048496367			sqrt	1	10	600	{'class_weight': None, 'max_depth': None, 'max_features': 'sqrt', 'min_samples_leaf': 1, 'min_samples_split': 10, 'n_estimators': 600}	0.5541223803518884	0.5805128205128205	0.6295019157088123	0.5608294930875576	0.536	0.5721933219322157	0.03199731571673768	358
0.08129286766052246	0.004610369685435905	0.002328157424926758	0.0008428365805620137			sqrt	2	2	25	{'class_weight': None, 'max_depth': None, 'max_features': 'sqrt', 'min_samples_leaf': 2, 'min_samples_split': 2, 'n_estimators': 25}	0.4595416157916158	0.6103441050474949	0.48491586173379503	0.5643097643097642	0.5674392312040701	0.537310115617348	0.05614945351968064	1901
0.14939956665039061	0.003132159580052913	0.004066991806030274	0.0017640631971221961			sqrt	2	2	50	{'class_weight': None, 'max_depth': None, 'max_features': 'sqrt', 'min_samples_leaf': 2, 'min_samples_split': 2, 'n_estimators': 50}	0.46065934065934067	0.5686176714492661	0.49551656920077974	0.5600335249042145	0.5763324299909666	0.5322319072409136	0.0458527168726677	2054
0.32169055938720703	0.0050689197867927385	0.005516815185546875	0.0007422106524406286			sqrt	2	2	100	{'class_weight': None, 'max_depth': None, 'max_features': 'sqrt', 'min_samples_leaf': 2, 'min_samples_split': 2, 'n_estimators': 100}	0.5686176714492661	0.5332404863654864	0.5346780594854555	0.5642528049471155	0.6045092972589553	0.5610596639012557	0.026172833079632318	793
0.46040616035461424	0.031789164270052725	0.007912874221801758	0.001719848082661414			sqrt	2	2	150	{'class_weight': None, 'max_depth': None, 'max_features': 'sqrt', 'min_samples_leaf': 2, 'min_samples_split': 2, 'n_estimators': 150}	0.5186603650586702	0.5086741961741962	0.5496296296296296	0.5193769235600779	0.5617777777777778	0.5316237784400704	0.020387217663260473	2065
0.6413827896118164	0.024609695921688244	0.011943817138671875	0.0014780968741053954			sqrt	2	2	200	{'class_weight': None, 'max_depth': None, 'max_features': 'sqrt', 'min_samples_leaf': 2, 'min_samples_split': 2, 'n_estimators': 200}	0.5736653635813299	0.5086741961741962	0.5496296296296296	0.5642528049471155	0.536	0.5464443988664542	0.022820778344538408	1490
0.9452912330627441	0.03150287356035119	0.014438772201538086	0.002194864287300064			sqrt	2	2	300	{'class_weight': None, 'max_depth': None, 'max_features': 'sqrt', 'min_samples_leaf': 2, 'min_samples_split': 2, 'n_estimators': 300}	0.5775896234912629	0.5332404863654864	0.597037037037037	0.5037037037037037	0.536	0.549514170119498	0.03344463595935589	1351
1.2510964393615722	0.047360993555042745	0.020741748809814452	0.0029661738133642877			sqrt	2	2	400	{'class_weight': None, 'max_depth': None, 'max_features': 'sqrt', 'min_samples_leaf': 2, 'min_samples_split': 2, 'n_estimators': 400}	0.5865530363256697	0.5006867148599432	0.597037037037037	0.5037037037037037	0.5440445898461165	0.546405016354494	0.040235809505842005	1496
1.5253881931304931	0.021705100828190927	0.02645697593688965	0.002230697212674473			sqrt	2	2	500	{'class_weight': None, 'max_depth': None, 'max_features': 'sqrt', 'min_samples_leaf': 2, 'min_samples_split': 2, 'n_estimators': 500}	0.6010568666306372	0.5332404863654864	0.5824033867177165	0.5193769235600779	0.5179899949801804	0.5508135316508197	0.03434171941374447	1284
1.8837913990020752	0.048223859656525016	0.030582475662231445	0.006323341386959433			sqrt	2	2	600	{'class_weight': None, 'max_depth': None, 'max_features': 'sqrt', 'min_samples_leaf': 2, 'min_samples_split': 2, 'n_estimators': 600}	0.5865530363256697	0.5332404863654864	0.6155015388480624	0.5193769235600779	0.5179899949801804	0.5545323960158954	0.03941359541362616	1065
0.07765388488769531	0.006010194575642529	0.0028526782989501953	0.0008302981974823103			sqrt	2	5	25	{'class_weight': None, 'max_depth': None, 'max_features': 'sqrt', 'min_samples_leaf': 2, 'min_samples_split': 5, 'n_estimators': 25}	0.5156764139814987	0.591935635154711	0.5388522777849564	0.5785675232367414	0.5674392312040701	0.5584942162723955	0.027642175681526607	889
0.15691184997558594	0.007818309487851722	0.004471778869628906	0.0010201068276935272			sqrt	2	5	50	{'class_weight': None, 'max_depth': None, 'max_features': 'sqrt', 'min_samples_leaf': 2, 'min_samples_split': 5, 'n_estimators': 50}	0.5168323739752311	0.5086007326007326	0.5643097643097642	0.5171450000765334	0.5120327700972862	0.5237841282119093	0.020510299901876097	2211
0.29983177185058596	0.0125891484475159	0.005384588241577148	0.0019140730078556873			sqrt	2	5	100	{'class_weight': None, 'max_depth': None, 'max_features': 'sqrt', 'min_samples_leaf': 2, 'min_samples_split': 5, 'n_estimators': 100}	0.5565421245421245	0.4595416157916158	0.6113606098176976	0.5317416924852683	0.5695353535353536	0.5457442792344118	0.0502296389379747	1532
0.4596067428588867	0.0306939837944715	0.008157634735107422	0.002729432873536454			sqrt	2	5	150	{'class_weight': None, 'max_depth': None, 'max_features': 'sqrt', 'min_samples_leaf': 2, 'min_samples_split': 5, 'n_estimators': 150}	0.5494002060931195	0.5006867148599432	0.601980438612478	0.5346780594854555	0.5369121312666105	0.5447315100635214	0.032867598270760995	1585
0.6012759685516358	0.02687877371681379	0.01109466552734375	0.0029623404070940845			sqrt	2	5	200	{'class_weight': None, 'max_depth': None, 'max_features': 'sqrt', 'min_samples_leaf': 2, 'min_samples_split': 5, 'n_estimators': 200}	0.5332404863654864	0.5325714285714286	0.6207407407407407	0.558540723101586	0.5118803545783192	0.5513947466715121	0.037696720087135226	1242
0.9320815086364747	0.006959270593216944	0.013962507247924805	0.0023991275505516585			sqrt	2	5	300	{'class_weight': None, 'max_depth': None, 'max_features': 'sqrt', 'min_samples_leaf': 2, 'min_samples_split': 5, 'n_estimators': 300}	0.5325714285714286	0.4918550807098416	0.606266050333847	0.5203393939393939	0.5118803545783192	0.5325824616265661	0.03915727484255707	2042
1.291747808456421	0.0732689169784226	0.021216726303100585	0.007474251233501885			sqrt	2	5	400	{'class_weight': None, 'max_depth': None, 'max_features': 'sqrt', 'min_samples_leaf': 2, 'min_samples_split': 5, 'n_estimators': 400}	0.5250434604765313	0.484107905982906	0.6253933539882145	0.5279132791327914	0.5199252136752136	0.5364766426511314	0.047173434867004926	1930
1.5252121925354003	0.08212867386492179	0.024871826171875	0.0054490779197391955			sqrt	2	5	500	{'class_weight': None, 'max_depth': None, 'max_features': 'sqrt', 'min_samples_leaf': 2, 'min_samples_split': 5, 'n_estimators': 500}	0.5325714285714286	0.5325714285714286	0.6253933539882145	0.5434080773820741	0.5199252136752136	0.5507739004376718	0.03804371074571719	1286
1.8567001819610596	0.1170614465132251	0.03464035987854004	0.010414681372094578			sqrt	2	5	600	{'class_weight': None, 'max_depth': None, 'max_features': 'sqrt', 'min_samples_leaf': 2, 'min_samples_split': 5, 'n_estimators': 600}	0.5168323739752311	0.5325714285714286	0.597037037037037	0.5037037037037037	0.5118803545783192	0.5324049795731439	0.03365964964198249	2050
0.07510442733764648	0.003944053690303283	0.002698802947998047	0.0007585688603158428			sqrt	2	10	25	{'class_weight': None, 'max_depth': None, 'max_features': 'sqrt', 'min_samples_leaf': 2, 'min_samples_split': 10, 'n_estimators': 25}	0.5340326340326341	0.5645022350530825	0.5227513227513227	0.5937662337662337	0.5824033867177165	0.5594911624641978	0.027286677604731347	857
0.15380568504333497	0.013248510623302968	0.004311800003051758	0.002395086294167139			sqrt	2	10	50	{'class_weight': None, 'max_depth': None, 'max_features': 'sqrt', 'min_samples_leaf': 2, 'min_samples_split': 10, 'n_estimators': 50}	0.5506202480992397	0.5241354863156865	0.5737643998513563	0.5346780594854555	0.6340245775729646	0.5634445542649406	0.039051800923024085	672
0.29240942001342773	0.015242712410438312	0.006884956359863281	0.0025446256169578203			sqrt	2	10	100	{'class_weight': None, 'max_depth': None, 'max_features': 'sqrt', 'min_samples_leaf': 2, 'min_samples_split': 10, 'n_estimators': 100}	0.5736653635813299	0.5168323739752311	0.5674392312040701	0.5785675232367414	0.5941333333333334	0.5661275650661413	0.02618255279656385	570
0.46901326179504393	0.024154833747119454	0.009613227844238282	0.0010567965351339094			sqrt	2	10	150	{'class_weight': None, 'max_depth': None, 'max_features': 'sqrt', 'min_samples_leaf': 2, 'min_samples_split': 10, 'n_estimators': 150}	0.5506202480992397	0.5409907552764696	0.606266050333847	0.5434080773820741	0.5534391534391534	0.5589448569061568	0.024094184000230157	875
0.6113494396209717	0.018639216281695372	0.011152362823486328	0.002375310603641998			sqrt	2	10	200	{'class_weight': None, 'max_depth': None, 'max_features': 'sqrt', 'min_samples_leaf': 2, 'min_samples_split': 10, 'n_estimators': 200}	0.5364527945173106	0.565149136577708	0.606266050333847	0.558540723101586	0.5534782388407559	0.5639773886742414	0.023182306448619357	661
0.9488084793090821	0.025663130483478507	0.019735288619995118	0.004379679018950874			sqrt	2	10	300	{'class_weight': None, 'max_depth': None, 'max_features': 'sqrt', 'min_samples_leaf': 2, 'min_samples_split': 10, 'n_estimators': 300}	0.5415813000558763	0.5565421245421245	0.601980438612478	0.5674392312040701	0.5789937680498556	0.5693073724928809	0.02047697296205186	463
1.2507041454315186	0.01979907680028301	0.0191925048828125	0.00044668015460489846			sqrt	2	10	400	{'class_weight': None, 'max_depth': None, 'max_features': 'sqrt', 'min_samples_leaf': 2, 'min_samples_split': 10, 'n_estimators': 400}	0.5506202480992397	0.5578067765567766	0.601980438612478	0.5521228545618789	0.5179899949801804	0.5561040625621108	0.026855708891431615	992
1.514354658126831	0.0828982631189552	0.025786876678466797	0.003246630339212491			sqrt	2	10	500	{'class_weight': None, 'max_depth': None, 'max_features': 'sqrt', 'min_samples_leaf': 2, 'min_samples_split': 10, 'n_estimators': 500}	0.545299707743821	0.565149136577708	0.601980438612478	0.5521228545618789	0.4994107744107744	0.552792582381332	0.033100872375558185	1158
1.833261775970459	0.05234050809712598	0.03169264793395996	0.004794371988477804			sqrt	2	10	600	{'class_weight': None, 'max_depth': None, 'max_features': 'sqrt', 'min_samples_leaf': 2, 'min_samples_split': 10, 'n_estimators': 600}	0.5775896234912629	0.5494002060931195	0.601980438612478	0.5521228545618789	0.4994107744107744	0.5561007794339027	0.03417950199803607	994
0.07995867729187012	0.012028822377036452	0.002900552749633789	0.001186777226190679			sqrt	4	2	25	{'class_weight': None, 'max_depth': None, 'max_features': 'sqrt', 'min_samples_leaf': 4, 'min_samples_split': 2, 'n_estimators': 25}	0.5594141095763419	0.5820082578031961	0.526060606060606	0.5583496540018279	0.5852278545826933	0.562212096404933	0.021219286398601933	715
0.13859615325927735	0.002783599244671622	0.004245328903198242	0.0013897929662397425			sqrt	4	2	50	{'class_weight': None, 'max_depth': None, 'max_features': 'sqrt', 'min_samples_leaf': 4, 'min_samples_split': 2, 'n_estimators': 50}	0.5541223803518884	0.6010568666306372	0.5507246376811594	0.5551546078610048	0.5449373737373737	0.5611991732524126	0.02024556992954878	776
0.28267459869384765	0.007784940472666092	0.006837177276611328	0.002453803239608031			sqrt	4	2	100	{'class_weight': None, 'max_depth': None, 'max_features': 'sqrt', 'min_samples_leaf': 4, 'min_samples_split': 2, 'n_estimators': 100}	0.5717219376841179	0.5578067765567766	0.5642528049471155	0.5449373737373737	0.5534391534391534	0.5584316092729075	0.009142522323941473	892
0.4149322032928467	0.012687001259472513	0.008268594741821289	0.002099096741712753			sqrt	4	2	150	{'class_weight': None, 'max_depth': None, 'max_features': 'sqrt', 'min_samples_leaf': 4, 'min_samples_split': 2, 'n_estimators': 150}	0.545299707743821	0.5565421245421245	0.546031746031746	0.5608294930875576	0.5279627096316563	0.547333156207381	0.011384190692497471	1443
0.5692164897918701	0.027307597471391915	0.010096168518066407	0.002438039398058288			sqrt	4	2	200	{'class_weight': None, 'max_depth': None, 'max_features': 'sqrt', 'min_samples_leaf': 4, 'min_samples_split': 2, 'n_estimators': 200}	0.545299707743821	0.5325714285714286	0.6101718943824207	0.49574141414141415	0.5369121312666105	0.544139315221139	0.03712156526838167	1609
0.8385009288787841	0.030529027651223627	0.014732170104980468	0.003011757963097427			sqrt	4	2	300	{'class_weight': None, 'max_depth': None, 'max_features': 'sqrt', 'min_samples_leaf': 4, 'min_samples_split': 2, 'n_estimators': 300}	0.5541223803518884	0.5805128205128205	0.5831896551724138	0.5038212815990594	0.5118803545783192	0.5467052984429003	0.03340923690943341	1474
1.125490093231201	0.042470610867188285	0.021877527236938477	0.004904569286169105			sqrt	4	2	400	{'class_weight': None, 'max_depth': None, 'max_features': 'sqrt', 'min_samples_leaf': 4, 'min_samples_split': 2, 'n_estimators': 400}	0.5629274955442795	0.5737569517097076	0.5693121693121693	0.536431131592422	0.5286302175191064	0.5542115931355369	0.01820201630904118	1087
1.3901449680328368	0.03740600086249641	0.025839471817016603	0.0025413159105201425			sqrt	4	2	500	{'class_weight': None, 'max_depth': None, 'max_features': 'sqrt', 'min_samples_leaf': 4, 'min_samples_split': 2, 'n_estimators': 500}	0.5629274955442795	0.5578067765567766	0.5785675232367414	0.5286302175191064	0.48444444444444446	0.5424752914602697	0.03321223136007379	1689
1.700118112564087	0.061356973082073385	0.03013749122619629	0.0035296021886205317			sqrt	4	2	600	{'class_weight': None, 'max_depth': None, 'max_features': 'sqrt', 'min_samples_leaf': 4, 'min_samples_split': 2, 'n_estimators': 600}	0.539301954762889	0.5737569517097076	0.5496296296296296	0.5286302175191064	0.49193540011424414	0.5366508307471154	0.02689290562623059	1926
0.07238454818725586	0.007078581410744395	0.0029266357421875	0.0007311731704648479			sqrt	4	5	25	{'class_weight': None, 'max_depth': None, 'max_features': 'sqrt', 'min_samples_leaf': 4, 'min_samples_split': 5, 'n_estimators': 25}	0.5594141095763419	0.5820082578031961	0.526060606060606	0.5583496540018279	0.5852278545826933	0.562212096404933	0.021219286398601933	715
0.140694522857666	0.005595608081310046	0.003357696533203125	0.0012265563719651988			sqrt	4	5	50	{'class_weight': None, 'max_depth': None, 'max_features': 'sqrt', 'min_samples_leaf': 4, 'min_samples_split': 5, 'n_estimators': 50}	0.5541223803518884	0.6010568666306372	0.5507246376811594	0.5551546078610048	0.5449373737373737	0.5611991732524126	0.02024556992954878	776
0.2847886085510254	0.012101803162593553	0.006999540328979492	0.0023381335459793417			sqrt	4	5	100	{'class_weight': None, 'max_depth': None, 'max_features': 'sqrt', 'min_samples_leaf': 4, 'min_samples_split': 5, 'n_estimators': 100}	0.5717219376841179	0.5578067765567766	0.5642528049471155	0.5449373737373737	0.5534391534391534	0.5584316092729075	0.009142522323941473	892
0.4188848972320557	0.008059916076267331	0.007994413375854492	0.0023127521614595835			sqrt	4	5	150	{'class_weight': None, 'max_depth': None, 'max_features': 'sqrt', 'min_samples_leaf': 4, 'min_samples_split': 5, 'n_estimators': 150}	0.545299707743821	0.5565421245421245	0.546031746031746	0.5608294930875576	0.5279627096316563	0.547333156207381	0.011384190692497471	1443
0.5798259258270264	0.05729367463603117	0.013251161575317383	0.0018744956594622408			sqrt	4	5	200	{'class_weight': None, 'max_depth': None, 'max_features': 'sqrt', 'min_samples_leaf': 4, 'min_samples_split': 5, 'n_estimators': 200}	0.545299707743821	0.5325714285714286	0.6101718943824207	0.49574141414141415	0.5369121312666105	0.544139315221139	0.03712156526838167	1609
0.8276073455810546	0.0680061527465394	0.015525436401367188	0.003017191745976065			sqrt	4	5	300	{'class_weight': None, 'max_depth': None, 'max_features': 'sqrt', 'min_samples_leaf': 4, 'min_samples_split': 5, 'n_estimators': 300}	0.5541223803518884	0.5805128205128205	0.5831896551724138	0.5038212815990594	0.5118803545783192	0.5467052984429003	0.03340923690943341	1474
1.0945412635803222	0.033913771829905744	0.017797279357910156	0.0022008200008883953			sqrt	4	5	400	{'class_weight': None, 'max_depth': None, 'max_features': 'sqrt', 'min_samples_leaf': 4, 'min_samples_split': 5, 'n_estimators': 400}	0.5629274955442795	0.5737569517097076	0.5693121693121693	0.536431131592422	0.5286302175191064	0.5542115931355369	0.01820201630904118	1087
1.4229481220245361	0.06935042471002052	0.023913812637329102	0.0032535596202162365			sqrt	4	5	500	{'class_weight': None, 'max_depth': None, 'max_features': 'sqrt', 'min_samples_leaf': 4, 'min_samples_split': 5, 'n_estimators': 500}	0.5629274955442795	0.5578067765567766	0.5785675232367414	0.5286302175191064	0.48444444444444446	0.5424752914602697	0.03321223136007379	1689
1.722055721282959	0.05606675963368663	0.03054642677307129	0.005671810317637654			sqrt	4	5	600	{'class_weight': None, 'max_depth': None, 'max_features': 'sqrt', 'min_samples_leaf': 4, 'min_samples_split': 5, 'n_estimators': 600}	0.539301954762889	0.5737569517097076	0.5496296296296296	0.5286302175191064	0.49193540011424414	0.5366508307471154	0.02689290562623059	1926
0.06917839050292969	0.007649493736412446	0.002663135528564453	0.000961560922605028			sqrt	4	10	25	{'class_weight': None, 'max_depth': None, 'max_features': 'sqrt', 'min_samples_leaf': 4, 'min_samples_split': 10, 'n_estimators': 25}	0.5050068610440128	0.5233904027007475	0.4967353731916528	0.6113606098176976	0.6444444444444445	0.556187538239711	0.0601049466630721	983
0.1279062271118164	0.014103795816608556	0.0037642955780029298	0.0014938444766467377			sqrt	4	10	50	{'class_weight': None, 'max_depth': None, 'max_features': 'sqrt', 'min_samples_leaf': 4, 'min_samples_split': 10, 'n_estimators': 50}	0.5325068094298864	0.5325714285714286	0.5184476342371079	0.5824033867177165	0.6187313131313131	0.5569321144174906	0.037786294943127345	946
0.2692971706390381	0.017418021327113765	0.008127737045288085	0.004098038177264298			sqrt	4	10	100	{'class_weight': None, 'max_depth': None, 'max_features': 'sqrt', 'min_samples_leaf': 4, 'min_samples_split': 10, 'n_estimators': 100}	0.5596301547914452	0.539301954762889	0.546031746031746	0.609626216077829	0.5782480893592005	0.5665676322046218	0.02531301287727808	556
0.4135321617126465	0.006664280409325704	0.008832597732543945	0.001690111249311455			sqrt	4	10	150	{'class_weight': None, 'max_depth': None, 'max_features': 'sqrt', 'min_samples_leaf': 4, 'min_samples_split': 10, 'n_estimators': 150}	0.5132754342431762	0.539301954762889	0.5642528049471155	0.5763324299909666	0.5286302175191064	0.5443585682926508	0.023053069490848715	1596
0.5435858249664307	0.01281117823710645	0.012921762466430665	0.0032562184251326235			sqrt	4	10	200	{'class_weight': None, 'max_depth': None, 'max_features': 'sqrt', 'min_samples_leaf': 4, 'min_samples_split': 10, 'n_estimators': 200}	0.5241354863156865	0.5565421245421245	0.5785675232367414	0.5674392312040701	0.5102222222222222	0.5473813175041691	0.02599994902068038	1438
0.8416316032409668	0.02740032662558069	0.012259483337402344	0.001443706816445396			sqrt	4	10	300	{'class_weight': None, 'max_depth': None, 'max_features': 'sqrt', 'min_samples_leaf': 4, 'min_samples_split': 10, 'n_estimators': 300}	0.5364527945173106	0.5241354863156865	0.5733333333333334	0.5193769235600779	0.49193540011424414	0.5290467875681306	0.02649916716964394	2124
1.120683240890503	0.041271060087711704	0.0203305721282959	0.001712880828240088			sqrt	4	10	400	{'class_weight': None, 'max_depth': None, 'max_features': 'sqrt', 'min_samples_leaf': 4, 'min_samples_split': 10, 'n_estimators': 400}	0.5629274955442795	0.5250434604765313	0.5521228545618789	0.5193769235600779	0.5279627096316563	0.5374866887548848	0.01694081286929929	1892
1.3795058727264404	0.05232053394389803	0.023725080490112304	0.004518425014489099			sqrt	4	10	500	{'class_weight': None, 'max_depth': None, 'max_features': 'sqrt', 'min_samples_leaf': 4, 'min_samples_split': 10, 'n_estimators': 500}	0.5629274955442795	0.5332404863654864	0.5521228545618789	0.5449373737373737	0.5179899949801804	0.5422436410378398	0.015504664034400727	1702
1.6872568130493164	0.047529883250968304	0.029218530654907225	0.0022735004429361274			sqrt	4	10	600	{'class_weight': None, 'max_depth': None, 'max_features': 'sqrt', 'min_samples_leaf': 4, 'min_samples_split': 10, 'n_estimators': 600}	0.5629274955442795	0.5578067765567766	0.5521228545618789	0.5608294930875576	0.49193540011424414	0.5451244039729473	0.026842097198531305	1564
0.04502625465393066	0.005875143892494194	0.003202676773071289	0.001268139318464707			log2	1	2	25	{'class_weight': None, 'max_depth': None, 'max_features': 'log2', 'min_samples_leaf': 1, 'min_samples_split': 2, 'n_estimators': 25}	0.4918550807098416	0.5460860978102358	0.623308237573196	0.5600335249042145	0.5878067073824066	0.5618179296759789	0.04382225325486749	743
0.08856911659240722	0.006724668024486099	0.003228759765625	0.0013268383539653832			log2	1	2	50	{'class_weight': None, 'max_depth': None, 'max_features': 'log2', 'min_samples_leaf': 1, 'min_samples_split': 2, 'n_estimators': 50}	0.47105204140649903	0.5414301947869302	0.5608294930875576	0.5785675232367414	0.6247515808491417	0.555326166673374	0.05036975603309846	1024
0.1863727569580078	0.02802098051308859	0.005218315124511719	0.0013635008449765609			log2	1	2	100	{'class_weight': None, 'max_depth': None, 'max_features': 'log2', 'min_samples_leaf': 1, 'min_samples_split': 2, 'n_estimators': 100}	0.45674546976747243	0.5494002060931195	0.5434080773820741	0.5733333333333334	0.6030570252792475	0.5451888223710494	0.048957074729729176	1559
0.24670419692993165	0.024521896310154022	0.009877347946166992	0.002356369186023713			log2	1	2	150	{'class_weight': None, 'max_depth': None, 'max_features': 'log2', 'min_samples_leaf': 1, 'min_samples_split': 2, 'n_estimators': 150}	0.5086741961741962	0.5245984784446323	0.5118803545783192	0.5619439079549019	0.5957264957264957	0.5405646865757091	0.033450292608103394	1785
0.31673579216003417	0.004792150737579989	0.010338497161865235	0.002145168334252094			log2	1	2	200	{'class_weight': None, 'max_depth': None, 'max_features': 'log2', 'min_samples_leaf': 1, 'min_samples_split': 2, 'n_estimators': 200}	0.4918550807098416	0.49957734573119195	0.5199252136752136	0.5534391534391534	0.5257575757575758	0.5181108738625952	0.02164582895499043	2296
0.46813187599182127	0.01567190087017611	0.01524367332458496	0.0013727411404413237			log2	1	2	300	{'class_weight': None, 'max_depth': None, 'max_features': 'log2', 'min_samples_leaf': 1, 'min_samples_split': 2, 'n_estimators': 300}	0.5166426377483858	0.4918550807098416	0.5199252136752136	0.5286302175191064	0.5534782388407559	0.5221062776986607	0.019882178239412705	2248
0.6375992298126221	0.024506122581187267	0.019023752212524413	0.0029318034636716833			log2	1	2	400	{'class_weight': None, 'max_depth': None, 'max_features': 'log2', 'min_samples_leaf': 1, 'min_samples_split': 2, 'n_estimators': 400}	0.4918550807098416	0.5086741961741962	0.5451923076923078	0.5203393939393939	0.536	0.5204121957031479	0.019028023243477833	2270
0.8282381057739258	0.0059834686270491015	0.02656393051147461	0.002309220067778954			log2	1	2	500	{'class_weight': None, 'max_depth': None, 'max_features': 'log2', 'min_samples_leaf': 1, 'min_samples_split': 2, 'n_estimators': 500}	0.5168323739752311	0.4918550807098416	0.5534391534391534	0.536431131592422	0.536	0.5269115479433296	0.021011815389215368	2164
0.9641798496246338	0.035515533266000716	0.034757804870605466	0.0029577681438189467			log2	1	2	600	{'class_weight': None, 'max_depth': None, 'max_features': 'log2', 'min_samples_leaf': 1, 'min_samples_split': 2, 'n_estimators': 600}	0.5565421245421245	0.5494002060931195	0.5695353535353536	0.5038212815990594	0.536	0.5430597931539314	0.022416203344138956	1651
0.04462442398071289	0.0039037351858999645	0.0026711940765380858	0.0009941794188490416			log2	1	5	25	{'class_weight': None, 'max_depth': None, 'max_features': 'log2', 'min_samples_leaf': 1, 'min_samples_split': 5, 'n_estimators': 25}	0.5541223803518884	0.545299707743821	0.5642528049471155	0.536431131592422	0.5137212643678162	0.5427654578006125	0.01720928273158484	1670
0.08194694519042969	0.006347059648243768	0.0036183834075927735	0.0013290983104298148			log2	1	5	50	{'class_weight': None, 'max_depth': None, 'max_features': 'log2', 'min_samples_leaf': 1, 'min_samples_split': 5, 'n_estimators': 50}	0.5629274955442795	0.5494002060931195	0.5674392312040701	0.546031746031746	0.5925925925925926	0.5636782542931615	0.01652882003979889	666
0.1600583553314209	0.012220995734547243	0.006111717224121094	0.0013637894312454604			log2	1	5	100	{'class_weight': None, 'max_depth': None, 'max_features': 'log2', 'min_samples_leaf': 1, 'min_samples_split': 5, 'n_estimators': 100}	0.5086007326007326	0.5865530363256697	0.5763324299909666	0.5193769235600779	0.5619439079549019	0.5505614060864698	0.03105567432519147	1309
0.27813043594360354	0.06601225689486129	0.009687709808349609	0.003669638234573557			log2	1	5	150	{'class_weight': None, 'max_depth': None, 'max_features': 'log2', 'min_samples_leaf': 1, 'min_samples_split': 5, 'n_estimators': 150}	0.539301954762889	0.565149136577708	0.5120327700972862	0.5286302175191064	0.5789937680498556	0.544821569401369	0.024284482819760422	1580
0.33572635650634763	0.009472206420117145	0.012616777420043945	0.002759564625683756			log2	1	5	200	{'class_weight': None, 'max_depth': None, 'max_features': 'log2', 'min_samples_leaf': 1, 'min_samples_split': 5, 'n_estimators': 200}	0.5241354863156865	0.5910053088640188	0.5852278545826933	0.5279132791327914	0.5700991847120528	0.5596762227214486	0.028337481171193828	851
0.4909820556640625	0.03494865179145418	0.015152978897094726	0.001556805192937635			log2	1	5	300	{'class_weight': None, 'max_depth': None, 'max_features': 'log2', 'min_samples_leaf': 1, 'min_samples_split': 5, 'n_estimators': 300}	0.5241354863156865	0.565149136577708	0.5914703850260662	0.5496296296296296	0.5179899949801804	0.5496749265058541	0.026990781659979434	1342
0.6841971397399902	0.038364845780127936	0.018440818786621092	0.002823423821378276			log2	1	5	400	{'class_weight': None, 'max_depth': None, 'max_features': 'log2', 'min_samples_leaf': 1, 'min_samples_split': 5, 'n_estimators': 400}	0.5325714285714286	0.565149136577708	0.5763324299909666	0.5521228545618789	0.5440445898461165	0.5540440879096197	0.015393820167900042	1100
0.8071323871612549	0.04318213820488378	0.025063800811767577	0.006525065978988792			log2	1	5	500	{'class_weight': None, 'max_depth': None, 'max_features': 'log2', 'min_samples_leaf': 1, 'min_samples_split': 5, 'n_estimators': 500}	0.5479287119999022	0.5737569517097076	0.5914703850260662	0.5279132791327914	0.536	0.5554138655736935	0.023772881016581787	1022
0.9913195610046387	0.0593888920263272	0.03634796142578125	0.007546315634091321			log2	1	5	600	{'class_weight': None, 'max_depth': None, 'max_features': 'log2', 'min_samples_leaf': 1, 'min_samples_split': 5, 'n_estimators': 600}	0.5565421245421245	0.5910053088640188	0.5824033867177165	0.5521228545618789	0.536	0.5636147349371478	0.020238160458811792	668
0.043783712387084964	0.00413650278878553	0.0017087459564208984	4.591300559102779e-05			log2	1	10	25	{'class_weight': None, 'max_depth': None, 'max_features': 'log2', 'min_samples_leaf': 1, 'min_samples_split': 10, 'n_estimators': 25}	0.5541223803518884	0.5629274955442795	0.48695273225319446	0.606345785440613	0.5925925925925926	0.5605881972365137	0.04144272917709929	806
0.09190506935119629	0.003112365109476314	0.005582094192504883	0.00219754007897015			log2	1	10	50	{'class_weight': None, 'max_depth': None, 'max_features': 'log2', 'min_samples_leaf': 1, 'min_samples_split': 10, 'n_estimators': 50}	0.5219817440383759	0.5737569517097076	0.5203393939393939	0.5733333333333334	0.6207407407407407	0.5620304327523102	0.037561169463968404	723
0.179482364654541	0.013964691504794232	0.008196258544921875	0.004311588257106131			log2	1	10	100	{'class_weight': None, 'max_depth': None, 'max_features': 'log2', 'min_samples_leaf': 1, 'min_samples_split': 10, 'n_estimators': 100}	0.5306551372125142	0.5578067765567766	0.5449373737373737	0.597037037037037	0.5534391534391534	0.5567750955965709	0.022161230512033295	949
0.2391818046569824	0.020672010849216188	0.007906579971313476	0.004181856779032332			log2	1	10	150	{'class_weight': None, 'max_depth': None, 'max_features': 'log2', 'min_samples_leaf': 1, 'min_samples_split': 10, 'n_estimators': 150}	0.5132754342431762	0.565149136577708	0.536431131592422	0.5346780594854555	0.5449373737373737	0.538894227127227	0.01676905095249981	1838
0.34551496505737306	0.023339956795335945	0.014606857299804687	0.004997931380729422			log2	1	10	200	{'class_weight': None, 'max_depth': None, 'max_features': 'log2', 'min_samples_leaf': 1, 'min_samples_split': 10, 'n_estimators': 200}	0.5156764139814987	0.5717219376841179	0.5852278545826933	0.5763324299909666	0.5199252136752136	0.553776769982898	0.029723803782872975	1114
0.6272882461547852	0.11034929695346127	0.025188732147216796	0.011230517120360821			log2	1	10	300	{'class_weight': None, 'max_depth': None, 'max_features': 'log2', 'min_samples_leaf': 1, 'min_samples_split': 10, 'n_estimators': 300}	0.4763299692433551	0.5494002060931195	0.5286302175191064	0.5763324299909666	0.5619439079549019	0.5385273461602899	0.03482024027352969	1852
0.9838976383209228	0.0563648368891493	0.024897146224975585	0.0044013861328350765			log2	1	10	400	{'class_weight': None, 'max_depth': None, 'max_features': 'log2', 'min_samples_leaf': 1, 'min_samples_split': 10, 'n_estimators': 400}	0.5241354863156865	0.5409907552764696	0.5286302175191064	0.5695353535353536	0.5257575757575758	0.5378098776808383	0.016930073372643854	1878
1.079665231704712	0.06306628923791749	0.02406620979309082	0.002051097684563134			log2	1	10	500	{'class_weight': None, 'max_depth': None, 'max_features': 'log2', 'min_samples_leaf': 1, 'min_samples_split': 10, 'n_estimators': 500}	0.5241354863156865	0.5479287119999022	0.5449373737373737	0.5534391534391534	0.5179899949801804	0.5376861440944593	0.013980031818384642	1888
1.0720970630645752	0.06465017097711646	0.03198609352111816	0.006938725588156049			log2	1	10	600	{'class_weight': None, 'max_depth': None, 'max_features': 'log2', 'min_samples_leaf': 1, 'min_samples_split': 10, 'n_estimators': 600}	0.5241354863156865	0.5805128205128205	0.5449373737373737	0.5763324299909666	0.5179899949801804	0.5487816211074056	0.02583118473247832	1385
0.04177303314208984	0.0028358332790454077	0.002586841583251953	0.0010453566610941433			log2	2	2	25	{'class_weight': None, 'max_depth': None, 'max_features': 'log2', 'min_samples_leaf': 2, 'min_samples_split': 2, 'n_estimators': 25}	0.539301954762889	0.5629637772769747	0.5643097643097642	0.5434080773820741	0.6584684146882798	0.5736903976839963	0.04356593339856988	318
0.084979248046875	0.008426800960599168	0.004386091232299804	0.002469090107589654			log2	2	2	50	{'class_weight': None, 'max_depth': None, 'max_features': 'log2', 'min_samples_leaf': 2, 'min_samples_split': 2, 'n_estimators': 50}	0.5332404863654864	0.5250434604765313	0.5317416924852683	0.5346780594854555	0.6340245775729646	0.5517456552771411	0.04127161467950519	1213
0.15671982765197753	0.005477301420613917	0.0073258399963378905	0.0016932441589972195			log2	2	2	100	{'class_weight': None, 'max_depth': None, 'max_features': 'log2', 'min_samples_leaf': 2, 'min_samples_split': 2, 'n_estimators': 100}	0.5496196111580728	0.5086741961741962	0.5346780594854555	0.5434080773820741	0.5869756846431933	0.5446711257685983	0.0253432389974693	1587
0.25973896980285643	0.013392333904259696	0.012382698059082032	0.00273695199338899			log2	2	2	150	{'class_weight': None, 'max_depth': None, 'max_features': 'log2', 'min_samples_leaf': 2, 'min_samples_split': 2, 'n_estimators': 150}	0.5414301947869302	0.5494002060931195	0.6005420054200542	0.5824033867177165	0.5704594017094017	0.5688470389454443	0.021544409158900324	477
0.37441506385803225	0.013416353310772402	0.011211776733398437	0.002683846870504081			log2	2	2	200	{'class_weight': None, 'max_depth': None, 'max_features': 'log2', 'min_samples_leaf': 2, 'min_samples_split': 2, 'n_estimators': 200}	0.5332404863654864	0.5494002060931195	0.5824033867177165	0.5824033867177165	0.5704594017094017	0.5635813735206882	0.019377918238636375	670
0.5240092277526855	0.01106505988345788	0.017278337478637697	0.003777369977399232			log2	2	2	300	{'class_weight': None, 'max_depth': None, 'max_features': 'log2', 'min_samples_leaf': 2, 'min_samples_split': 2, 'n_estimators': 300}	0.5166426377483858	0.5332404863654864	0.5824033867177165	0.5763324299909666	0.5199252136752136	0.5457088308995538	0.028104780251396178	1536
0.7039421558380127	0.05414311480968431	0.055799341201782225	0.05683942947533245			log2	2	2	400	{'class_weight': None, 'max_depth': None, 'max_features': 'log2', 'min_samples_leaf': 2, 'min_samples_split': 2, 'n_estimators': 400}	0.49957734573119195	0.5332404863654864	0.5763324299909666	0.5521228545618789	0.5102222222222222	0.5342990677743492	0.027824104595343634	2002
0.9428976535797119	0.05829130133438607	0.024897289276123048	0.0042532194841046565			log2	2	2	500	{'class_weight': None, 'max_depth': None, 'max_features': 'log2', 'min_samples_leaf': 2, 'min_samples_split': 2, 'n_estimators': 500}	0.5494002060931195	0.5414301947869302	0.5824033867177165	0.5608294930875576	0.49193540011424414	0.5451997361599136	0.029991144695235453	1556
1.1389899730682373	0.1065907021499271	0.0295654296875	0.004758765679298373			log2	2	2	600	{'class_weight': None, 'max_depth': None, 'max_features': 'log2', 'min_samples_leaf': 2, 'min_samples_split': 2, 'n_estimators': 600}	0.5168323739752311	0.5578067765567766	0.5914703850260662	0.536431131592422	0.5102222222222222	0.5425525778745436	0.02956313692341627	1679
0.06132903099060059	0.005365697027111589	0.004884147644042968	0.003301111355052905			log2	2	5	25	{'class_weight': None, 'max_depth': None, 'max_features': 'log2', 'min_samples_leaf': 2, 'min_samples_split': 5, 'n_estimators': 25}	0.5629274955442795	0.5967104790634203	0.5642528049471155	0.5968041620215533	0.5941333333333334	0.5829656549819404	0.015854589846170004	120
0.09780960083007813	0.0045548121115026995	0.003932046890258789	0.0012450942237953464			log2	2	5	50	{'class_weight': None, 'max_depth': None, 'max_features': 'log2', 'min_samples_leaf': 2, 'min_samples_split': 5, 'n_estimators': 50}	0.5629274955442795	0.5132754342431762	0.5852278545826933	0.5227513227513227	0.5521228545618789	0.54726099233667	0.02632983751552067	1453
0.17317166328430175	0.017666366620064	0.010076379776000977	0.006857141215571171			log2	2	5	100	{'class_weight': None, 'max_depth': None, 'max_features': 'log2', 'min_samples_leaf': 2, 'min_samples_split': 5, 'n_estimators': 100}	0.5168323739752311	0.484107905982906	0.5608294930875576	0.5259259259259259	0.5179899949801804	0.5211371387903602	0.024486792637943313	2264
0.3112961769104004	0.01704536899650026	0.01012125015258789	0.0035730999444444508			log2	2	5	150	{'class_weight': None, 'max_depth': None, 'max_features': 'log2', 'min_samples_leaf': 2, 'min_samples_split': 5, 'n_estimators': 150}	0.5717219376841179	0.5325714285714286	0.5763324299909666	0.5521228545618789	0.5024471804225566	0.5470391662461898	0.027169611799545218	1463
0.3744363784790039	0.01727183726476059	0.012797880172729491	0.002731998407772333			log2	2	5	200	{'class_weight': None, 'max_depth': None, 'max_features': 'log2', 'min_samples_leaf': 2, 'min_samples_split': 5, 'n_estimators': 200}	0.5565421245421245	0.5325714285714286	0.5521228545618789	0.5695353535353536	0.5102222222222222	0.5441987966866015	0.02072048672367022	1606
0.5371820449829101	0.03424873347702306	0.01987156867980957	0.0049813911583105434			log2	2	5	300	{'class_weight': None, 'max_depth': None, 'max_features': 'log2', 'min_samples_leaf': 2, 'min_samples_split': 5, 'n_estimators': 300}	0.5629274955442795	0.5332404863654864	0.536431131592422	0.5521228545618789	0.5279627096316563	0.5425369355391446	0.012990593910288735	1687
0.6949987411499023	0.03876658448628634	0.0217465877532959	0.004665645474933164			log2	2	5	400	{'class_weight': None, 'max_depth': None, 'max_features': 'log2', 'min_samples_leaf': 2, 'min_samples_split': 5, 'n_estimators': 400}	0.5717219376841179	0.5332404863654864	0.5608294930875576	0.5279132791327914	0.5102222222222222	0.540785483698435	0.022430158647663824	1772
0.8496072292327881	0.035951678418848686	0.026788616180419923	0.0034754345104067988			log2	2	5	500	{'class_weight': None, 'max_depth': None, 'max_features': 'log2', 'min_samples_leaf': 2, 'min_samples_split': 5, 'n_estimators': 500}	0.5629274955442795	0.5717219376841179	0.5608294930875576	0.5434080773820741	0.5102222222222222	0.5498218451840502	0.02182570498921072	1338
0.9300887584686279	0.057914039091716385	0.031661605834960936	0.004158967944134449			log2	2	5	600	{'class_weight': None, 'max_depth': None, 'max_features': 'log2', 'min_samples_leaf': 2, 'min_samples_split': 5, 'n_estimators': 600}	0.5565421245421245	0.5737569517097076	0.5608294930875576	0.5521228545618789	0.49193540011424414	0.5470373648031026	0.028483638473445903	1465
0.0479586124420166	0.007395718769395804	0.0028905868530273438	0.001443054829442625			log2	2	10	25	{'class_weight': None, 'max_depth': None, 'max_features': 'log2', 'min_samples_leaf': 2, 'min_samples_split': 10, 'n_estimators': 25}	0.5914774880292122	0.595005613581465	0.5227513227513227	0.5346780594854555	0.6113606098176976	0.5710546187330305	0.03541688616246412	397
0.08270087242126464	0.007043438290496907	0.0032623767852783202	0.0014769702311962431			log2	2	10	50	{'class_weight': None, 'max_depth': None, 'max_features': 'log2', 'min_samples_leaf': 2, 'min_samples_split': 10, 'n_estimators': 50}	0.6009204470742932	0.5874231700502887	0.601980438612478	0.5346780594854555	0.6187313131313131	0.5887466856707657	0.028801314548973497	50
0.1808692455291748	0.024394713290813507	0.005875301361083984	0.002226398962450622			log2	2	10	100	{'class_weight': None, 'max_depth': None, 'max_features': 'log2', 'min_samples_leaf': 2, 'min_samples_split': 10, 'n_estimators': 100}	0.5781159011928243	0.5565421245421245	0.5733333333333334	0.5695353535353536	0.5782480893592005	0.5711549603925672	0.007995881214662402	394
0.23227038383483886	0.0026080216490182093	0.008701753616333009	0.002509421893169171			log2	2	10	150	{'class_weight': None, 'max_depth': None, 'max_features': 'log2', 'min_samples_leaf': 2, 'min_samples_split': 10, 'n_estimators': 150}	0.5241354863156865	0.6338041178884503	0.558540723101586	0.5449373737373737	0.5782480893592005	0.5679331580804593	0.03736479931088069	512
0.3142233371734619	0.015019113199958625	0.011200380325317384	0.0020971812638309185			log2	2	10	200	{'class_weight': None, 'max_depth': None, 'max_features': 'log2', 'min_samples_leaf': 2, 'min_samples_split': 10, 'n_estimators': 200}	0.5071878940731399	0.6224704429428839	0.5914703850260662	0.5619439079549019	0.609626216077829	0.5785397692149641	0.04106089330547666	203
0.4480797290802002	0.019348750542231286	0.013233470916748046	0.0015582493736925002			log2	2	10	300	{'class_weight': None, 'max_depth': None, 'max_features': 'log2', 'min_samples_leaf': 2, 'min_samples_split': 10, 'n_estimators': 300}	0.5325714285714286	0.5981136973262957	0.5674392312040701	0.5695353535353536	0.5619439079549019	0.5659207237184101	0.020879413372185216	576
0.5980688095092773	0.015258846518736192	0.019993400573730467	0.000787915172820276			log2	2	10	400	{'class_weight': None, 'max_depth': None, 'max_features': 'log2', 'min_samples_leaf': 2, 'min_samples_split': 10, 'n_estimators': 400}	0.5325714285714286	0.5737569517097076	0.5674392312040701	0.5608294930875576	0.49193540011424414	0.5453065009374016	0.03016920832484846	1549
0.7587866306304931	0.01289078616083637	0.023955011367797853	0.001122396888971129			log2	2	10	500	{'class_weight': None, 'max_depth': None, 'max_features': 'log2', 'min_samples_leaf': 2, 'min_samples_split': 10, 'n_estimators': 500}	0.539301954762889	0.5893075178789464	0.558540723101586	0.5695353535353536	0.4994107744107744	0.5512192647379098	0.030548125427790774	1247
0.8997197151184082	0.01648060508729695	0.02969961166381836	0.0017760458254331387			log2	2	10	600	{'class_weight': None, 'max_depth': None, 'max_features': 'log2', 'min_samples_leaf': 2, 'min_samples_split': 10, 'n_estimators': 600}	0.539301954762889	0.5893075178789464	0.5521228545618789	0.5695353535353536	0.5068771218827209	0.5514289605243577	0.027910709984369612	1236
0.04195399284362793	0.004101944894865044	0.0021562576293945312	0.0008808199695176678			log2	4	2	25	{'class_weight': None, 'max_depth': None, 'max_features': 'log2', 'min_samples_leaf': 4, 'min_samples_split': 2, 'n_estimators': 25}	0.5967104790634203	0.5219817440383759	0.5852278545826933	0.5925925925925926	0.6005420054200542	0.5794109351394272	0.02915990736173923	178
0.07086739540100098	0.007886868633967082	0.003404378890991211	0.0009208211609402792			log2	4	2	50	{'class_weight': None, 'max_depth': None, 'max_features': 'log2', 'min_samples_leaf': 4, 'min_samples_split': 2, 'n_estimators': 50}	0.539301954762889	0.5686176714492661	0.5449373737373737	0.46309006863706403	0.5619439079549019	0.5355781953082989	0.0377961556264144	1947
0.14454030990600586	0.009920138290246194	0.005220890045166016	0.0021515750276094397			log2	4	2	100	{'class_weight': None, 'max_depth': None, 'max_features': 'log2', 'min_samples_leaf': 4, 'min_samples_split': 2, 'n_estimators': 100}	0.5717219376841179	0.5893075178789464	0.5608294930875576	0.5521228545618789	0.536	0.5619963606425001	0.017973005465175298	724
0.21348085403442382	0.00419195893082722	0.006148338317871094	0.000585049424039795			log2	4	2	150	{'class_weight': None, 'max_depth': None, 'max_features': 'log2', 'min_samples_leaf': 4, 'min_samples_split': 2, 'n_estimators': 150}	0.5865530363256697	0.5805128205128205	0.6005420054200542	0.536431131592422	0.5451923076923078	0.5698462603086548	0.024736648302255058	438
0.28859310150146483	0.015734862208169834	0.01165928840637207	0.002405539660676443			log2	4	2	200	{'class_weight': None, 'max_depth': None, 'max_features': 'log2', 'min_samples_leaf': 4, 'min_samples_split': 2, 'n_estimators': 200}	0.5865530363256697	0.5737569517097076	0.5521228545618789	0.5038212815990594	0.536	0.5504508248392631	0.029094609633500457	1314
0.42331323623657224	0.019874036475673672	0.014831638336181641	0.0028145313913263735			log2	4	2	300	{'class_weight': None, 'max_depth': None, 'max_features': 'log2', 'min_samples_leaf': 4, 'min_samples_split': 2, 'n_estimators': 300}	0.5629274955442795	0.5737569517097076	0.5878067073824066	0.5369121312666105	0.5451923076923078	0.5613191187190624	0.018518390800014977	768
0.5771312236785888	0.005579529040583382	0.021096324920654295	0.002132440042912059			log2	4	2	400	{'class_weight': None, 'max_depth': None, 'max_features': 'log2', 'min_samples_leaf': 4, 'min_samples_split': 2, 'n_estimators': 400}	0.5479287119999022	0.5414301947869302	0.5733333333333334	0.5449373737373737	0.5279627096316563	0.5471184646978392	0.014777904877075681	1457
0.7314854145050049	0.01977263972725474	0.02407393455505371	0.002528314363486417			log2	4	2	500	{'class_weight': None, 'max_depth': None, 'max_features': 'log2', 'min_samples_leaf': 4, 'min_samples_split': 2, 'n_estimators': 500}	0.5479287119999022	0.5496196111580728	0.6113606098176976	0.5118803545783192	0.5534782388407559	0.5548535052789495	0.03199056833472703	1052
0.8442656040191651	0.014991885005757046	0.028837203979492188	0.005447835460977596			log2	4	2	600	{'class_weight': None, 'max_depth': None, 'max_features': 'log2', 'min_samples_leaf': 4, 'min_samples_split': 2, 'n_estimators': 600}	0.5241354863156865	0.5578160800432915	0.5674392312040701	0.5118803545783192	0.536	0.5394542304282735	0.020626352310251565	1818
0.033336639404296875	0.001797961160585339	0.0016828060150146484	9.72724428083034e-06			log2	4	5	25	{'class_weight': None, 'max_depth': None, 'max_features': 'log2', 'min_samples_leaf': 4, 'min_samples_split': 5, 'n_estimators': 25}	0.5967104790634203	0.5219817440383759	0.5852278545826933	0.5925925925925926	0.6005420054200542	0.5794109351394272	0.02915990736173923	178
0.07264585494995117	0.008295123453794894	0.004451847076416016	0.0016534225673947365			log2	4	5	50	{'class_weight': None, 'max_depth': None, 'max_features': 'log2', 'min_samples_leaf': 4, 'min_samples_split': 5, 'n_estimators': 50}	0.539301954762889	0.5686176714492661	0.5449373737373737	0.46309006863706403	0.5619439079549019	0.5355781953082989	0.0377961556264144	1947
0.14571614265441896	0.008846957683277633	0.006370258331298828	0.00279338497058278			log2	4	5	100	{'class_weight': None, 'max_depth': None, 'max_features': 'log2', 'min_samples_leaf': 4, 'min_samples_split': 5, 'n_estimators': 100}	0.5717219376841179	0.5893075178789464	0.5608294930875576	0.5521228545618789	0.536	0.5619963606425001	0.017973005465175298	724
0.21484313011169434	0.00847628568412567	0.008394908905029298	0.0033332218859670245			log2	4	5	150	{'class_weight': None, 'max_depth': None, 'max_features': 'log2', 'min_samples_leaf': 4, 'min_samples_split': 5, 'n_estimators': 150}	0.5865530363256697	0.5805128205128205	0.6005420054200542	0.536431131592422	0.5451923076923078	0.5698462603086548	0.024736648302255058	438
0.28870067596435545	0.005907983430771439	0.009415626525878906	0.002336649447289334			log2	4	5	200	{'class_weight': None, 'max_depth': None, 'max_features': 'log2', 'min_samples_leaf': 4, 'min_samples_split': 5, 'n_estimators': 200}	0.5865530363256697	0.5737569517097076	0.5521228545618789	0.5038212815990594	0.536	0.5504508248392631	0.029094609633500457	1314
0.43551411628723147	0.006505029906149107	0.01759471893310547	0.004885841529067794			log2	4	5	300	{'class_weight': None, 'max_depth': None, 'max_features': 'log2', 'min_samples_leaf': 4, 'min_samples_split': 5, 'n_estimators': 300}	0.5629274955442795	0.5737569517097076	0.5878067073824066	0.5369121312666105	0.5451923076923078	0.5613191187190624	0.018518390800014977	768
0.5644245147705078	0.05909942068722146	0.018298006057739256	0.004148252307008823			log2	4	5	400	{'class_weight': None, 'max_depth': None, 'max_features': 'log2', 'min_samples_leaf': 4, 'min_samples_split': 5, 'n_estimators': 400}	0.5479287119999022	0.5414301947869302	0.5733333333333334	0.5449373737373737	0.5279627096316563	0.5471184646978392	0.014777904877075681	1457
0.9078289985656738	0.07702484541653079	0.026493024826049805	0.0017291581272677777			log2	4	5	500	{'class_weight': None, 'max_depth': None, 'max_features': 'log2', 'min_samples_leaf': 4, 'min_samples_split': 5, 'n_estimators': 500}	0.5479287119999022	0.5496196111580728	0.6113606098176976	0.5118803545783192	0.5534782388407559	0.5548535052789495	0.03199056833472703	1052
1.0110631942749024	0.06331883105798075	0.0321650505065918	0.00521936408261788			log2	4	5	600	{'class_weight': None, 'max_depth': None, 'max_features': 'log2', 'min_samples_leaf': 4, 'min_samples_split': 5, 'n_estimators': 600}	0.5241354863156865	0.5578160800432915	0.5674392312040701	0.5118803545783192	0.536	0.5394542304282735	0.020626352310251565	1818
0.04651455879211426	0.008618689734265581	0.0033361434936523436	0.0023076354792760383			log2	4	10	25	{'class_weight': None, 'max_depth': None, 'max_features': 'log2', 'min_samples_leaf': 4, 'min_samples_split': 10, 'n_estimators': 25}	0.5893075178789464	0.5415813000558763	0.5925925925925926	0.5496296296296296	0.536	0.561822208031409	0.024196688099131017	741
0.10710244178771973	0.008271558007794892	0.0091827392578125	0.008151306641847064			log2	4	10	50	{'class_weight': None, 'max_depth': None, 'max_features': 'log2', 'min_samples_leaf': 4, 'min_samples_split': 10, 'n_estimators': 50}	0.5594141095763419	0.5717219376841179	0.5551546078610048	0.5346780594854555	0.5619439079549019	0.5565825245123643	0.012229543504610653	962
0.16021313667297363	0.010137761488995424	0.00753626823425293	0.0034971536703208047			log2	4	10	100	{'class_weight': None, 'max_depth': None, 'max_features': 'log2', 'min_samples_leaf': 4, 'min_samples_split': 10, 'n_estimators': 100}	0.5717219376841179	0.5565421245421245	0.5203393939393939	0.5279132791327914	0.5521043771043772	0.545724222480561	0.01894852921387066	1534
0.23958888053894042	0.008270299688343068	0.008003616333007812	0.0020807855498337587			log2	4	10	150	{'class_weight': None, 'max_depth': None, 'max_features': 'log2', 'min_samples_leaf': 4, 'min_samples_split': 10, 'n_estimators': 150}	0.5775896234912629	0.5737569517097076	0.536431131592422	0.5824033867177165	0.533532412591763	0.5607427012205745	0.02123123654920907	796
0.31691203117370603	0.04886299080212697	0.008512544631958007	0.00195927419922093			log2	4	10	200	{'class_weight': None, 'max_depth': None, 'max_features': 'log2', 'min_samples_leaf': 4, 'min_samples_split': 10, 'n_estimators': 200}	0.5686176714492661	0.5737569517097076	0.5203393939393939	0.5286302175191064	0.5617777777777778	0.5506244024790503	0.021836649271336776	1298
0.438783073425293	0.006732687174722993	0.01597442626953125	0.004455722122194387			log2	4	10	300	{'class_weight': None, 'max_depth': None, 'max_features': 'log2', 'min_samples_leaf': 4, 'min_samples_split': 10, 'n_estimators': 300}	0.5541223803518884	0.5494002060931195	0.5608294930875576	0.5534391534391534	0.5534782388407559	0.554253894362495	0.0036899736748349896	1084
0.6502303123474121	0.06968959617574783	0.0248659610748291	0.003092117034938028			log2	4	10	400	{'class_weight': None, 'max_depth': None, 'max_features': 'log2', 'min_samples_leaf': 4, 'min_samples_split': 10, 'n_estimators': 400}	0.539301954762889	0.5578067765567766	0.536431131592422	0.5608294930875576	0.5179899949801804	0.5424718701959652	0.01560809259413347	1695
0.8618336677551269	0.020230478191398275	0.027126836776733398	0.011313418225798785			log2	4	10	500	{'class_weight': None, 'max_depth': None, 'max_features': 'log2', 'min_samples_leaf': 4, 'min_samples_split': 10, 'n_estimators': 500}	0.539301954762889	0.5737569517097076	0.5521228545618789	0.5279132791327914	0.5440445898461165	0.5474279260026766	0.015320311768707432	1431
1.0534650325775146	0.052883626377038105	0.03235392570495606	0.006277927605308243			log2	4	10	600	{'class_weight': None, 'max_depth': None, 'max_features': 'log2', 'min_samples_leaf': 4, 'min_samples_split': 10, 'n_estimators': 600}	0.5541223803518884	0.5737569517097076	0.5203393939393939	0.5203393939393939	0.5068771218827209	0.535087048364621	0.02485353843133761	1983
1.7014188289642334	0.07411163049947776	0.0018657684326171876	8.143613676643078e-05				1	2	25	{'class_weight': None, 'max_depth': None, 'max_features': None, 'min_samples_leaf': 1, 'min_samples_split': 2, 'n_estimators': 25}	0.49866378033293085	0.545299707743821	0.6411522633744856	0.5521228545618789	0.5600335249042145	0.5594544261834662	0.046096599823613874	860
3.150700807571411	0.11308103984864423	0.005156278610229492	0.0015616585461238578				1	2	50	{'class_weight': None, 'max_depth': None, 'max_features': None, 'min_samples_leaf': 1, 'min_samples_split': 2, 'n_estimators': 50}	0.5186603650586702	0.5168323739752311	0.606345785440613	0.5369121312666105	0.558540723101586	0.5474582757685422	0.03307278675899824	1428
6.153443288803101	0.1822508163248811	0.006304121017456055	0.0019074406398993252				1	2	100	{'class_weight': None, 'max_depth': None, 'max_features': None, 'min_samples_leaf': 1, 'min_samples_split': 2, 'n_estimators': 100}	0.5219817440383759	0.5332404863654864	0.5831896551724138	0.5037037037037037	0.5279132791327914	0.5340057736825543	0.026531306363661567	2005
9.021538782119752	0.18396749518540118	0.009061384201049804	0.001982536565800772				1	2	150	{'class_weight': None, 'max_depth': None, 'max_features': None, 'min_samples_leaf': 1, 'min_samples_split': 2, 'n_estimators': 150}	0.5045300171350592	0.6245241097700115	0.5831896551724138	0.4876344086021505	0.5534391534391534	0.5506634688237577	0.050243426040817586	1295
11.999933052062989	0.2621985256421999	0.008242177963256835	0.0015298921617936392				1	2	200	{'class_weight': None, 'max_depth': None, 'max_features': None, 'min_samples_leaf': 1, 'min_samples_split': 2, 'n_estimators': 200}	0.5415813000558763	0.6010568666306372	0.5693121693121693	0.5346780594854555	0.536	0.5565256790968277	0.025567469351451752	967
18.261741161346436	0.4248611867807563	0.01576824188232422	0.0031511878480095204				1	2	300	{'class_weight': None, 'max_depth': None, 'max_features': None, 'min_samples_leaf': 1, 'min_samples_split': 2, 'n_estimators': 300}	0.5645022350530825	0.5565421245421245	0.5600335249042145	0.5406989025118244	0.5619439079549019	0.5567441389932295	0.008432510124307397	953
24.24101529121399	0.3665717008245894	0.018643665313720702	0.0034703254470389096				1	2	400	{'class_weight': None, 'max_depth': None, 'max_features': None, 'min_samples_leaf': 1, 'min_samples_split': 2, 'n_estimators': 400}	0.5645022350530825	0.5565421245421245	0.5733333333333334	0.5496296296296296	0.6120074613314845	0.5712029567779309	0.021885128347152723	390
30.236882066726686	0.6733156610679875	0.020838499069213867	0.002924852215754337				1	2	500	{'class_weight': None, 'max_depth': None, 'max_features': None, 'min_samples_leaf': 1, 'min_samples_split': 2, 'n_estimators': 500}	0.5506202480992397	0.5775896234912629	0.5878067073824066	0.546031746031746	0.5534782388407559	0.5631053127690822	0.016492533015311703	685
36.49634790420532	0.7276644123631427	0.02606344223022461	0.0019148799324462684				1	2	600	{'class_weight': None, 'max_depth': None, 'max_features': None, 'min_samples_leaf': 1, 'min_samples_split': 2, 'n_estimators': 600}	0.5596301547914452	0.5775896234912629	0.5925925925925926	0.546031746031746	0.5451923076923078	0.5642072849198708	0.018426515516317594	651
1.5656573295593261	0.08360743613216927	0.002645111083984375	0.0008155066230495533				1	5	25	{'class_weight': None, 'max_depth': None, 'max_features': None, 'min_samples_leaf': 1, 'min_samples_split': 5, 'n_estimators': 25}	0.5506202480992397	0.5168323739752311	0.6163347763347763	0.5785675232367414	0.5452847805788983	0.5615279404449774	0.03368871709865043	750
2.997313690185547	0.09634222953544652	0.0044918060302734375	0.0013726353073323023				1	5	50	{'class_weight': None, 'max_depth': None, 'max_features': None, 'min_samples_leaf': 1, 'min_samples_split': 5, 'n_estimators': 50}	0.5541223803518884	0.4685156113727542	0.623308237573196	0.5785675232367414	0.5083287771095316	0.5465685059288223	0.053897153448166486	1482
5.899291181564331	0.12149864051116732	0.00489959716796875	0.0006685218967378775				1	5	100	{'class_weight': None, 'max_depth': None, 'max_features': None, 'min_samples_leaf': 1, 'min_samples_split': 5, 'n_estimators': 100}	0.5596301547914452	0.5003422606314708	0.5507246376811594	0.5507246376811594	0.5674392312040701	0.5457721843978611	0.023556043051405916	1530
9.039618349075317	0.23514053591099043	0.007766294479370117	0.0016210970206781544				1	5	150	{'class_weight': None, 'max_depth': None, 'max_features': None, 'min_samples_leaf': 1, 'min_samples_split': 5, 'n_estimators': 150}	0.5306551372125142	0.5541223803518884	0.5872408293460926	0.5872408293460926	0.5369121312666105	0.5592342615046397	0.02412430665160742	867
12.332155895233154	0.3270973093400265	0.009291553497314453	0.00399772234578335				1	5	200	{'class_weight': None, 'max_depth': None, 'max_features': None, 'min_samples_leaf': 1, 'min_samples_split': 5, 'n_estimators': 200}	0.5596301547914452	0.5541223803518884	0.5872408293460926	0.5551546078610048	0.536	0.5584295944700861	0.016516010044849278	898
18.388796091079712	0.32032187676973883	0.015647029876708983	0.0035235465464980267				1	5	300	{'class_weight': None, 'max_depth': None, 'max_features': None, 'min_samples_leaf': 1, 'min_samples_split': 5, 'n_estimators': 300}	0.5645022350530825	0.5168323739752311	0.5551546078610048	0.5643097643097642	0.5451923076923078	0.5491982577782781	0.017672835238469818	1362
24.86666593551636	0.581564865850992	0.020038843154907227	0.0032716914716500595				1	5	400	{'class_weight': None, 'max_depth': None, 'max_features': None, 'min_samples_leaf': 1, 'min_samples_split': 5, 'n_estimators': 400}	0.5645022350530825	0.5409907552764696	0.5693121693121693	0.5368773946360154	0.6120074613314845	0.5647380031218443	0.026816135246460045	632
31.532167673110962	0.7667963338440218	0.024752187728881835	0.0033305315300230513				1	5	500	{'class_weight': None, 'max_depth': None, 'max_features': None, 'min_samples_leaf': 1, 'min_samples_split': 5, 'n_estimators': 500}	0.5553113553113553	0.545299707743821	0.5925925925925926	0.5600335249042145	0.5279627096316563	0.556239978036728	0.021241748259422925	978
37.03019738197327	0.5741307442122927	0.029762077331542968	0.004439596683737116				1	5	600	{'class_weight': None, 'max_depth': None, 'max_features': None, 'min_samples_leaf': 1, 'min_samples_split': 5, 'n_estimators': 600}	0.5553113553113553	0.545299707743821	0.6198439241917503	0.5368773946360154	0.5102222222222222	0.5535109208210328	0.03639043429380654	1122
1.5877867221832276	0.09138030129334052	0.0021564006805419923	0.00039117491396816536				1	10	25	{'class_weight': None, 'max_depth': None, 'max_features': None, 'min_samples_leaf': 1, 'min_samples_split': 10, 'n_estimators': 25}	0.49866378033293085	0.5717219376841179	0.5907563025210084	0.5674392312040701	0.5785675232367414	0.5614297549957739	0.03235849160327452	760
3.074452590942383	0.1350264368036493	0.00792536735534668	0.008971291135244162				1	10	50	{'class_weight': None, 'max_depth': None, 'max_features': None, 'min_samples_leaf': 1, 'min_samples_split': 10, 'n_estimators': 50}	0.5275751326171494	0.5325714285714286	0.6101718943824207	0.5037037037037037	0.5037037037037037	0.5355451725956811	0.039164449639473145	1955
5.968703317642212	0.1578146300568673	0.005887079238891602	0.0021232016475501293				1	10	100	{'class_weight': None, 'max_depth': None, 'max_features': None, 'min_samples_leaf': 1, 'min_samples_split': 10, 'n_estimators': 100}	0.5415813000558763	0.5479287119999022	0.5737643998513563	0.5276848755109624	0.5346780594854555	0.5451274693807107	0.015836226267243073	1562
9.168003368377686	0.2057002379573663	0.009377241134643555	0.0028373380385192676				1	10	150	{'class_weight': None, 'max_depth': None, 'max_features': None, 'min_samples_leaf': 1, 'min_samples_split': 10, 'n_estimators': 150}	0.5541223803518884	0.5775896234912629	0.5831896551724138	0.5551546078610048	0.49465811965811973	0.5529428773069379	0.03138702159293325	1153
11.976953268051147	0.21937570162776324	0.009416532516479493	0.0016084933948844501				1	10	200	{'class_weight': None, 'max_depth': None, 'max_features': None, 'min_samples_leaf': 1, 'min_samples_split': 10, 'n_estimators': 200}	0.5686176714492661	0.5686176714492661	0.5872408293460926	0.5693121693121693	0.5279627096316563	0.56435021023769	0.019540082557458614	647
18.12187237739563	0.41640771396473714	0.015729236602783202	0.0037641977500035245				1	10	300	{'class_weight': None, 'max_depth': None, 'max_features': None, 'min_samples_leaf': 1, 'min_samples_split': 10, 'n_estimators': 300}	0.5506202480992397	0.5828075150655795	0.5600335249042145	0.5831896551724138	0.5451923076923078	0.5643686501867511	0.01593590881832223	645
24.534298992156984	0.45432162223844214	0.018293190002441406	0.003351062042362232				1	10	400	{'class_weight': None, 'max_depth': None, 'max_features': None, 'min_samples_leaf': 1, 'min_samples_split': 10, 'n_estimators': 400}	0.5736653635813299	0.5775896234912629	0.5642528049471155	0.5693121693121693	0.5619439079549019	0.5693527738573558	0.0057852700471797075	461
31.13153920173645	0.621990239433528	0.025000953674316408	0.004990836631473238				1	10	500	{'class_weight': None, 'max_depth': None, 'max_features': None, 'min_samples_leaf': 1, 'min_samples_split': 10, 'n_estimators': 500}	0.5645022350530825	0.591935635154711	0.5831896551724138	0.5872408293460926	0.5619439079549019	0.5777624525362404	0.012216652416374865	224
37.120014095306395	1.0143297382206493	0.03050694465637207	0.005405014118465877				1	10	600	{'class_weight': None, 'max_depth': None, 'max_features': None, 'min_samples_leaf': 1, 'min_samples_split': 10, 'n_estimators': 600}	0.5645022350530825	0.591935635154711	0.6198439241917503	0.5737643998513563	0.5619439079549019	0.5823980204411604	0.021477109018058858	135
1.5157999515533447	0.12346098141288225	0.002502632141113281	0.0008105289236146912				2	2	25	{'class_weight': None, 'max_depth': None, 'max_features': None, 'min_samples_leaf': 2, 'min_samples_split': 2, 'n_estimators': 25}	0.5071878940731399	0.5250434604765313	0.6288323211439892	0.5642528049471155	0.5600335249042145	0.5570700011089981	0.04177111353144908	944
3.111617183685303	0.03697313372334958	0.0038609981536865236	0.0024053250830846098				2	2	50	{'class_weight': None, 'max_depth': None, 'max_features': None, 'min_samples_leaf': 2, 'min_samples_split': 2, 'n_estimators': 50}	0.5506202480992397	0.4763299692433551	0.623308237573196	0.6113606098176976	0.5137212643678162	0.5550680658202609	0.056133057062581024	1037
6.037978315353394	0.2186923682163664	0.0074351787567138675	0.0017580791743389453				2	2	100	{'class_weight': None, 'max_depth': None, 'max_features': None, 'min_samples_leaf': 2, 'min_samples_split': 2, 'n_estimators': 100}	0.5553113553113553	0.5325714285714286	0.5600335249042145	0.5227513227513227	0.5279132791327914	0.5397161821342225	0.015060984830175752	1812
9.086901378631591	0.14945268213815677	0.00915355682373047	0.0020320972492954333				2	2	150	{'class_weight': None, 'max_depth': None, 'max_features': None, 'min_samples_leaf': 2, 'min_samples_split': 2, 'n_estimators': 150}	0.5506202480992397	0.5686176714492661	0.5737643998513563	0.5551546078610048	0.5449373737373737	0.5586188601996481	0.010886004862785478	885
11.989362668991088	0.20684310138404896	0.009203624725341798	0.0014293506474133601				2	2	200	{'class_weight': None, 'max_depth': None, 'max_features': None, 'min_samples_leaf': 2, 'min_samples_split': 2, 'n_estimators': 200}	0.5645022350530825	0.5955151633683335	0.5872408293460926	0.5925925925925926	0.5102222222222222	0.5700146085164647	0.0318191831030461	428
17.64588074684143	0.3307519855698945	0.012569189071655273	0.0027347026870013537				2	2	300	{'class_weight': None, 'max_depth': None, 'max_features': None, 'min_samples_leaf': 2, 'min_samples_split': 2, 'n_estimators': 300}	0.5553113553113553	0.5565421245421245	0.5968041620215533	0.5831896551724138	0.5704594017094017	0.5724613397513697	0.01586959913133307	346
23.754858446121215	0.6226394342791555	0.01955242156982422	0.004964522108387623				2	2	400	{'class_weight': None, 'max_depth': None, 'max_features': None, 'min_samples_leaf': 2, 'min_samples_split': 2, 'n_estimators': 400}	0.5645022350530825	0.5805128205128205	0.5831896551724138	0.5406989025118244	0.5869756846431933	0.5711758595786669	0.01705594777481757	392
29.609193658828737	0.47465158437623084	0.022862625122070313	0.0030388072023953003				2	2	500	{'class_weight': None, 'max_depth': None, 'max_features': None, 'min_samples_leaf': 2, 'min_samples_split': 2, 'n_estimators': 500}	0.5460860978102358	0.591935635154711	0.5785675232367414	0.5643097643097642	0.5451923076923078	0.5652182656407521	0.01822045402522019	611
35.20180292129517	0.7074063105651723	0.029100418090820312	0.0013325736900196158				2	2	600	{'class_weight': None, 'max_depth': None, 'max_features': None, 'min_samples_leaf': 2, 'min_samples_split': 2, 'n_estimators': 600}	0.5553113553113553	0.5865530363256697	0.5968041620215533	0.5368773946360154	0.5451923076923078	0.5641476511973803	0.02344995116097108	653
1.4874919414520265	0.06046315697817885	0.0024096012115478516	0.0007797661727280122				2	5	25	{'class_weight': None, 'max_depth': None, 'max_features': None, 'min_samples_leaf': 2, 'min_samples_split': 5, 'n_estimators': 25}	0.5364527945173106	0.5168323739752311	0.6036471253862559	0.5785675232367414	0.5878067073824066	0.5646613048995891	0.03265674036062048	638
2.9270301342010496	0.07333300294183133	0.002802610397338867	0.0003804377962970469				2	5	50	{'class_weight': None, 'max_depth': None, 'max_features': None, 'min_samples_leaf': 2, 'min_samples_split': 5, 'n_estimators': 50}	0.5415813000558763	0.5168323739752311	0.6134920634920635	0.5785675232367414	0.49534576973808175	0.5491638060995988	0.042430885495255796	1365
5.745049238204956	0.08089154934746265	0.006365346908569336	0.002180121344317441				2	5	100	{'class_weight': None, 'max_depth': None, 'max_features': None, 'min_samples_leaf': 2, 'min_samples_split': 5, 'n_estimators': 100}	0.5506202480992397	0.5865530363256697	0.6004784337897533	0.5737643998513563	0.5449373737373737	0.5712706983606786	0.021036850008554788	388
8.632085084915161	0.1774190424598993	0.007407045364379883	0.0019850403452895712				2	5	150	{'class_weight': None, 'max_depth': None, 'max_features': None, 'min_samples_leaf': 2, 'min_samples_split': 5, 'n_estimators': 150}	0.5045300171350592	0.5686176714492661	0.5968041620215533	0.5737643998513563	0.5369121312666105	0.5561256763447691	0.032103538961752796	989
11.652103614807128	0.20096537624293584	0.013431930541992187	0.0019599993261700433				2	5	200	{'class_weight': None, 'max_depth': None, 'max_features': None, 'min_samples_leaf': 2, 'min_samples_split': 5, 'n_estimators': 200}	0.5645022350530825	0.5686176714492661	0.5872408293460926	0.5785675232367414	0.5279627096316563	0.5653781937433677	0.020313115067513113	601
17.451323747634888	0.2949717368095921	0.015556240081787109	0.0036701270577601613				2	5	300	{'class_weight': None, 'max_depth': None, 'max_features': None, 'min_samples_leaf': 2, 'min_samples_split': 5, 'n_estimators': 300}	0.5506202480992397	0.5865530363256697	0.5872408293460926	0.5737643998513563	0.5704594017094017	0.573727583066352	0.013354634929220423	315
23.010829591751097	0.5350400425715306	0.017906808853149415	0.0029359753698840856				2	5	400	{'class_weight': None, 'max_depth': None, 'max_features': None, 'min_samples_leaf': 2, 'min_samples_split': 5, 'n_estimators': 400}	0.5914774880292122	0.5805128205128205	0.5831896551724138	0.5693121693121693	0.5869756846431933	0.5822935635339619	0.007466690687170658	139
28.95040817260742	0.4607991184574021	0.023537206649780273	0.004177997290477319				2	5	500	{'class_weight': None, 'max_depth': None, 'max_features': None, 'min_samples_leaf': 2, 'min_samples_split': 5, 'n_estimators': 500}	0.5645022350530825	0.591935635154711	0.5925925925925926	0.5643097643097642	0.5279627096316563	0.5682605873483613	0.023690536215824634	496
34.946485137939455	0.9316340017425975	0.027931594848632814	0.006169724846537414				2	5	600	{'class_weight': None, 'max_depth': None, 'max_features': None, 'min_samples_leaf': 2, 'min_samples_split': 5, 'n_estimators': 600}	0.5828075150655795	0.591935635154711	0.6198439241917503	0.5507246376811594	0.5451923076923078	0.5781008039571016	0.02752623249566615	212
1.4699526309967041	0.08638249230926018	0.0036876678466796877	0.0009097614792602176				2	10	25	{'class_weight': None, 'max_depth': None, 'max_features': None, 'min_samples_leaf': 2, 'min_samples_split': 10, 'n_estimators': 25}	0.5325068094298864	0.5414301947869302	0.5776486300063106	0.5878067073824066	0.5406989025118244	0.5560182488234716	0.02226504418147651	998
2.868270683288574	0.09753983212527939	0.004483604431152343	0.0014619573810542717				2	10	50	{'class_weight': None, 'max_depth': None, 'max_features': None, 'min_samples_leaf': 2, 'min_samples_split': 10, 'n_estimators': 50}	0.5325068094298864	0.5241354863156865	0.623308237573196	0.5733333333333334	0.5914703850260662	0.5689508503356338	0.03692599657957298	472
5.6774739742279055	0.21859123389752688	0.0054951667785644535	0.0007941764541122697				2	10	100	{'class_weight': None, 'max_depth': None, 'max_features': None, 'min_samples_leaf': 2, 'min_samples_split': 10, 'n_estimators': 100}	0.568781792919724	0.5541223803518884	0.6134920634920635	0.5368773946360154	0.5608294930875576	0.5668206248974498	0.025596114837584456	549
8.583593034744263	0.24388308033986242	0.008277273178100586	0.0021755086712619454				2	10	150	{'class_weight': None, 'max_depth': None, 'max_features': None, 'min_samples_leaf': 2, 'min_samples_split': 10, 'n_estimators': 150}	0.5506202480992397	0.5479287119999022	0.6101718943824207	0.5968041620215533	0.5038212815990594	0.5618692596204351	0.038063207461431534	734
11.478196668624879	0.2800063521239276	0.012781381607055664	0.003222243306863297				2	10	200	{'class_weight': None, 'max_depth': None, 'max_features': None, 'min_samples_leaf': 2, 'min_samples_split': 10, 'n_estimators': 200}	0.5364527945173106	0.5596301547914452	0.5776486300063106	0.5643097643097642	0.5024471804225566	0.5480977048094775	0.02641461628844802	1411
17.750122547149658	0.35064363031631673	0.013356876373291016	0.0026857572415237623				2	10	300	{'class_weight': None, 'max_depth': None, 'max_features': None, 'min_samples_leaf': 2, 'min_samples_split': 10, 'n_estimators': 300}	0.5364527945173106	0.5775896234912629	0.5693121693121693	0.5643097643097642	0.5534782388407559	0.5602285180942526	0.014222718251683314	815
24.400879621505737	0.6411830973159905	0.020621538162231445	0.0035800029055259364				2	10	400	{'class_weight': None, 'max_depth': None, 'max_features': None, 'min_samples_leaf': 2, 'min_samples_split': 10, 'n_estimators': 400}	0.5914774880292122	0.5865530363256697	0.5693121693121693	0.5737643998513563	0.5619439079549019	0.5766102002946618	0.010921137306171539	261
31.060545110702513	0.6602701029518474	0.02854948043823242	0.007762211597834501				2	10	500	{'class_weight': None, 'max_depth': None, 'max_features': None, 'min_samples_leaf': 2, 'min_samples_split': 10, 'n_estimators': 500}	0.5828075150655795	0.6010568666306372	0.5968041620215533	0.5872408293460926	0.5619439079549019	0.5859706562037529	0.013666470110703328	73
36.67214903831482	0.7213886343137473	0.025316333770751952	0.006368512402391053				2	10	600	{'class_weight': None, 'max_depth': None, 'max_features': None, 'min_samples_leaf': 2, 'min_samples_split': 10, 'n_estimators': 600}	0.5686176714492661	0.6010568666306372	0.6101718943824207	0.5600335249042145	0.5619439079549019	0.5803647730642881	0.02101099491652296	165
1.4129839420318604	0.03986610845391736	0.002951526641845703	0.001068282365495626				4	2	25	{'class_weight': None, 'max_depth': None, 'max_features': None, 'min_samples_leaf': 4, 'min_samples_split': 2, 'n_estimators': 25}	0.5306551372125142	0.5479287119999022	0.6004784337897533	0.5496296296296296	0.5259259259259259	0.550923567711545	0.02646514522257046	1270
2.8190133571624756	0.11195322142005679	0.0036822795867919923	0.001956379284562363				4	2	50	{'class_weight': None, 'max_depth': None, 'max_features': None, 'min_samples_leaf': 4, 'min_samples_split': 2, 'n_estimators': 50}	0.5415813000558763	0.5250434604765313	0.5937662337662337	0.597037037037037	0.5038212815990594	0.5522498625869476	0.03722588902871897	1176
5.801841688156128	0.1628205008849769	0.007150840759277344	0.0021117338829974713				4	2	100	{'class_weight': None, 'max_depth': None, 'max_features': None, 'min_samples_leaf': 4, 'min_samples_split': 2, 'n_estimators': 100}	0.5594141095763419	0.565149136577708	0.5872408293460926	0.5276848755109624	0.5440445898461165	0.5567067081714443	0.02006755185431371	954
8.154370975494384	0.19187116045122823	0.009212970733642578	0.002013894198118612				4	2	150	{'class_weight': None, 'max_depth': None, 'max_features': None, 'min_samples_leaf': 4, 'min_samples_split': 2, 'n_estimators': 150}	0.5415813000558763	0.565149136577708	0.6134920634920635	0.5406989025118244	0.49193540011424414	0.5505713605503433	0.03946641327575763	1301
10.973011445999145	0.17327444905194891	0.010477018356323243	0.0027724841077023917				4	2	200	{'class_weight': None, 'max_depth': None, 'max_features': None, 'min_samples_leaf': 4, 'min_samples_split': 2, 'n_estimators': 200}	0.5736653635813299	0.5717219376841179	0.6004784337897533	0.5600335249042145	0.4994107744107744	0.5610620068740381	0.03355015849551377	787
16.459472370147704	0.3700542742601287	0.016572189331054688	0.0019306417168226363				4	2	300	{'class_weight': None, 'max_depth': None, 'max_features': None, 'min_samples_leaf': 4, 'min_samples_split': 2, 'n_estimators': 300}	0.5874231700502887	0.6010568666306372	0.5551546078610048	0.5737643998513563	0.5704594017094017	0.5775716892205377	0.015596222973428265	229
21.871560525894164	0.44569626120830774	0.020846033096313478	0.003051413943616652				4	2	400	{'class_weight': None, 'max_depth': None, 'max_features': None, 'min_samples_leaf': 4, 'min_samples_split': 2, 'n_estimators': 400}	0.5781159011928243	0.6193083890525493	0.5831896551724138	0.5600335249042145	0.5534782388407559	0.5788251418325515	0.02303925199528488	192
27.16484627723694	0.6018571568696295	0.025836753845214843	0.0048816577502395495				4	2	500	{'class_weight': None, 'max_depth': None, 'max_features': None, 'min_samples_leaf': 4, 'min_samples_split': 2, 'n_estimators': 500}	0.5781159011928243	0.6101785771070599	0.606345785440613	0.5600335249042145	0.5451923076923078	0.5799732192674039	0.025371750986103364	168
33.09201197624206	0.7508254855438604	0.02655339241027832	0.0056412827052909785				4	2	600	{'class_weight': None, 'max_depth': None, 'max_features': None, 'min_samples_leaf': 4, 'min_samples_split': 2, 'n_estimators': 600}	0.568781792919724	0.6101785771070599	0.6198439241917503	0.5507246376811594	0.5279627096316563	0.57549832830627	0.03489336374982704	278
1.3645678520202638	0.05958792009174391	0.0028023719787597656	0.0012332849003861813				4	5	25	{'class_weight': None, 'max_depth': None, 'max_features': None, 'min_samples_leaf': 4, 'min_samples_split': 5, 'n_estimators': 25}	0.5306551372125142	0.5479287119999022	0.6004784337897533	0.5496296296296296	0.5259259259259259	0.550923567711545	0.02646514522257046	1270
2.774013948440552	0.10788689880638022	0.00411381721496582	0.0028231613298478355				4	5	50	{'class_weight': None, 'max_depth': None, 'max_features': None, 'min_samples_leaf': 4, 'min_samples_split': 5, 'n_estimators': 50}	0.5415813000558763	0.5250434604765313	0.5937662337662337	0.597037037037037	0.5038212815990594	0.5522498625869476	0.03722588902871897	1176
5.3993195533752445	0.1335977198557324	0.007202863693237305	0.0019860050170458837				4	5	100	{'class_weight': None, 'max_depth': None, 'max_features': None, 'min_samples_leaf': 4, 'min_samples_split': 5, 'n_estimators': 100}	0.5594141095763419	0.565149136577708	0.5872408293460926	0.5276848755109624	0.5440445898461165	0.5567067081714443	0.02006755185431371	954
8.522574281692505	0.19104917326942952	0.00837392807006836	0.002843778146695811				4	5	150	{'class_weight': None, 'max_depth': None, 'max_features': None, 'min_samples_leaf': 4, 'min_samples_split': 5, 'n_estimators': 150}	0.5415813000558763	0.565149136577708	0.6134920634920635	0.5406989025118244	0.49193540011424414	0.5505713605503433	0.03946641327575763	1301
11.173942565917969	0.21345652790365957	0.015884208679199218	0.0062454456630036135				4	5	200	{'class_weight': None, 'max_depth': None, 'max_features': None, 'min_samples_leaf': 4, 'min_samples_split': 5, 'n_estimators': 200}	0.5736653635813299	0.5717219376841179	0.6004784337897533	0.5600335249042145	0.4994107744107744	0.5610620068740381	0.03355015849551377	787
17.03022484779358	0.26975622343446454	0.017844676971435547	0.00430161532958388				4	5	300	{'class_weight': None, 'max_depth': None, 'max_features': None, 'min_samples_leaf': 4, 'min_samples_split': 5, 'n_estimators': 300}	0.5874231700502887	0.6010568666306372	0.5551546078610048	0.5737643998513563	0.5704594017094017	0.5775716892205377	0.015596222973428265	229
22.71523160934448	0.4511176424194796	0.01928091049194336	0.003971315621048475				4	5	400	{'class_weight': None, 'max_depth': None, 'max_features': None, 'min_samples_leaf': 4, 'min_samples_split': 5, 'n_estimators': 400}	0.5781159011928243	0.6193083890525493	0.5831896551724138	0.5600335249042145	0.5534782388407559	0.5788251418325515	0.02303925199528488	192
28.108725214004515	0.6560984657125595	0.02745399475097656	0.005540205321186814				4	5	500	{'class_weight': None, 'max_depth': None, 'max_features': None, 'min_samples_leaf': 4, 'min_samples_split': 5, 'n_estimators': 500}	0.5781159011928243	0.6101785771070599	0.606345785440613	0.5600335249042145	0.5451923076923078	0.5799732192674039	0.025371750986103364	168
33.49521126747131	0.744225359664995	0.028745412826538086	0.0027097358148975527				4	5	600	{'class_weight': None, 'max_depth': None, 'max_features': None, 'min_samples_leaf': 4, 'min_samples_split': 5, 'n_estimators': 600}	0.568781792919724	0.6101785771070599	0.6198439241917503	0.5507246376811594	0.5279627096316563	0.57549832830627	0.03489336374982704	278
1.3774644374847411	0.08358983448134322	0.0022307395935058593	0.0008878237002964033				4	10	25	{'class_weight': None, 'max_depth': None, 'max_features': None, 'min_samples_leaf': 4, 'min_samples_split': 10, 'n_estimators': 25}	0.5219817440383759	0.5479287119999022	0.5907563025210084	0.601980438612478	0.5193769235600779	0.5564048241463685	0.03430748910531275	973
2.809745740890503	0.12647225904884907	0.002921390533447266	0.0006568724509779544				4	10	50	{'class_weight': None, 'max_depth': None, 'max_features': None, 'min_samples_leaf': 4, 'min_samples_split': 10, 'n_estimators': 50}	0.5325068094298864	0.5325714285714286	0.6004784337897533	0.5878067073824066	0.49465811965811973	0.5496042997663189	0.03911298261633564	1346
5.466220569610596	0.12216736845277856	0.006476974487304688	0.0026048262686948183				4	10	100	{'class_weight': None, 'max_depth': None, 'max_features': None, 'min_samples_leaf': 4, 'min_samples_split': 10, 'n_estimators': 100}	0.5186603650586702	0.5332404863654864	0.6004784337897533	0.5548188262228679	0.536	0.5486396222873556	0.028358752588746483	1388
8.206799983978271	0.07602563344896916	0.009615135192871094	0.0037373177420420714				4	10	150	{'class_weight': None, 'max_depth': None, 'max_features': None, 'min_samples_leaf': 4, 'min_samples_split': 10, 'n_estimators': 150}	0.5553113553113553	0.565149136577708	0.623308237573196	0.5831896551724138	0.5024471804225566	0.5658811130114458	0.03932830949379513	578
11.053302717208862	0.17958837812006326	0.010986232757568359	0.0037055157510340513				4	10	200	{'class_weight': None, 'max_depth': None, 'max_features': None, 'min_samples_leaf': 4, 'min_samples_split': 10, 'n_estimators': 200}	0.5415813000558763	0.5805128205128205	0.623308237573196	0.5600335249042145	0.5179899949801804	0.5646851756052575	0.035841441240751025	635
16.668072271347047	0.3195514525723283	0.012137317657470703	0.0012900034688426607				4	10	300	{'class_weight': None, 'max_depth': None, 'max_features': None, 'min_samples_leaf': 4, 'min_samples_split': 10, 'n_estimators': 300}	0.5736653635813299	0.6010568666306372	0.6101718943824207	0.5872408293460926	0.5704594017094017	0.5885188711299765	0.015326181913296006	53
22.56590919494629	0.4986301594452812	0.020380020141601562	0.004040790270348862				4	10	400	{'class_weight': None, 'max_depth': None, 'max_features': None, 'min_samples_leaf': 4, 'min_samples_split': 10, 'n_estimators': 400}	0.5553113553113553	0.5893075178789464	0.5831896551724138	0.5600335249042145	0.5619439079549019	0.5699571922443664	0.013614151573686555	430
27.901583623886108	0.7633699262833474	0.025141191482543946	0.004873151533574086				4	10	500	{'class_weight': None, 'max_depth': None, 'max_features': None, 'min_samples_leaf': 4, 'min_samples_split': 10, 'n_estimators': 500}	0.5460860978102358	0.643101614736765	0.5831896551724138	0.5600335249042145	0.5279627096316563	0.572074720451057	0.03983623948423946	360
33.48663153648376	0.8678195789589248	0.03208489418029785	0.003792680362260147				4	10	600	{'class_weight': None, 'max_depth': None, 'max_features': None, 'min_samples_leaf': 4, 'min_samples_split': 10, 'n_estimators': 600}	0.5781159011928243	0.6101785771070599	0.6331029594187488	0.5507246376811594	0.5451923076923078	0.58346287661842	0.033890663474961995	108
0.06399297714233398	0.008489436506682657	0.0030759334564208984	0.0009579193717272581		5	sqrt	1	2	25	{'class_weight': None, 'max_depth': 5, 'max_features': 'sqrt', 'min_samples_leaf': 1, 'min_samples_split': 2, 'n_estimators': 25}	0.4837206509337657	0.5479287119999022	0.5317416924852683	0.5259259259259259	0.4802218311736789	0.5139077625037082	0.027077348429122485	2338
0.13128314018249512	0.01255245416959327	0.003002643585205078	0.0006547638698952598		5	sqrt	1	2	50	{'class_weight': None, 'max_depth': 5, 'max_features': 'sqrt', 'min_samples_leaf': 1, 'min_samples_split': 2, 'n_estimators': 50}	0.4837206509337657	0.5006867148599432	0.5120327700972862	0.4868485778900279	0.4588911893259719	0.488435980621399	0.017913893139894332	2428
0.23574819564819335	0.015103388391539223	0.00556797981262207	0.0014610160376987483		5	sqrt	1	2	100	{'class_weight': None, 'max_depth': 5, 'max_features': 'sqrt', 'min_samples_leaf': 1, 'min_samples_split': 2, 'n_estimators': 100}	0.484107905982906	0.5332404863654864	0.5608294930875576	0.5118803545783192	0.4739156268568033	0.5127947733742145	0.03181421705478238	2347
0.34890356063842776	0.03766448605178543	0.00641927719116211	0.0014240194557965575		5	sqrt	1	2	150	{'class_weight': None, 'max_depth': 5, 'max_features': 'sqrt', 'min_samples_leaf': 1, 'min_samples_split': 2, 'n_estimators': 150}	0.4763299692433551	0.5578067765567766	0.5449373737373737	0.5120327700972862	0.46037926310476607	0.5102972305479115	0.03769797579146472	2360
0.5005727291107178	0.014298122569856497	0.008907127380371093	0.0017041149320234236		5	sqrt	1	2	200	{'class_weight': None, 'max_depth': 5, 'max_features': 'sqrt', 'min_samples_leaf': 1, 'min_samples_split': 2, 'n_estimators': 200}	0.4595416157916158	0.5245984784446323	0.5451923076923078	0.4868485778900279	0.4671604938271606	0.4966682947291489	0.03310650219588903	2417
0.7490010738372803	0.04874221738436239	0.0127716064453125	0.0014472193928861184		5	sqrt	1	2	300	{'class_weight': None, 'max_depth': 5, 'max_features': 'sqrt', 'min_samples_leaf': 1, 'min_samples_split': 2, 'n_estimators': 300}	0.49267399267399264	0.5149716949716949	0.536431131592422	0.4868485778900279	0.5016042780748663	0.5065059350406007	0.01771410195671308	2381
1.0059477806091308	0.06544861099232008	0.018758630752563475	0.004805549343630595		5	sqrt	1	2	400	{'class_weight': None, 'max_depth': 5, 'max_features': 'sqrt', 'min_samples_leaf': 1, 'min_samples_split': 2, 'n_estimators': 400}	0.5006867148599432	0.4968543808500844	0.5286302175191064	0.5038212815990594	0.5016042780748663	0.5063193745806119	0.011380327570653815	2384
1.2742819309234619	0.028213736017183886	0.03280372619628906	0.011036662360385524		5	sqrt	1	2	500	{'class_weight': None, 'max_depth': 5, 'max_features': 'sqrt', 'min_samples_leaf': 1, 'min_samples_split': 2, 'n_estimators': 500}	0.5086741961741962	0.4968543808500844	0.5521228545618789	0.4868485778900279	0.48736029994952773	0.506372061885143	0.024214188503122083	2383
1.556450605392456	0.08633411347413307	0.0276461124420166	0.004582672963266794		5	sqrt	1	2	600	{'class_weight': None, 'max_depth': 5, 'max_features': 'sqrt', 'min_samples_leaf': 1, 'min_samples_split': 2, 'n_estimators': 600}	0.5086741961741962	0.4968543808500844	0.5608294930875576	0.5038212815990594	0.48736029994952773	0.5115079303320851	0.02568098805022336	2356
0.06465954780578613	0.0053118547114603815	0.0027704715728759767	0.0007308318934024601		5	sqrt	1	5	25	{'class_weight': None, 'max_depth': 5, 'max_features': 'sqrt', 'min_samples_leaf': 1, 'min_samples_split': 5, 'n_estimators': 25}	0.45275580926303943	0.5479287119999022	0.5317416924852683	0.510815395869325	0.42691124975559464	0.49403057187462585	0.046513391348231015	2422
0.12233219146728516	0.006237647507590169	0.0054013729095458984	0.002057401556543827		5	sqrt	1	5	50	{'class_weight': None, 'max_depth': 5, 'max_features': 'sqrt', 'min_samples_leaf': 1, 'min_samples_split': 5, 'n_estimators': 50}	0.4366886446886447	0.47455621301775147	0.5733333333333334	0.5203393939393939	0.4525773779211226	0.49149899258004925	0.04966840480632347	2426
0.2576805591583252	0.013792102796521937	0.005609750747680664	0.002308466180752973		5	sqrt	1	5	100	{'class_weight': None, 'max_depth': 5, 'max_features': 'sqrt', 'min_samples_leaf': 1, 'min_samples_split': 5, 'n_estimators': 100}	0.4595416157916158	0.5332404863654864	0.5914703850260662	0.46939102564102564	0.48736029994952773	0.5082007625547443	0.0487217629394953	2373
0.36617321968078614	0.007620352341987166	0.008243799209594727	0.0016850385447617123		5	sqrt	1	5	150	{'class_weight': None, 'max_depth': 5, 'max_features': 'sqrt', 'min_samples_leaf': 1, 'min_samples_split': 5, 'n_estimators': 150}	0.4595416157916158	0.5414301947869302	0.6005420054200542	0.4790123456790123	0.48736029994952773	0.513577292325428	0.05126512667210521	2340
0.5115990161895752	0.037304617628738365	0.01010441780090332	0.0016243843255731973		5	sqrt	1	5	200	{'class_weight': None, 'max_depth': 5, 'max_features': 'sqrt', 'min_samples_leaf': 1, 'min_samples_split': 5, 'n_estimators': 200}	0.44953508030431105	0.5414301947869302	0.5449373737373737	0.47114343434343436	0.49448559670781894	0.5003063359759736	0.03780258598270055	2410
0.7626424312591553	0.027630812003310433	0.013877439498901366	0.002213635799578076		5	sqrt	1	5	300	{'class_weight': None, 'max_depth': 5, 'max_features': 'sqrt', 'min_samples_leaf': 1, 'min_samples_split': 5, 'n_estimators': 300}	0.484107905982906	0.4894438894438895	0.5521228545618789	0.4790123456790123	0.5068771218827209	0.5023128235100816	0.02661508131245482	2399
1.0152660846710204	0.02338195184108268	0.02776470184326172	0.00949981120536778		5	sqrt	1	5	400	{'class_weight': None, 'max_depth': 5, 'max_features': 'sqrt', 'min_samples_leaf': 1, 'min_samples_split': 5, 'n_estimators': 400}	0.484107905982906	0.47815865726313495	0.5286302175191064	0.49574141414141415	0.5257575757575758	0.5024791541328275	0.020976889647129942	2397
1.2312324523925782	0.013035041575487977	0.027840948104858397	0.002064989989818711		5	sqrt	1	5	500	{'class_weight': None, 'max_depth': 5, 'max_features': 'sqrt', 'min_samples_leaf': 1, 'min_samples_split': 5, 'n_estimators': 500}	0.4918550807098416	0.5245984784446323	0.5521228545618789	0.5038212815990594	0.49448559670781894	0.5133766584046462	0.022532433095731948	2342
1.5313180923461913	0.06548005050665436	0.03159170150756836	0.004129701931664936		5	sqrt	1	5	600	{'class_weight': None, 'max_depth': 5, 'max_features': 'sqrt', 'min_samples_leaf': 1, 'min_samples_split': 5, 'n_estimators': 600}	0.47455621301775147	0.5245984784446323	0.5521228545618789	0.5038212815990594	0.5143413367942894	0.5138880328835222	0.02539744968576738	2339
0.062424421310424805	0.0051388127266759785	0.003045177459716797	0.0011877386546724983		5	sqrt	1	10	25	{'class_weight': None, 'max_depth': 5, 'max_features': 'sqrt', 'min_samples_leaf': 1, 'min_samples_split': 10, 'n_estimators': 25}	0.5071878940731399	0.49957734573119195	0.5368773946360154	0.5171450000765334	0.5789937680498556	0.5279562805133471	0.028418251215062328	2149
0.129119873046875	0.010335834593743563	0.0031692028045654298	0.0009824868637354548		5	sqrt	1	10	50	{'class_weight': None, 'max_depth': 5, 'max_features': 'sqrt', 'min_samples_leaf': 1, 'min_samples_split': 10, 'n_estimators': 50}	0.4443572300715158	0.47815865726313495	0.5831896551724138	0.5193769235600779	0.5601877033008051	0.5170540338735895	0.05106369603551962	2309
0.26398639678955077	0.008600460576389518	0.007050848007202149	0.003815776477384684		5	sqrt	1	10	100	{'class_weight': None, 'max_depth': 5, 'max_features': 'sqrt', 'min_samples_leaf': 1, 'min_samples_split': 10, 'n_estimators': 100}	0.5003422606314708	0.4968543808500844	0.558540723101586	0.5259259259259259	0.5257575757575758	0.5214841732533286	0.02220264022841154	2258
0.3625298500061035	0.011887587306052813	0.0078087329864501955	0.0024927921614548232		5	sqrt	1	10	150	{'class_weight': None, 'max_depth': 5, 'max_features': 'sqrt', 'min_samples_leaf': 1, 'min_samples_split': 10, 'n_estimators': 150}	0.5086007326007326	0.4894438894438895	0.5785675232367414	0.5037037037037037	0.5700991847120528	0.530083006739424	0.03677209927348781	2105
0.4788977146148682	0.014726781780787391	0.010213518142700195	0.002535745623043827		5	sqrt	1	10	200	{'class_weight': None, 'max_depth': 5, 'max_features': 'sqrt', 'min_samples_leaf': 1, 'min_samples_split': 10, 'n_estimators': 200}	0.5409907552764696	0.47105204140649903	0.6155015388480624	0.5120327700972862	0.5179899949801804	0.5315134201216994	0.04766923753932782	2069
0.7915750026702881	0.03736742143605292	0.013363790512084962	0.0018882731801321407		5	sqrt	1	10	300	{'class_weight': None, 'max_depth': 5, 'max_features': 'sqrt', 'min_samples_leaf': 1, 'min_samples_split': 10, 'n_estimators': 300}	0.5250434604765313	0.4588435992691312	0.5608294930875576	0.5037037037037037	0.4994107744107744	0.5095662061895396	0.03339986397177256	2369
0.9927515029907227	0.022351641579772104	0.019863128662109375	0.002121255656440547		5	sqrt	1	10	400	{'class_weight': None, 'max_depth': 5, 'max_features': 'sqrt', 'min_samples_leaf': 1, 'min_samples_split': 10, 'n_estimators': 400}	0.5565421245421245	0.47105204140649903	0.5914703850260662	0.5120327700972862	0.536	0.5334194642143951	0.040640649860977617	2024
1.267207431793213	0.040842419036196516	0.02825155258178711	0.001781119648064259		5	sqrt	1	10	500	{'class_weight': None, 'max_depth': 5, 'max_features': 'sqrt', 'min_samples_leaf': 1, 'min_samples_split': 10, 'n_estimators': 500}	0.5409907552764696	0.4894438894438895	0.5608294930875576	0.5120327700972862	0.48736029994952773	0.5181314415709461	0.028819106245247608	2295
1.5268511772155762	0.035997880067464766	0.025327014923095702	0.00555341896411648		5	sqrt	1	10	600	{'class_weight': None, 'max_depth': 5, 'max_features': 'sqrt', 'min_samples_leaf': 1, 'min_samples_split': 10, 'n_estimators': 600}	0.5565421245421245	0.5149716949716949	0.5763324299909666	0.5120327700972862	0.4802218311736789	0.5280201701551502	0.03422898539865637	2142
0.06477546691894531	0.006523666143882999	0.0030228137969970704	0.0016407653888204374		5	sqrt	2	2	25	{'class_weight': None, 'max_depth': 5, 'max_features': 'sqrt', 'min_samples_leaf': 2, 'min_samples_split': 2, 'n_estimators': 25}	0.45275580926303943	0.5364527945173106	0.5551546078610048	0.5643097643097642	0.4802218311736789	0.5177789614249596	0.043701979258980186	2303
0.13523640632629394	0.008761361994933634	0.004001760482788086	0.0019217198682347236		5	sqrt	2	2	50	{'class_weight': None, 'max_depth': 5, 'max_features': 'sqrt', 'min_samples_leaf': 2, 'min_samples_split': 2, 'n_estimators': 50}	0.4443572300715158	0.47455621301775147	0.5733333333333334	0.46309006863706403	0.44622697563874036	0.48031276413968105	0.047827245001492956	2430
0.25026416778564453	0.005670089637837472	0.00574951171875	0.0016100499281241807		5	sqrt	2	2	100	{'class_weight': None, 'max_depth': 5, 'max_features': 'sqrt', 'min_samples_leaf': 2, 'min_samples_split': 2, 'n_estimators': 100}	0.4763299692433551	0.46391608391608385	0.546031746031746	0.5120327700972862	0.48736029994952773	0.49713417384759984	0.029136663414344233	2415
0.37574338912963867	0.0295365450696005	0.009609031677246093	0.0007539228020358747		5	sqrt	2	2	150	{'class_weight': None, 'max_depth': 5, 'max_features': 'sqrt', 'min_samples_leaf': 2, 'min_samples_split': 2, 'n_estimators': 150}	0.5156764139814987	0.49957734573119195	0.558540723101586	0.4876344086021505	0.4245044229427187	0.4971866628718292	0.04355653918771229	2414
0.49747190475463865	0.04831512193692822	0.009044408798217773	0.0015712702772073608		5	sqrt	2	2	200	{'class_weight': None, 'max_depth': 5, 'max_features': 'sqrt', 'min_samples_leaf': 2, 'min_samples_split': 2, 'n_estimators': 200}	0.49267399267399264	0.5072807749053819	0.5674392312040701	0.47114343434343436	0.44622697563874036	0.49695288175312385	0.04082289762953056	2416
0.7642906665802002	0.018196104783432004	0.01888737678527832	0.00439351584776384		5	sqrt	2	2	300	{'class_weight': None, 'max_depth': 5, 'max_features': 'sqrt', 'min_samples_leaf': 2, 'min_samples_split': 2, 'n_estimators': 300}	0.5003422606314708	0.4894438894438895	0.558540723101586	0.4876344086021505	0.4671604938271606	0.5006243551212515	0.030880274588729318	2408
0.9916120052337647	0.016656970799645985	0.015679597854614258	0.0032571181842045503		5	sqrt	2	2	400	{'class_weight': None, 'max_depth': 5, 'max_features': 'sqrt', 'min_samples_leaf': 2, 'min_samples_split': 2, 'n_estimators': 400}	0.5168323739752311	0.4968543808500844	0.536431131592422	0.49574141414141415	0.5016042780748663	0.5094927157268035	0.015431150863688955	2370
1.233923864364624	0.03241079725027391	0.024328899383544923	0.0014663436563089089		5	sqrt	2	2	500	{'class_weight': None, 'max_depth': 5, 'max_features': 'sqrt', 'min_samples_leaf': 2, 'min_samples_split': 2, 'n_estimators': 500}	0.5086741961741962	0.5042507243999781	0.5521228545618789	0.5203393939393939	0.48065033289952663	0.5132075003949946	0.023349571876905385	2343
1.4816614151000977	0.0627076020418434	0.025853347778320313	0.004646273178432998		5	sqrt	2	2	600	{'class_weight': None, 'max_depth': 5, 'max_features': 'sqrt', 'min_samples_leaf': 2, 'min_samples_split': 2, 'n_estimators': 600}	0.5168323739752311	0.5226567202936698	0.5521228545618789	0.5038212815990594	0.48065033289952663	0.5152167126658732	0.023429544784165722	2329
0.06338376998901367	0.005039191116027645	0.002114391326904297	0.0007494811504815923		5	sqrt	2	5	25	{'class_weight': None, 'max_depth': 5, 'max_features': 'sqrt', 'min_samples_leaf': 2, 'min_samples_split': 5, 'n_estimators': 25}	0.45275580926303943	0.545299707743821	0.49947089947089945	0.5551546078610048	0.42691124975559464	0.4959184548188718	0.050169827890273105	2420
0.1269345760345459	0.006686334948893228	0.003938436508178711	0.00167758380628205		5	sqrt	2	5	50	{'class_weight': None, 'max_depth': 5, 'max_features': 'sqrt', 'min_samples_leaf': 2, 'min_samples_split': 5, 'n_estimators': 50}	0.4443572300715158	0.4670675236712972	0.5733333333333334	0.5203393939393939	0.4588911893259719	0.4927977340683024	0.04775501169161842	2424
0.24234280586242676	0.008077044909200842	0.0060139656066894535	0.002364513781978733		5	sqrt	2	5	100	{'class_weight': None, 'max_depth': 5, 'max_features': 'sqrt', 'min_samples_leaf': 2, 'min_samples_split': 5, 'n_estimators': 100}	0.4519732236267669	0.4918550807098416	0.5674392312040701	0.5120327700972862	0.48736029994952773	0.5021321211174985	0.03795465909667851	2401
0.35794820785522463	0.018343736186487478	0.009597396850585938	0.00263605233897608		5	sqrt	2	5	150	{'class_weight': None, 'max_depth': 5, 'max_features': 'sqrt', 'min_samples_leaf': 2, 'min_samples_split': 5, 'n_estimators': 150}	0.46065934065934067	0.48201312233642724	0.5824033867177165	0.4790123456790123	0.49448559670781894	0.4997147584200631	0.0427364407777792	2413
0.4904494285583496	0.01455096788647205	0.01117844581604004	0.0024877959181618474		5	sqrt	2	5	200	{'class_weight': None, 'max_depth': 5, 'max_features': 'sqrt', 'min_samples_leaf': 2, 'min_samples_split': 5, 'n_estimators': 200}	0.4763299692433551	0.46391608391608385	0.5608294930875576	0.4868485778900279	0.49448559670781894	0.4964819441689687	0.03377582433721803	2418
0.7311233043670654	0.024575374328837645	0.014761590957641601	0.004872084959229254		5	sqrt	2	5	300	{'class_weight': None, 'max_depth': 5, 'max_features': 'sqrt', 'min_samples_leaf': 2, 'min_samples_split': 5, 'n_estimators': 300}	0.4519732236267669	0.5245984784446323	0.5674392312040701	0.4868485778900279	0.49448559670781894	0.5050690215746632	0.03881906733694945	2389
0.9485957622528076	0.03796609808212129	0.019811677932739257	0.004076643204967726		5	sqrt	2	5	400	{'class_weight': None, 'max_depth': 5, 'max_features': 'sqrt', 'min_samples_leaf': 2, 'min_samples_split': 5, 'n_estimators': 400}	0.4763299692433551	0.5042507243999781	0.5608294930875576	0.5038212815990594	0.5143413367942894	0.5119145610248479	0.02752838010223895	2352
1.2010118961334229	0.020231700744832465	0.022675848007202147	0.004437027170874687		5	sqrt	2	5	500	{'class_weight': None, 'max_depth': 5, 'max_features': 'sqrt', 'min_samples_leaf': 2, 'min_samples_split': 5, 'n_estimators': 500}	0.4763299692433551	0.5149716949716949	0.5521228545618789	0.5038212815990594	0.49448559670781894	0.5083462794167615	0.025290009530403987	2372
1.463131046295166	0.06633935026882211	0.03423638343811035	0.008519700077372445		5	sqrt	2	5	600	{'class_weight': None, 'max_depth': 5, 'max_features': 'sqrt', 'min_samples_leaf': 2, 'min_samples_split': 5, 'n_estimators': 600}	0.5086007326007326	0.5325484274743367	0.5521228545618789	0.5118803545783192	0.5143413367942894	0.5238987412019114	0.016378231350023087	2205
0.06155185699462891	0.006519046155800224	0.0026080131530761717	0.0008674284759447517		5	sqrt	2	10	25	{'class_weight': None, 'max_depth': 5, 'max_features': 'sqrt', 'min_samples_leaf': 2, 'min_samples_split': 10, 'n_estimators': 25}	0.47654903494725526	0.49957734573119195	0.5507246376811594	0.5259259259259259	0.5534782388407559	0.5212510366252576	0.02965521250237875	2259
0.12053861618041992	0.005481481564775525	0.0027730464935302734	0.0007147214483440718		5	sqrt	2	10	50	{'class_weight': None, 'max_depth': 5, 'max_features': 'sqrt', 'min_samples_leaf': 2, 'min_samples_split': 10, 'n_estimators': 50}	0.44479979163732786	0.4968543808500844	0.5693121693121693	0.5346780594854555	0.5521043771043772	0.5195497556778829	0.04442432650173762	2281
0.2430398941040039	0.01107735797986143	0.00586390495300293	0.0020142432002898023		5	sqrt	2	10	100	{'class_weight': None, 'max_depth': 5, 'max_features': 'sqrt', 'min_samples_leaf': 2, 'min_samples_split': 10, 'n_estimators': 100}	0.46065934065934067	0.5116393456818988	0.5693121693121693	0.5120327700972862	0.5617777777777778	0.5230842807056946	0.03945681174372177	2223
0.34915719032287595	0.014208816003842648	0.010027217864990234	0.0038427853478073845		5	sqrt	2	10	150	{'class_weight': None, 'max_depth': 5, 'max_features': 'sqrt', 'min_samples_leaf': 2, 'min_samples_split': 10, 'n_estimators': 150}	0.5003422606314708	0.43886484359630135	0.5642528049471155	0.5203393939393939	0.5789937680498556	0.5205586142328273	0.04981259012555317	2269
0.46485037803649903	0.0209540728499268	0.010354852676391602	0.002804245356694697		5	sqrt	2	10	200	{'class_weight': None, 'max_depth': 5, 'max_features': 'sqrt', 'min_samples_leaf': 2, 'min_samples_split': 10, 'n_estimators': 200}	0.5409907552764696	0.45206659012629163	0.6005420054200542	0.5120327700972862	0.5068771218827209	0.5225018485605645	0.04847053759250788	2230
0.7244494915008545	0.043859858422509015	0.019499874114990233	0.010754850240670088		5	sqrt	2	10	300	{'class_weight': None, 'max_depth': 5, 'max_features': 'sqrt', 'min_samples_leaf': 2, 'min_samples_split': 10, 'n_estimators': 300}	0.5325714285714286	0.45206659012629163	0.5521228545618789	0.49574141414141415	0.5068771218827209	0.5078758818567468	0.03414845382379986	2374
0.9677678108215332	0.017111168209895222	0.017110395431518554	0.0012123549385356814		5	sqrt	2	10	400	{'class_weight': None, 'max_depth': 5, 'max_features': 'sqrt', 'min_samples_leaf': 2, 'min_samples_split': 10, 'n_estimators': 400}	0.5479287119999022	0.47105204140649903	0.5608294930875576	0.5120327700972862	0.5179899949801804	0.521966602314285	0.031276644191540505	2252
1.209947681427002	0.042269527089452655	0.02420835494995117	0.00156347971341065		5	sqrt	2	10	500	{'class_weight': None, 'max_depth': 5, 'max_features': 'sqrt', 'min_samples_leaf': 2, 'min_samples_split': 10, 'n_estimators': 500}	0.539301954762889	0.47105204140649903	0.536431131592422	0.5120327700972862	0.5143413367942894	0.5146318469306771	0.02445347451086304	2333
1.4369091987609863	0.020290135571622202	0.02814202308654785	0.007652080767126095		5	sqrt	2	10	600	{'class_weight': None, 'max_depth': 5, 'max_features': 'sqrt', 'min_samples_leaf': 2, 'min_samples_split': 10, 'n_estimators': 600}	0.5306551372125142	0.4968543808500844	0.5534391534391534	0.5286302175191064	0.4802218311736789	0.5179601440389076	0.026089871312331394	2302
0.0625074863433838	0.00850743257622135	0.002654743194580078	0.001017975027388847		5	sqrt	4	2	25	{'class_weight': None, 'max_depth': 5, 'max_features': 'sqrt', 'min_samples_leaf': 4, 'min_samples_split': 2, 'n_estimators': 25}	0.46065934065934067	0.5805128205128205	0.5163572669451982	0.6349145122529887	0.4802218311736789	0.5345331543088054	0.06469616645862318	2000
0.12485456466674805	0.021714808241142986	0.0039539337158203125	0.0014129104859070935		5	sqrt	4	2	50	{'class_weight': None, 'max_depth': 5, 'max_features': 'sqrt', 'min_samples_leaf': 4, 'min_samples_split': 2, 'n_estimators': 50}	0.484107905982906	0.5910053088640188	0.5319890224394253	0.5763324299909666	0.5257575757575758	0.5418384486069785	0.038198523841512094	1718
0.2352212905883789	0.01135951784569686	0.004017066955566406	0.00014150976407138966		5	sqrt	4	2	100	{'class_weight': None, 'max_depth': 5, 'max_features': 'sqrt', 'min_samples_leaf': 4, 'min_samples_split': 2, 'n_estimators': 100}	0.484107905982906	0.5404995004995006	0.510815395869325	0.5704594017094017	0.5617777777777778	0.5335319963677823	0.03215210162689199	2019
0.36428422927856446	0.010825551612228625	0.008765697479248047	0.0029511392588393607		5	sqrt	4	2	150	{'class_weight': None, 'max_depth': 5, 'max_features': 'sqrt', 'min_samples_leaf': 4, 'min_samples_split': 2, 'n_estimators': 150}	0.5168323739752311	0.4968543808500844	0.5317416924852683	0.5279627096316563	0.5521043771043772	0.5250991068093235	0.018153303862151523	2186
0.4709192752838135	0.01811846869257687	0.007573270797729492	0.0007383407070480542		5	sqrt	4	2	200	{'class_weight': None, 'max_depth': 5, 'max_features': 'sqrt', 'min_samples_leaf': 4, 'min_samples_split': 2, 'n_estimators': 200}	0.5409907552764696	0.5325484274743367	0.5193769235600779	0.49465811965811973	0.5068771218827209	0.518890269570345	0.016773350199742073	2287
0.699801254272461	0.03452259192437211	0.012309122085571288	0.0029429787031969765		5	sqrt	4	2	300	{'class_weight': None, 'max_depth': 5, 'max_features': 'sqrt', 'min_samples_leaf': 4, 'min_samples_split': 2, 'n_estimators': 300}	0.5006867148599432	0.5226567202936698	0.5037037037037037	0.5286302175191064	0.49448559670781894	0.5100325906168484	0.013223839074361709	2367
0.9775189399719239	0.04773214397473924	0.019405031204223634	0.0017427244200385167		5	sqrt	4	2	400	{'class_weight': None, 'max_depth': 5, 'max_features': 'sqrt', 'min_samples_leaf': 4, 'min_samples_split': 2, 'n_estimators': 400}	0.5325714285714286	0.5226567202936698	0.536431131592422	0.5286302175191064	0.5143413367942894	0.5269261669541832	0.007768181830640549	2162
1.1874402999877929	0.055473708127291424	0.02327446937561035	0.003788063765017212		5	sqrt	4	2	500	{'class_weight': None, 'max_depth': 5, 'max_features': 'sqrt', 'min_samples_leaf': 4, 'min_samples_split': 2, 'n_estimators': 500}	0.5241354863156865	0.5149716949716949	0.5279132791327914	0.5286302175191064	0.49448559670781894	0.5180272549294196	0.012735877664095525	2299
1.3960335731506348	0.06160859060266948	0.024765682220458985	0.0038285094587591807		5	sqrt	4	2	600	{'class_weight': None, 'max_depth': 5, 'max_features': 'sqrt', 'min_samples_leaf': 4, 'min_samples_split': 2, 'n_estimators': 600}	0.5325714285714286	0.5149716949716949	0.536431131592422	0.5118803545783192	0.49448559670781894	0.5180680412843366	0.015176019556698268	2297
0.06228055953979492	0.0037592294479473535	0.0026947498321533204	0.0011874819042277359		5	sqrt	4	5	25	{'class_weight': None, 'max_depth': 5, 'max_features': 'sqrt', 'min_samples_leaf': 4, 'min_samples_split': 5, 'n_estimators': 25}	0.46065934065934067	0.5805128205128205	0.5163572669451982	0.6349145122529887	0.4802218311736789	0.5345331543088054	0.06469616645862318	2000
0.11994338035583496	0.006187824558500437	0.004110527038574219	0.0021468442830988527		5	sqrt	4	5	50	{'class_weight': None, 'max_depth': 5, 'max_features': 'sqrt', 'min_samples_leaf': 4, 'min_samples_split': 5, 'n_estimators': 50}	0.484107905982906	0.5910053088640188	0.5319890224394253	0.5763324299909666	0.5257575757575758	0.5418384486069785	0.038198523841512094	1718
0.22904086112976074	0.010417065679694774	0.006490564346313477	0.001687854216053923		5	sqrt	4	5	100	{'class_weight': None, 'max_depth': 5, 'max_features': 'sqrt', 'min_samples_leaf': 4, 'min_samples_split': 5, 'n_estimators': 100}	0.484107905982906	0.5404995004995006	0.510815395869325	0.5704594017094017	0.5617777777777778	0.5335319963677823	0.03215210162689199	2019
0.36167449951171876	0.02146881551113002	0.010045242309570313	0.0018577119549472167		5	sqrt	4	5	150	{'class_weight': None, 'max_depth': 5, 'max_features': 'sqrt', 'min_samples_leaf': 4, 'min_samples_split': 5, 'n_estimators': 150}	0.5168323739752311	0.4968543808500844	0.5317416924852683	0.5279627096316563	0.5521043771043772	0.5250991068093235	0.018153303862151523	2186
0.4875295639038086	0.03129763541215566	0.011867380142211914	0.0036171530244544555		5	sqrt	4	5	200	{'class_weight': None, 'max_depth': 5, 'max_features': 'sqrt', 'min_samples_leaf': 4, 'min_samples_split': 5, 'n_estimators': 200}	0.5409907552764696	0.5325484274743367	0.5193769235600779	0.49465811965811973	0.5068771218827209	0.518890269570345	0.016773350199742073	2287
0.7258907318115234	0.0434355223006469	0.01667194366455078	0.004171269755809007		5	sqrt	4	5	300	{'class_weight': None, 'max_depth': 5, 'max_features': 'sqrt', 'min_samples_leaf': 4, 'min_samples_split': 5, 'n_estimators': 300}	0.5006867148599432	0.5226567202936698	0.5037037037037037	0.5286302175191064	0.49448559670781894	0.5100325906168484	0.013223839074361709	2367
1.0039188861846924	0.048200251474965705	0.02163996696472168	0.0028358411253307523		5	sqrt	4	5	400	{'class_weight': None, 'max_depth': 5, 'max_features': 'sqrt', 'min_samples_leaf': 4, 'min_samples_split': 5, 'n_estimators': 400}	0.5325714285714286	0.5226567202936698	0.536431131592422	0.5286302175191064	0.5143413367942894	0.5269261669541832	0.007768181830640549	2162
1.260140609741211	0.014438360216295616	0.023667097091674805	0.003865428514049114		5	sqrt	4	5	500	{'class_weight': None, 'max_depth': 5, 'max_features': 'sqrt', 'min_samples_leaf': 4, 'min_samples_split': 5, 'n_estimators': 500}	0.5241354863156865	0.5149716949716949	0.5279132791327914	0.5286302175191064	0.49448559670781894	0.5180272549294196	0.012735877664095525	2299
1.5089258193969726	0.08265990893326444	0.028853559494018556	0.00510993555756462		5	sqrt	4	5	600	{'class_weight': None, 'max_depth': 5, 'max_features': 'sqrt', 'min_samples_leaf': 4, 'min_samples_split': 5, 'n_estimators': 600}	0.5325714285714286	0.5149716949716949	0.536431131592422	0.5118803545783192	0.49448559670781894	0.5180680412843366	0.015176019556698268	2297
0.06733713150024415	0.011269030005255934	0.0022650241851806642	0.0011027969706530547		5	sqrt	4	10	25	{'class_weight': None, 'max_depth': 5, 'max_features': 'sqrt', 'min_samples_leaf': 4, 'min_samples_split': 10, 'n_estimators': 25}	0.48463003663003656	0.5494002060931195	0.47707749766573293	0.5785675232367414	0.5068771218827209	0.5193104771016703	0.038878619144141986	2283
0.12660179138183594	0.00754252893960256	0.003838968276977539	0.0016791022206050531		5	sqrt	4	10	50	{'class_weight': None, 'max_depth': 5, 'max_features': 'sqrt', 'min_samples_leaf': 4, 'min_samples_split': 10, 'n_estimators': 50}	0.49267399267399264	0.5332404863654864	0.49056513409961683	0.5496296296296296	0.5521043771043772	0.5236427239746206	0.026946952620368354	2215
0.25367560386657717	0.02029765361391534	0.007769727706909179	0.0019789799960710686		5	sqrt	4	10	100	{'class_weight': None, 'max_depth': 5, 'max_features': 'sqrt', 'min_samples_leaf': 4, 'min_samples_split': 10, 'n_estimators': 100}	0.5086741961741962	0.5578160800432915	0.5171450000765334	0.5279132791327914	0.5617777777777778	0.5346652666409181	0.02144356892469607	1997
0.39304471015930176	0.01028292018993511	0.006150484085083008	0.0007197175731313486		5	sqrt	4	10	150	{'class_weight': None, 'max_depth': 5, 'max_features': 'sqrt', 'min_samples_leaf': 4, 'min_samples_split': 10, 'n_estimators': 150}	0.5006867148599432	0.5166426377483858	0.546031746031746	0.5038212815990594	0.5521043771043772	0.5238573514687023	0.021354029232173118	2209
0.48226065635681153	0.012953664728527997	0.009667396545410156	0.0025556144546137623		5	sqrt	4	10	200	{'class_weight': None, 'max_depth': 5, 'max_features': 'sqrt', 'min_samples_leaf': 4, 'min_samples_split': 10, 'n_estimators': 200}	0.5250434604765313	0.4894438894438895	0.5279132791327914	0.5203393939393939	0.5143413367942894	0.515416271957379	0.013775450745491169	2328
0.7178980827331543	0.011427919020182349	0.017052364349365235	0.0025760580632532546		5	sqrt	4	10	300	{'class_weight': None, 'max_depth': 5, 'max_features': 'sqrt', 'min_samples_leaf': 4, 'min_samples_split': 10, 'n_estimators': 300}	0.5086741961741962	0.5149716949716949	0.5120327700972862	0.5286302175191064	0.49448559670781894	0.5117588950940205	0.010981082055128492	2353
0.9939871788024902	0.014958803260620766	0.01811690330505371	0.003761800525168331		5	sqrt	4	10	400	{'class_weight': None, 'max_depth': 5, 'max_features': 'sqrt', 'min_samples_leaf': 4, 'min_samples_split': 10, 'n_estimators': 400}	0.5250434604765313	0.5496196111580728	0.5286302175191064	0.5449373737373737	0.49448559670781894	0.5285432519197806	0.0194173125360344	2137
1.240358018875122	0.05514740637034631	0.02445640563964844	0.003548448572345872		5	sqrt	4	10	500	{'class_weight': None, 'max_depth': 5, 'max_features': 'sqrt', 'min_samples_leaf': 4, 'min_samples_split': 10, 'n_estimators': 500}	0.5250434604765313	0.5496196111580728	0.536431131592422	0.5286302175191064	0.49448559670781894	0.5268420034907902	0.018243575938310278	2165
1.5594175815582276	0.06225726833627125	0.02797408103942871	0.004787504490734344		5	sqrt	4	10	600	{'class_weight': None, 'max_depth': 5, 'max_features': 'sqrt', 'min_samples_leaf': 4, 'min_samples_split': 10, 'n_estimators': 600}	0.5479287119999022	0.5496196111580728	0.536431131592422	0.5286302175191064	0.49448559670781894	0.5314190537954644	0.020004039024162062	2070
0.038803386688232425	0.005623457298565724	0.0022948265075683595	0.0007187839178818273		5	log2	1	2	25	{'class_weight': None, 'max_depth': 5, 'max_features': 'log2', 'min_samples_leaf': 1, 'min_samples_split': 2, 'n_estimators': 25}	0.5409907552764696	0.5662177518254745	0.5914703850260662	0.5286302175191064	0.5521043771043772	0.5558826973502988	0.021688891925008013	1004
0.06598377227783203	0.003458449446703041	0.002849292755126953	0.000650478286293053		5	log2	1	2	50	{'class_weight': None, 'max_depth': 5, 'max_features': 'log2', 'min_samples_leaf': 1, 'min_samples_split': 2, 'n_estimators': 50}	0.5086007326007326	0.5149716949716949	0.5695353535353536	0.5024471804225566	0.5413223736390511	0.5273754670338777	0.024898738608422056	2158
0.14755616188049317	0.009831570843197456	0.006756019592285156	0.0016929456890257453		5	log2	1	2	100	{'class_weight': None, 'max_depth': 5, 'max_features': 'log2', 'min_samples_leaf': 1, 'min_samples_split': 2, 'n_estimators': 100}	0.4918550807098416	0.48201312233642724	0.5695353535353536	0.5534782388407559	0.5143413367942894	0.5222446264433336	0.034107218626422874	2236
0.21673846244812012	0.024691120091600825	0.008117580413818359	0.0028553916490541035		5	log2	1	2	150	{'class_weight': None, 'max_depth': 5, 'max_features': 'log2', 'min_samples_leaf': 1, 'min_samples_split': 2, 'n_estimators': 150}	0.4670675236712972	0.5325484274743367	0.5451923076923078	0.5257575757575758	0.4994107744107744	0.5139953218012583	0.027823542322455302	2335
0.31662955284118655	0.05959122837068939	0.01076192855834961	0.0028486050822810263		5	log2	1	2	200	{'class_weight': None, 'max_depth': 5, 'max_features': 'log2', 'min_samples_leaf': 1, 'min_samples_split': 2, 'n_estimators': 200}	0.4670675236712972	0.5414301947869302	0.5451923076923078	0.49193540011424414	0.5143413367942894	0.5119933526118137	0.02964747169587262	2351
0.4310789108276367	0.01721639140987245	0.016088294982910156	0.002406028396349629		5	log2	1	2	300	{'class_weight': None, 'max_depth': 5, 'max_features': 'log2', 'min_samples_leaf': 1, 'min_samples_split': 2, 'n_estimators': 300}	0.484107905982906	0.5325484274743367	0.5286302175191064	0.465880805248308	0.5143413367942894	0.5051017386037893	0.02596652786236858	2388
0.5531481742858887	0.0261813243278516	0.01912837028503418	0.003595067666886216		5	log2	1	2	400	{'class_weight': None, 'max_depth': 5, 'max_features': 'log2', 'min_samples_leaf': 1, 'min_samples_split': 2, 'n_estimators': 400}	0.484107905982906	0.485241472475515	0.5534391534391534	0.465880805248308	0.5143413367942894	0.5006021347880344	0.030640158182583966	2409
0.667253065109253	0.029690836013370605	0.023531246185302734	0.008056616652439045		5	log2	1	2	500	{'class_weight': None, 'max_depth': 5, 'max_features': 'log2', 'min_samples_leaf': 1, 'min_samples_split': 2, 'n_estimators': 500}	0.5006867148599432	0.5042507243999781	0.5369121312666105	0.465880805248308	0.5143413367942894	0.5044143425138258	0.02303652301138866	2391
0.8063037872314454	0.011322083955011482	0.030962800979614256	0.001893154584235271		5	log2	1	2	600	{'class_weight': None, 'max_depth': 5, 'max_features': 'log2', 'min_samples_leaf': 1, 'min_samples_split': 2, 'n_estimators': 600}	0.5086741961741962	0.5116393456818988	0.5199252136752136	0.465880805248308	0.49448559670781894	0.5001210314974871	0.01898517863086824	2412
0.035579347610473634	0.003027146052302713	0.0022918224334716798	0.0007040749324898188		5	log2	1	5	25	{'class_weight': None, 'max_depth': 5, 'max_features': 'log2', 'min_samples_leaf': 1, 'min_samples_split': 5, 'n_estimators': 25}	0.5156764139814987	0.4894438894438895	0.6045092972589553	0.5024471804225566	0.5617777777777778	0.5347709117769356	0.04256001792559935	1995
0.06436877250671387	0.0020488235181211427	0.0040852069854736325	0.0015376976230571204		5	log2	1	5	50	{'class_weight': None, 'max_depth': 5, 'max_features': 'log2', 'min_samples_leaf': 1, 'min_samples_split': 5, 'n_estimators': 50}	0.5006867148599432	0.5042507243999781	0.5521228545618789	0.5449373737373737	0.533532412591763	0.5271060160301875	0.021002104325019297	2161
0.13448410034179686	0.009418536659644176	0.005132198333740234	0.0023960977383345613		5	log2	1	5	100	{'class_weight': None, 'max_depth': 5, 'max_features': 'log2', 'min_samples_leaf': 1, 'min_samples_split': 5, 'n_estimators': 100}	0.44227996663275304	0.5116393456818988	0.5704594017094017	0.476931651213457	0.5068771218827209	0.5016374974240463	0.04242084497301836	2405
0.20784215927124022	0.015467446345824294	0.007738637924194336	0.0027679086887459946		5	log2	1	5	150	{'class_weight': None, 'max_depth': 5, 'max_features': 'log2', 'min_samples_leaf': 1, 'min_samples_split': 5, 'n_estimators': 150}	0.4763299692433551	0.5660273060273061	0.4868485778900279	0.48444444444444446	0.5068771218827209	0.5041054838975709	0.03255097701951331	2394
0.25735697746276853	0.027090201488688785	0.011516618728637695	0.0035459328656511835		5	log2	1	5	200	{'class_weight': None, 'max_depth': 5, 'max_features': 'log2', 'min_samples_leaf': 1, 'min_samples_split': 5, 'n_estimators': 200}	0.44953508030431105	0.5404995004995006	0.5118803545783192	0.48444444444444446	0.5143413367942894	0.5001401433241729	0.030905053096348608	2411
0.39783453941345215	0.010740232289715204	0.012967252731323242	0.0035557239436001735		5	log2	1	5	300	{'class_weight': None, 'max_depth': 5, 'max_features': 'log2', 'min_samples_leaf': 1, 'min_samples_split': 5, 'n_estimators': 300}	0.4595416157916158	0.5116393456818988	0.5038212815990594	0.476931651213457	0.5068771218827209	0.4917622032337504	0.020135016548453673	2425
0.5176355838775635	0.031031730301612794	0.01584453582763672	0.0032136453150532884		5	log2	1	5	400	{'class_weight': None, 'max_depth': 5, 'max_features': 'log2', 'min_samples_leaf': 1, 'min_samples_split': 5, 'n_estimators': 400}	0.49267399267399264	0.47229753215154674	0.5199252136752136	0.476931651213457	0.49448559670781894	0.49126279728440575	0.016727074168411536	2427
0.6743197917938233	0.02285348399688414	0.023337364196777344	0.0043850999401960356		5	log2	1	5	500	{'class_weight': None, 'max_depth': 5, 'max_features': 'log2', 'min_samples_leaf': 1, 'min_samples_split': 5, 'n_estimators': 500}	0.5006867148599432	0.45156292982379936	0.5286302175191064	0.5024471804225566	0.48736029994952773	0.49413746851498663	0.02514046551703843	2421
0.7917165279388427	0.013101494222990562	0.03006143569946289	0.0024353659794597283		5	log2	1	5	600	{'class_weight': None, 'max_depth': 5, 'max_features': 'log2', 'min_samples_leaf': 1, 'min_samples_split': 5, 'n_estimators': 600}	0.5086007326007326	0.4923062870633203	0.5286302175191064	0.5024471804225566	0.4739156268568033	0.5011800088925038	0.018068072861126126	2406
0.031244897842407228	0.0040141694548393265	0.0020908832550048826	0.0008563011283875768		5	log2	1	10	25	{'class_weight': None, 'max_depth': 5, 'max_features': 'log2', 'min_samples_leaf': 1, 'min_samples_split': 10, 'n_estimators': 25}	0.5717219376841179	0.5578067765567766	0.5449373737373737	0.4868485778900279	0.5914703850260662	0.5505570101788725	0.03539706815164325	1311
0.0642782211303711	0.008672512365178959	0.003474855422973633	0.001537404723752007		5	log2	1	10	50	{'class_weight': None, 'max_depth': 5, 'max_features': 'log2', 'min_samples_leaf': 1, 'min_samples_split': 10, 'n_estimators': 50}	0.5006867148599432	0.5910053088640188	0.5521228545618789	0.5038212815990594	0.4994107744107744	0.529409386859135	0.03657764068147677	2113
0.1316455841064453	0.016542806353440992	0.007953214645385741	0.004955691907563496		5	log2	1	10	100	{'class_weight': None, 'max_depth': 5, 'max_features': 'log2', 'min_samples_leaf': 1, 'min_samples_split': 10, 'n_estimators': 100}	0.5241354863156865	0.5190270087968298	0.5038212815990594	0.49465811965811973	0.4739156268568033	0.5031115046452997	0.017998188012022326	2396
0.19390420913696288	0.019786159932564083	0.010062503814697265	0.004152865691378144		5	log2	1	10	150	{'class_weight': None, 'max_depth': 5, 'max_features': 'log2', 'min_samples_leaf': 1, 'min_samples_split': 10, 'n_estimators': 150}	0.48463003663003656	0.5380372188882827	0.48444444444444446	0.49465811965811973	0.533532412591763	0.5070604464425293	0.023785499630502586	2380
0.25987682342529295	0.02671368414572142	0.011197376251220702	0.003950367751180867		5	log2	1	10	200	{'class_weight': None, 'max_depth': 5, 'max_features': 'log2', 'min_samples_leaf': 1, 'min_samples_split': 10, 'n_estimators': 200}	0.4763299692433551	0.5380372188882827	0.5024471804225566	0.5118803545783192	0.533532412591763	0.5124454271448553	0.022379505373611358	2349
0.41120662689208987	0.0166772812986987	0.018506717681884766	0.002579913012393089		5	log2	1	10	300	{'class_weight': None, 'max_depth': 5, 'max_features': 'log2', 'min_samples_leaf': 1, 'min_samples_split': 10, 'n_estimators': 300}	0.5086007326007326	0.5264208621872856	0.5369121312666105	0.5118803545783192	0.533532412591763	0.5234692986449422	0.011367195074737836	2217
0.5055674076080322	0.05323567389794826	0.015552568435668945	0.002643976293571664		5	log2	1	10	400	{'class_weight': None, 'max_depth': 5, 'max_features': 'log2', 'min_samples_leaf': 1, 'min_samples_split': 10, 'n_estimators': 400}	0.5241354863156865	0.48565287815747915	0.5279627096316563	0.49465811965811973	0.5143413367942894	0.5093501061114462	0.01653700057423255	2371
0.664655065536499	0.024071377581777	0.023946571350097656	0.003710011569579285		5	log2	1	10	500	{'class_weight': None, 'max_depth': 5, 'max_features': 'log2', 'min_samples_leaf': 1, 'min_samples_split': 10, 'n_estimators': 500}	0.5006867148599432	0.5064066368414194	0.5199252136752136	0.49465811965811973	0.48736029994952773	0.5018073969968447	0.011049841594805576	2402
0.7922595024108887	0.036630077898974135	0.029420137405395508	0.00549452478597388		5	log2	1	10	600	{'class_weight': None, 'max_depth': 5, 'max_features': 'log2', 'min_samples_leaf': 1, 'min_samples_split': 10, 'n_estimators': 600}	0.5168323739752311	0.5264208621872856	0.5279627096316563	0.476931651213457	0.5068771218827209	0.5110049437780702	0.018639761187530635	2358
0.034993743896484374	0.0032204826002713324	0.0026189804077148436	0.0011536047900208022		5	log2	2	2	25	{'class_weight': None, 'max_depth': 5, 'max_features': 'log2', 'min_samples_leaf': 2, 'min_samples_split': 2, 'n_estimators': 25}	0.5168323739752311	0.5662177518254745	0.6187313131313131	0.4868485778900279	0.5413223736390511	0.5459904780922196	0.044877883816582705	1520
0.06899266242980957	0.00817551801485737	0.0031981468200683594	0.00090188737322164		5	log2	2	2	50	{'class_weight': None, 'max_depth': 5, 'max_features': 'log2', 'min_samples_leaf': 2, 'min_samples_split': 2, 'n_estimators': 50}	0.5241354863156865	0.5380372188882827	0.5695353535353536	0.5118803545783192	0.5068771218827209	0.5300931070400726	0.022472112875323892	2104
0.1379108428955078	0.008599413819131365	0.0073207378387451175	0.0024640339982812095		5	log2	2	2	100	{'class_weight': None, 'max_depth': 5, 'max_features': 'log2', 'min_samples_leaf': 2, 'min_samples_split': 2, 'n_estimators': 100}	0.4763299692433551	0.5380372188882827	0.5852278545826933	0.5118803545783192	0.48736029994952773	0.5197671394484356	0.0390335583977361	2277
0.20675277709960938	0.008523306475693843	0.008252525329589843	0.0029899965531225647		5	log2	2	2	150	{'class_weight': None, 'max_depth': 5, 'max_features': 'log2', 'min_samples_leaf': 2, 'min_samples_split': 2, 'n_estimators': 150}	0.48463003663003656	0.5404995004995006	0.5852278545826933	0.5102222222222222	0.48736029994952773	0.521587982776796	0.03761458056164382	2257
0.2601052761077881	0.011803022763144736	0.011064577102661132	0.0032419589472919928		5	log2	2	2	200	{'class_weight': None, 'max_depth': 5, 'max_features': 'log2', 'min_samples_leaf': 2, 'min_samples_split': 2, 'n_estimators': 200}	0.49267399267399264	0.5404995004995006	0.5449373737373737	0.49193540011424414	0.49448559670781894	0.5129063727465859	0.024395989875712062	2346
0.39461870193481446	0.022529195655361253	0.013579845428466797	0.0028199837501974587		5	log2	2	2	300	{'class_weight': None, 'max_depth': 5, 'max_features': 'log2', 'min_samples_leaf': 2, 'min_samples_split': 2, 'n_estimators': 300}	0.5086007326007326	0.5226567202936698	0.5534391534391534	0.48444444444444446	0.5143413367942894	0.516696477514458	0.0223464992281274	2316
0.555484676361084	0.02898463650744653	0.01982417106628418	0.004522701956622241		5	log2	2	2	400	{'class_weight': None, 'max_depth': 5, 'max_features': 'log2', 'min_samples_leaf': 2, 'min_samples_split': 2, 'n_estimators': 400}	0.5006867148599432	0.485241472475515	0.5199252136752136	0.5118803545783192	0.5143413367942894	0.506415018476656	0.01229922198895036	2382
0.6670210361480713	0.012509660864272612	0.023115015029907225	0.006525242504252949		5	log2	2	2	500	{'class_weight': None, 'max_depth': 5, 'max_features': 'log2', 'min_samples_leaf': 2, 'min_samples_split': 2, 'n_estimators': 500}	0.5168323739752311	0.485241472475515	0.5369121312666105	0.5024471804225566	0.49448559670781894	0.5071837509695464	0.018121889132778447	2377
0.8221062183380127	0.03396434070002564	0.029452085494995117	0.006199189609503656		5	log2	2	2	600	{'class_weight': None, 'max_depth': 5, 'max_features': 'log2', 'min_samples_leaf': 2, 'min_samples_split': 2, 'n_estimators': 600}	0.5325714285714286	0.5042507243999781	0.5451923076923078	0.48444444444444446	0.49448559670781894	0.5121889003631955	0.023025415451868442	2350
0.03233938217163086	0.003611603894182765	0.0025760173797607423	0.0011551027036688412		5	log2	2	5	25	{'class_weight': None, 'max_depth': 5, 'max_features': 'log2', 'min_samples_leaf': 2, 'min_samples_split': 5, 'n_estimators': 25}	0.5006867148599432	0.5168323739752311	0.609626216077829	0.4868485778900279	0.5700991847120528	0.5368186135030169	0.04606628212015868	1918
0.07051358222961426	0.005445432474022792	0.003319835662841797	0.001250589976076677		5	log2	2	5	50	{'class_weight': None, 'max_depth': 5, 'max_features': 'log2', 'min_samples_leaf': 2, 'min_samples_split': 5, 'n_estimators': 50}	0.48463003663003656	0.5496196111580728	0.5608294930875576	0.5038212815990594	0.533532412591763	0.5264865670132979	0.02838979584743617	2171
0.12873358726501466	0.009071654138160036	0.005646944046020508	0.0013300728111362906		5	log2	2	5	100	{'class_weight': None, 'max_depth': 5, 'max_features': 'log2', 'min_samples_leaf': 2, 'min_samples_split': 5, 'n_estimators': 100}	0.44227996663275304	0.5116393456818988	0.5869756846431933	0.5024471804225566	0.5068771218827209	0.5100438598526246	0.04600159613032046	2365
0.19217462539672853	0.007692486309957891	0.009522962570190429	0.003171701810089359		5	log2	2	5	150	{'class_weight': None, 'max_depth': 5, 'max_features': 'log2', 'min_samples_leaf': 2, 'min_samples_split': 5, 'n_estimators': 150}	0.4519732236267669	0.5149716949716949	0.5203393939393939	0.49193540011424414	0.48736029994952773	0.49331600252032554	0.024272760543842708	2423
0.258280086517334	0.005663678870021166	0.008159923553466796	0.0013674926819665122		5	log2	2	5	200	{'class_weight': None, 'max_depth': 5, 'max_features': 'log2', 'min_samples_leaf': 2, 'min_samples_split': 5, 'n_estimators': 200}	0.43497532560032565	0.5325484274743367	0.5038212815990594	0.4730639730639731	0.48736029994952773	0.4863538615374445	0.03242356147823131	2429
0.3902434825897217	0.010206764121631023	0.013024568557739258	0.003390191920409831		5	log2	2	5	300	{'class_weight': None, 'max_depth': 5, 'max_features': 'log2', 'min_samples_leaf': 2, 'min_samples_split': 5, 'n_estimators': 300}	0.49267399267399264	0.5226567202936698	0.5199252136752136	0.45866666666666667	0.5143413367942894	0.5016527860207665	0.02393520994329777	2404
0.499216365814209	0.02279391297061672	0.019814252853393555	0.006961048638430552		5	log2	2	5	400	{'class_weight': None, 'max_depth': 5, 'max_features': 'log2', 'min_samples_leaf': 2, 'min_samples_split': 5, 'n_estimators': 400}	0.5086007326007326	0.485241472475515	0.5199252136752136	0.5024471804225566	0.5143413367942894	0.5061111871936614	0.011947639636774528	2386
0.6981802463531495	0.046673115155137515	0.023713970184326173	0.0033235125135336863		5	log2	2	5	500	{'class_weight': None, 'max_depth': 5, 'max_features': 'log2', 'min_samples_leaf': 2, 'min_samples_split': 5, 'n_estimators': 500}	0.5006867148599432	0.47229753215154674	0.5369121312666105	0.48444444444444446	0.48736029994952773	0.4963402245344145	0.022204374706585712	2419
0.7720444202423096	0.027224141764599953	0.027808189392089844	0.001501584779678302		5	log2	2	5	600	{'class_weight': None, 'max_depth': 5, 'max_features': 'log2', 'min_samples_leaf': 2, 'min_samples_split': 5, 'n_estimators': 600}	0.5086007326007326	0.5116393456818988	0.5369121312666105	0.48444444444444446	0.4671604938271606	0.5017514295641694	0.023987594087537117	2403
0.033916139602661134	0.0035521409423545495	0.0017062187194824218	0.00010734001611574425		5	log2	2	10	25	{'class_weight': None, 'max_depth': 5, 'max_features': 'log2', 'min_samples_leaf': 2, 'min_samples_split': 10, 'n_estimators': 25}	0.6152535988601562	0.5578067765567766	0.5608294930875576	0.5102222222222222	0.5369121312666105	0.5562048443986646	0.03463327673728137	982
0.062286376953125	0.0039046352767861895	0.0038564205169677734	0.001729045325526104		5	log2	2	10	50	{'class_weight': None, 'max_depth': 5, 'max_features': 'log2', 'min_samples_leaf': 2, 'min_samples_split': 10, 'n_estimators': 50}	0.5332404863654864	0.5414301947869302	0.5279132791327914	0.5024471804225566	0.49193540011424414	0.5193933081644018	0.01892652414672495	2282
0.12764420509338378	0.005512908005859252	0.006876230239868164	0.0025606567230322536		5	log2	2	10	100	{'class_weight': None, 'max_depth': 5, 'max_features': 'log2', 'min_samples_leaf': 2, 'min_samples_split': 10, 'n_estimators': 100}	0.5086007326007326	0.5190270087968298	0.5118803545783192	0.5038212815990594	0.5068771218827209	0.5100412998915325	0.005194246255640977	2366
0.19632763862609864	0.013502775537070381	0.006100511550903321	0.000872282953707701		5	log2	2	10	150	{'class_weight': None, 'max_depth': 5, 'max_features': 'log2', 'min_samples_leaf': 2, 'min_samples_split': 10, 'n_estimators': 150}	0.5086007326007326	0.5190270087968298	0.5286302175191064	0.5118803545783192	0.4994107744107744	0.5135098175811524	0.009844827845491223	2341
0.2612144947052002	0.02180398483488101	0.00922536849975586	0.0011569172165086603		5	log2	2	10	200	{'class_weight': None, 'max_depth': 5, 'max_features': 'log2', 'min_samples_leaf': 2, 'min_samples_split': 10, 'n_estimators': 200}	0.49267399267399264	0.5380372188882827	0.5199252136752136	0.5118803545783192	0.5179899949801804	0.5161013549591977	0.014601569304577275	2321
0.39130358695983886	0.05478827586167253	0.014895820617675781	0.0020202230432929086		5	log2	2	10	300	{'class_weight': None, 'max_depth': 5, 'max_features': 'log2', 'min_samples_leaf': 2, 'min_samples_split': 10, 'n_estimators': 300}	0.5086007326007326	0.5264208621872856	0.5286302175191064	0.49193540011424414	0.5257575757575758	0.5162689576357888	0.014119628059048215	2318
0.5118112564086914	0.016124145031418912	0.02367100715637207	0.004363110277792959		5	log2	2	10	400	{'class_weight': None, 'max_depth': 5, 'max_features': 'log2', 'min_samples_leaf': 2, 'min_samples_split': 10, 'n_estimators': 400}	0.5086007326007326	0.4923062870633203	0.5199252136752136	0.49193540011424414	0.4994107744107744	0.502435681572857	0.010638629559438674	2398
0.6206191539764404	0.024200527393586715	0.02529463768005371	0.003652751978587099		5	log2	2	10	500	{'class_weight': None, 'max_depth': 5, 'max_features': 'log2', 'min_samples_leaf': 2, 'min_samples_split': 10, 'n_estimators': 500}	0.49267399267399264	0.4993591971694161	0.5199252136752136	0.49193540011424414	0.5068771218827209	0.5021541851031175	0.010394471232592671	2400
0.810180950164795	0.04231396672597112	0.02444615364074707	0.0024913865699158697		5	log2	2	10	600	{'class_weight': None, 'max_depth': 5, 'max_features': 'log2', 'min_samples_leaf': 2, 'min_samples_split': 10, 'n_estimators': 600}	0.5086007326007326	0.5190270087968298	0.5369121312666105	0.49193540011424414	0.5068771218827209	0.5126704789322276	0.014887125273298706	2348
0.033974218368530276	0.005775021198188238	0.0025693893432617186	0.0011276710693248581		5	log2	4	2	25	{'class_weight': None, 'max_depth': 5, 'max_features': 'log2', 'min_samples_leaf': 4, 'min_samples_split': 2, 'n_estimators': 25}	0.5250434604765313	0.5494002060931195	0.5434080773820741	0.536431131592422	0.536	0.5380565751088293	0.008167365067448713	1868
0.07528080940246581	0.004241827599357586	0.0026216030120849608	0.0002950565460251258		5	log2	4	2	50	{'class_weight': None, 'max_depth': 5, 'max_features': 'log2', 'min_samples_leaf': 4, 'min_samples_split': 2, 'n_estimators': 50}	0.5250434604765313	0.5332404863654864	0.5521228545618789	0.5286302175191064	0.5257575757575758	0.5329589189361157	0.010005870187483024	2031
0.12730817794799804	0.009055892641924164	0.006790781021118164	0.0021881966041014333		5	log2	4	2	100	{'class_weight': None, 'max_depth': 5, 'max_features': 'log2', 'min_samples_leaf': 4, 'min_samples_split': 2, 'n_estimators': 100}	0.4918550807098416	0.5190270087968298	0.5369121312666105	0.48444444444444446	0.5257575757575758	0.5115992481950605	0.02011759146984294	2354
0.20478367805480957	0.01534241276677968	0.008059024810791016	0.002579838784536995		5	log2	4	2	150	{'class_weight': None, 'max_depth': 5, 'max_features': 'log2', 'min_samples_leaf': 4, 'min_samples_split': 2, 'n_estimators': 150}	0.4918550807098416	0.5457477305303392	0.5024471804225566	0.48444444444444446	0.5257575757575758	0.5100504023729516	0.022651968255312162	2363
0.26239829063415526	0.02124801376853129	0.010239171981811523	0.0032856960038920545		5	log2	4	2	200	{'class_weight': None, 'max_depth': 5, 'max_features': 'log2', 'min_samples_leaf': 4, 'min_samples_split': 2, 'n_estimators': 200}	0.5006867148599432	0.5457477305303392	0.5199252136752136	0.5024471804225566	0.5257575757575758	0.5189128830491258	0.016560774382598096	2285
0.3855734825134277	0.020570560539513092	0.016542863845825196	0.0019550211045476842		5	log2	4	2	300	{'class_weight': None, 'max_depth': 5, 'max_features': 'log2', 'min_samples_leaf': 4, 'min_samples_split': 2, 'n_estimators': 300}	0.5086007326007326	0.5564348586736647	0.5199252136752136	0.5024471804225566	0.5257575757575758	0.5226331122259487	0.01878314441489815	2228
0.5181485652923584	0.02458105045479715	0.01750941276550293	0.0015573080910410559		5	log2	4	2	400	{'class_weight': None, 'max_depth': 5, 'max_features': 'log2', 'min_samples_leaf': 4, 'min_samples_split': 2, 'n_estimators': 400}	0.5325714285714286	0.5484590597372552	0.5102222222222222	0.5024471804225566	0.5257575757575758	0.5238914933422076	0.01630396508391172	2206
0.6868087768554687	0.03580568854267826	0.02798924446105957	0.011888051394099451		5	log2	4	2	500	{'class_weight': None, 'max_depth': 5, 'max_features': 'log2', 'min_samples_leaf': 4, 'min_samples_split': 2, 'n_estimators': 500}	0.5168323739752311	0.5380372188882827	0.49465811965811973	0.5024471804225566	0.5257575757575758	0.5155464937403532	0.015618377526604542	2326
0.8190802574157715	0.01882613926451267	0.03284144401550293	0.008036693095257116		5	log2	4	2	600	{'class_weight': None, 'max_depth': 5, 'max_features': 'log2', 'min_samples_leaf': 4, 'min_samples_split': 2, 'n_estimators': 600}	0.5168323739752311	0.5190270087968298	0.49465811965811973	0.48444444444444446	0.5068771218827209	0.5043678137514693	0.013174009960356033	2392
0.0458432674407959	0.0069428531188942474	0.002876091003417969	0.0015075376955501713		5	log2	4	5	25	{'class_weight': None, 'max_depth': 5, 'max_features': 'log2', 'min_samples_leaf': 4, 'min_samples_split': 5, 'n_estimators': 25}	0.5250434604765313	0.5494002060931195	0.5434080773820741	0.536431131592422	0.536	0.5380565751088293	0.008167365067448713	1868
0.06306157112121583	0.009955680412917639	0.0030188560485839844	0.0012576609742549895		5	log2	4	5	50	{'class_weight': None, 'max_depth': 5, 'max_features': 'log2', 'min_samples_leaf': 4, 'min_samples_split': 5, 'n_estimators': 50}	0.5250434604765313	0.5332404863654864	0.5521228545618789	0.5286302175191064	0.5257575757575758	0.5329589189361157	0.010005870187483024	2031
0.12794313430786133	0.012628264572737713	0.007962465286254883	0.002391929629430675		5	log2	4	5	100	{'class_weight': None, 'max_depth': 5, 'max_features': 'log2', 'min_samples_leaf': 4, 'min_samples_split': 5, 'n_estimators': 100}	0.4918550807098416	0.5190270087968298	0.5369121312666105	0.48444444444444446	0.5257575757575758	0.5115992481950605	0.02011759146984294	2354
0.19869618415832518	0.014675818577111447	0.01015925407409668	0.003914557370596669		5	log2	4	5	150	{'class_weight': None, 'max_depth': 5, 'max_features': 'log2', 'min_samples_leaf': 4, 'min_samples_split': 5, 'n_estimators': 150}	0.4918550807098416	0.5457477305303392	0.5024471804225566	0.48444444444444446	0.5257575757575758	0.5100504023729516	0.022651968255312162	2363
0.27251176834106444	0.004981679020986755	0.01045985221862793	0.0021559019303623015		5	log2	4	5	200	{'class_weight': None, 'max_depth': 5, 'max_features': 'log2', 'min_samples_leaf': 4, 'min_samples_split': 5, 'n_estimators': 200}	0.5006867148599432	0.5457477305303392	0.5199252136752136	0.5024471804225566	0.5257575757575758	0.5189128830491258	0.016560774382598096	2285
0.41351890563964844	0.007286628209144858	0.015324783325195313	0.0043339116231397405		5	log2	4	5	300	{'class_weight': None, 'max_depth': 5, 'max_features': 'log2', 'min_samples_leaf': 4, 'min_samples_split': 5, 'n_estimators': 300}	0.5086007326007326	0.5564348586736647	0.5199252136752136	0.5024471804225566	0.5257575757575758	0.5226331122259487	0.01878314441489815	2228
0.5443973541259766	0.011989953287410015	0.019352197647094727	0.002443387486802007		5	log2	4	5	400	{'class_weight': None, 'max_depth': 5, 'max_features': 'log2', 'min_samples_leaf': 4, 'min_samples_split': 5, 'n_estimators': 400}	0.5325714285714286	0.5484590597372552	0.5102222222222222	0.5024471804225566	0.5257575757575758	0.5238914933422076	0.01630396508391172	2206
0.6893928050994873	0.04164231410357763	0.02169184684753418	0.002580541645215632		5	log2	4	5	500	{'class_weight': None, 'max_depth': 5, 'max_features': 'log2', 'min_samples_leaf': 4, 'min_samples_split': 5, 'n_estimators': 500}	0.5168323739752311	0.5380372188882827	0.49465811965811973	0.5024471804225566	0.5257575757575758	0.5155464937403532	0.015618377526604542	2326
0.807961368560791	0.04817457293516	0.027367401123046874	0.002497938601004147		5	log2	4	5	600	{'class_weight': None, 'max_depth': 5, 'max_features': 'log2', 'min_samples_leaf': 4, 'min_samples_split': 5, 'n_estimators': 600}	0.5168323739752311	0.5190270087968298	0.49465811965811973	0.48444444444444446	0.5068771218827209	0.5043678137514693	0.013174009960356033	2392
0.03984990119934082	0.0023869595204972396	0.002877616882324219	0.0018683086824026003		5	log2	4	10	25	{'class_weight': None, 'max_depth': 5, 'max_features': 'log2', 'min_samples_leaf': 4, 'min_samples_split': 10, 'n_estimators': 25}	0.5306551372125142	0.5409907552764696	0.5259259259259259	0.5024471804225566	0.536	0.5272037997674933	0.013370775398916098	2160
0.06971745491027832	0.0057145274267552965	0.0036975383758544923	0.0013762137368792755		5	log2	4	10	50	{'class_weight': None, 'max_depth': 5, 'max_features': 'log2', 'min_samples_leaf': 4, 'min_samples_split': 10, 'n_estimators': 50}	0.5250434604765313	0.5332404863654864	0.5674392312040701	0.49465811965811973	0.4730639730639731	0.5186890541536362	0.032520259097206815	2291
0.13135685920715331	0.004662444115043106	0.004389190673828125	0.0005375025244026597		5	log2	4	10	100	{'class_weight': None, 'max_depth': 5, 'max_features': 'log2', 'min_samples_leaf': 4, 'min_samples_split': 10, 'n_estimators': 100}	0.5086007326007326	0.5578160800432915	0.5118803545783192	0.49465811965811973	0.5257575757575758	0.5197425725276077	0.021452072544176918	2278
0.21446652412414552	0.00588745503978016	0.009045648574829101	0.00196746074256966		5	log2	4	10	150	{'class_weight': None, 'max_depth': 5, 'max_features': 'log2', 'min_samples_leaf': 4, 'min_samples_split': 10, 'n_estimators': 150}	0.5086007326007326	0.5380372188882827	0.5199252136752136	0.49465811965811973	0.5179899949801804	0.5158422559605058	0.014248557803583691	2324
0.24666438102722169	0.02625314590525733	0.009421205520629883	0.0024134625797659257		5	log2	4	10	200	{'class_weight': None, 'max_depth': 5, 'max_features': 'log2', 'min_samples_leaf': 4, 'min_samples_split': 10, 'n_estimators': 200}	0.5241354863156865	0.5825269258105078	0.5024471804225566	0.476931651213457	0.5257575757575758	0.5223597639039568	0.03491420940216094	2231
0.3850115776062012	0.014178498500294809	0.011600160598754882	0.0006417016386844905		5	log2	4	10	300	{'class_weight': None, 'max_depth': 5, 'max_features': 'log2', 'min_samples_leaf': 4, 'min_samples_split': 10, 'n_estimators': 300}	0.5086007326007326	0.5116393456818988	0.4868485778900279	0.5024471804225566	0.5068771218827209	0.5032825916955874	0.0087385734407551	2395
0.5358006477355957	0.015553359939465626	0.019922161102294923	0.004483595328801086		5	log2	4	10	400	{'class_weight': None, 'max_depth': 5, 'max_features': 'log2', 'min_samples_leaf': 4, 'min_samples_split': 10, 'n_estimators': 400}	0.5086007326007326	0.4923062870633203	0.5024471804225566	0.48444444444444446	0.5179899949801804	0.5011577279022468	0.011815820501281889	2407
0.623793363571167	0.050384770570974124	0.02709169387817383	0.007999296111501112		5	log2	4	10	500	{'class_weight': None, 'max_depth': 5, 'max_features': 'log2', 'min_samples_leaf': 4, 'min_samples_split': 10, 'n_estimators': 500}	0.5241354863156865	0.5116393456818988	0.5199252136752136	0.48444444444444446	0.5257575757575758	0.5131804131749639	0.015177758515905934	2344
0.7612224578857422	0.03603431653498552	0.028733110427856444	0.002261424726093041		5	log2	4	10	600	{'class_weight': None, 'max_depth': 5, 'max_features': 'log2', 'min_samples_leaf': 4, 'min_samples_split': 10, 'n_estimators': 600}	0.5086007326007326	0.5303427915368214	0.5279627096316563	0.476931651213457	0.5068771218827209	0.5101430013730777	0.019191726687907747	2361
1.093319845199585	0.014058745807286529	0.0031149864196777345	0.001103563793353392		5		1	2	25	{'class_weight': None, 'max_depth': 5, 'max_features': None, 'min_samples_leaf': 1, 'min_samples_split': 2, 'n_estimators': 25}	0.5071878940731399	0.5042507243999781	0.5507246376811594	0.5022222222222222	0.6207407407407407	0.5370252438234482	0.04554480144278806	1907
2.1777380466461183	0.023426246564448316	0.004620409011840821	0.001294853525295047		5		1	2	50	{'class_weight': None, 'max_depth': 5, 'max_features': None, 'min_samples_leaf': 1, 'min_samples_split': 2, 'n_estimators': 50}	0.539301954762889	0.49957734573119195	0.5507246376811594	0.5120327700972862	0.5852278545826933	0.5373729125710439	0.030142040194613213	1897
4.3426833152771	0.08504669369326519	0.0077683448791503905	0.002819358022219597		5		1	2	100	{'class_weight': None, 'max_depth': 5, 'max_features': None, 'min_samples_leaf': 1, 'min_samples_split': 2, 'n_estimators': 100}	0.5275751326171494	0.5166426377483858	0.6101718943824207	0.5824033867177165	0.5789937680498556	0.5631573639031056	0.03538723526698865	682
6.56783504486084	0.08455686955782257	0.00800328254699707	0.004674386302748827		5		1	2	150	{'class_weight': None, 'max_depth': 5, 'max_features': None, 'min_samples_leaf': 1, 'min_samples_split': 2, 'n_estimators': 150}	0.5003422606314708	0.5332404863654864	0.5872408293460926	0.5496296296296296	0.5257575757575758	0.5392421563460511	0.028784815628347827	1827
8.811862707138062	0.08809366754879391	0.009161043167114257	0.002381911181696788		5		1	2	200	{'class_weight': None, 'max_depth': 5, 'max_features': None, 'min_samples_leaf': 1, 'min_samples_split': 2, 'n_estimators': 200}	0.5325714285714286	0.5414301947869302	0.5831896551724138	0.5878067073824066	0.5257575757575758	0.554151112334151	0.02611372613048319	1093
13.286254453659058	0.15104072181931819	0.013371801376342774	0.0040304029102108275		5		1	2	300	{'class_weight': None, 'max_depth': 5, 'max_features': None, 'min_samples_leaf': 1, 'min_samples_split': 2, 'n_estimators': 300}	0.5479287119999022	0.5578067765567766	0.5642528049471155	0.5785675232367414	0.5789937680498556	0.5655099169580783	0.012019424216038596	596
17.690054368972778	0.09861348513936069	0.019064855575561524	0.001959757998156304		5		1	2	400	{'class_weight': None, 'max_depth': 5, 'max_features': None, 'min_samples_leaf': 1, 'min_samples_split': 2, 'n_estimators': 400}	0.5686176714492661	0.5404995004995006	0.5785675232367414	0.5878067073824066	0.5957264957264957	0.5742435796588821	0.0191545520750286	304
22.13337650299072	0.11904076549049439	0.023639631271362305	0.006586978861286336		5		1	2	500	{'class_weight': None, 'max_depth': 5, 'max_features': None, 'min_samples_leaf': 1, 'min_samples_split': 2, 'n_estimators': 500}	0.545299707743821	0.5746407438715131	0.5733333333333334	0.5785675232367414	0.5789937680498556	0.5701670152470528	0.012624602172074352	424
26.564329147338867	0.23456517267211177	0.03161201477050781	0.0041354556529843035		5		1	2	600	{'class_weight': None, 'max_depth': 5, 'max_features': None, 'min_samples_leaf': 1, 'min_samples_split': 2, 'n_estimators': 600}	0.5306551372125142	0.5746407438715131	0.5878067073824066	0.5878067073824066	0.5619439079549019	0.5685706407607485	0.02125275354826899	486
1.0925672054290771	0.010275187700633345	0.002389955520629883	0.0010208442824674558		5		1	5	25	{'class_weight': None, 'max_depth': 5, 'max_features': None, 'min_samples_leaf': 1, 'min_samples_split': 5, 'n_estimators': 25}	0.5071878940731399	0.5042507243999781	0.5643097643097642	0.5346780594854555	0.597037037037037	0.541492695861075	0.035259085587162994	1738
2.2077874183654784	0.0360340916089616	0.004521417617797852	0.002357607822943678		5		1	5	50	{'class_weight': None, 'max_depth': 5, 'max_features': None, 'min_samples_leaf': 1, 'min_samples_split': 5, 'n_estimators': 50}	0.545299707743821	0.49957734573119195	0.5737643998513563	0.5434080773820741	0.5695353535353536	0.5463169768487594	0.02640660407924309	1504
4.4617743492126465	0.05104810176685791	0.005674123764038086	0.0024281814368746755		5		1	5	100	{'class_weight': None, 'max_depth': 5, 'max_features': None, 'min_samples_leaf': 1, 'min_samples_split': 5, 'n_estimators': 100}	0.5364527945173106	0.5332404863654864	0.6101718943824207	0.5693121693121693	0.5534782388407559	0.5605311166836285	0.027984284458170746	808
6.649378252029419	0.07644963116737163	0.010835361480712891	0.00495210373789039		5		1	5	150	{'class_weight': None, 'max_depth': 5, 'max_features': None, 'min_samples_leaf': 1, 'min_samples_split': 5, 'n_estimators': 150}	0.48463003663003656	0.5893075178789464	0.5872408293460926	0.5496296296296296	0.4994107744107744	0.542043757579096	0.04346973750968984	1712
8.903082752227784	0.16565642476475534	0.011681175231933594	0.001606428857049826		5		1	5	200	{'class_weight': None, 'max_depth': 5, 'max_features': None, 'min_samples_leaf': 1, 'min_samples_split': 5, 'n_estimators': 200}	0.5306551372125142	0.5823730667480668	0.5968041620215533	0.5693121693121693	0.4994107744107744	0.5557110619410156	0.03572678893007351	1010
13.280636501312255	0.2556852589293725	0.019132566452026368	0.005345189365802431		5		1	5	300	{'class_weight': None, 'max_depth': 5, 'max_features': None, 'min_samples_leaf': 1, 'min_samples_split': 5, 'n_estimators': 300}	0.5629274955442795	0.565149136577708	0.5642528049471155	0.5831896551724138	0.5789937680498556	0.5709025720582744	0.008454148471534128	402
18.212257671356202	0.23043178769559378	0.02150435447692871	0.003398496044306124		5		1	5	400	{'class_weight': None, 'max_depth': 5, 'max_features': None, 'min_samples_leaf': 1, 'min_samples_split': 5, 'n_estimators': 400}	0.5686176714492661	0.5910053088640188	0.5785675232367414	0.5878067073824066	0.5789937680498556	0.5809981957964577	0.007870215051169341	158
23.199764919281005	0.246661885245422	0.023806047439575196	0.004895208560070823		5		1	5	500	{'class_weight': None, 'max_depth': 5, 'max_features': None, 'min_samples_leaf': 1, 'min_samples_split': 5, 'n_estimators': 500}	0.545299707743821	0.5746407438715131	0.5878067073824066	0.5693121693121693	0.5617777777777778	0.5677674212175375	0.014084571546564817	519
27.752694654464722	0.30468882156809807	0.026755571365356445	0.004247029713111484		5		1	5	600	{'class_weight': None, 'max_depth': 5, 'max_features': None, 'min_samples_leaf': 1, 'min_samples_split': 5, 'n_estimators': 600}	0.545299707743821	0.5910053088640188	0.6158730158730159	0.5878067073824066	0.5619439079549019	0.5803857295636328	0.024488052504421886	164
1.1658636569976806	0.03681388133865575	0.002229452133178711	0.0008674705274517038		5		1	10	25	{'class_weight': None, 'max_depth': 5, 'max_features': None, 'min_samples_leaf': 1, 'min_samples_split': 10, 'n_estimators': 25}	0.49205087320010843	0.485241472475515	0.5737643998513563	0.5346780594854555	0.6158730158730159	0.5403215641770902	0.04944121836231681	1792
2.3068792819976807	0.06221552646464309	0.0029798507690429687	0.0006493826512409415		5		1	10	50	{'class_weight': None, 'max_depth': 5, 'max_features': None, 'min_samples_leaf': 1, 'min_samples_split': 10, 'n_estimators': 50}	0.49866378033293085	0.5072807749053819	0.5872408293460926	0.558540723101586	0.5521228545618789	0.540769792449574	0.033162285259747	1774
4.665003538131714	0.1036680021545659	0.009287500381469726	0.00315212870931569		5		1	10	100	{'class_weight': None, 'max_depth': 5, 'max_features': None, 'min_samples_leaf': 1, 'min_samples_split': 10, 'n_estimators': 100}	0.5306551372125142	0.5245984784446323	0.5831896551724138	0.5434080773820741	0.5369121312666105	0.543752695895649	0.02069113787581607	1634
6.701732444763183	0.10124217433537751	0.006162500381469727	0.0007832171832554457		5		1	10	150	{'class_weight': None, 'max_depth': 5, 'max_features': None, 'min_samples_leaf': 1, 'min_samples_split': 10, 'n_estimators': 150}	0.5156764139814987	0.5414301947869302	0.5737643998513563	0.5346780594854555	0.5102222222222222	0.5351542580654927	0.022500444515582852	1971
8.860222482681275	0.07092348847681841	0.009874773025512696	0.0011545593369220934		5		1	10	200	{'class_weight': None, 'max_depth': 5, 'max_features': None, 'min_samples_leaf': 1, 'min_samples_split': 10, 'n_estimators': 200}	0.5629274955442795	0.5823730667480668	0.6101718943824207	0.546031746031746	0.5102222222222222	0.562345284985747	0.033680204283494546	702
13.267895603179932	0.1458124721637892	0.017336082458496094	0.004967166602975768		5		1	10	300	{'class_weight': None, 'max_depth': 5, 'max_features': None, 'min_samples_leaf': 1, 'min_samples_split': 10, 'n_estimators': 300}	0.5775896234912629	0.5494002060931195	0.5785675232367414	0.5737643998513563	0.5704594017094017	0.5699562308763764	0.010674535358953706	434
17.55452342033386	0.15758604231648574	0.02035942077636719	0.004370795434788633		5		1	10	400	{'class_weight': None, 'max_depth': 5, 'max_features': None, 'min_samples_leaf': 1, 'min_samples_split': 10, 'n_estimators': 400}	0.5686176714492661	0.5662177518254745	0.601980438612478	0.5551546078610048	0.5704594017094017	0.572485974291525	0.01567584807353575	345
21.961799573898315	0.26120989325849014	0.024889564514160155	0.006410114689787206		5		1	10	500	{'class_weight': None, 'max_depth': 5, 'max_features': None, 'min_samples_leaf': 1, 'min_samples_split': 10, 'n_estimators': 500}	0.5686176714492661	0.606939356939357	0.5878067073824066	0.546031746031746	0.5279627096316563	0.5674716382868863	0.02826005543574012	528
26.00988373756409	0.11449223067435722	0.030003833770751952	0.003852712392911695		5		1	10	600	{'class_weight': None, 'max_depth': 5, 'max_features': None, 'min_samples_leaf': 1, 'min_samples_split': 10, 'n_estimators': 600}	0.5541223803518884	0.5823730667480668	0.6158730158730159	0.546031746031746	0.5451923076923078	0.568718503339405	0.02717061942316538	482
1.0946486949920655	0.016956501473925207	0.002665138244628906	0.0008438565188492009		5		2	2	25	{'class_weight': None, 'max_depth': 5, 'max_features': None, 'min_samples_leaf': 2, 'min_samples_split': 2, 'n_estimators': 25}	0.5071878940731399	0.4968543808500844	0.5368773946360154	0.5346780594854555	0.6301287139499774	0.5411452885989345	0.04710176028703638	1757
2.173573541641235	0.04029114200183205	0.0029372215270996095	0.0007410290093116451		5		2	2	50	{'class_weight': None, 'max_depth': 5, 'max_features': None, 'min_samples_leaf': 2, 'min_samples_split': 2, 'n_estimators': 50}	0.5156764139814987	0.49957734573119195	0.5643097643097642	0.5878067073824066	0.5695353535353536	0.5473811169880429	0.033769827938503895	1441
4.33840651512146	0.032150975003198745	0.007624197006225586	0.0020244458546954274		5		2	2	100	{'class_weight': None, 'max_depth': 5, 'max_features': None, 'min_samples_leaf': 2, 'min_samples_split': 2, 'n_estimators': 100}	0.5275751326171494	0.5565421245421245	0.6101718943824207	0.5642528049471155	0.5440445898461165	0.5605173092669853	0.027755616844547772	809
6.409612083435059	0.04578207260617529	0.009702110290527343	0.0014777781805832134		5		2	2	150	{'class_weight': None, 'max_depth': 5, 'max_features': None, 'min_samples_leaf': 2, 'min_samples_split': 2, 'n_estimators': 150}	0.5306551372125142	0.5409907552764696	0.5872408293460926	0.5346780594854555	0.536	0.5459129562641064	0.020926116724206637	1522
8.602176856994628	0.10222140591341845	0.011295461654663086	0.002803994611723292		5		2	2	200	{'class_weight': None, 'max_depth': 5, 'max_features': None, 'min_samples_leaf': 2, 'min_samples_split': 2, 'n_estimators': 200}	0.539301954762889	0.5565421245421245	0.5872408293460926	0.5551546078610048	0.5102222222222222	0.5496923477468665	0.025109740235213274	1341
12.990874671936036	0.11400120920942787	0.013608360290527343	0.0027452220778469653		5		2	2	300	{'class_weight': None, 'max_depth': 5, 'max_features': None, 'min_samples_leaf': 2, 'min_samples_split': 2, 'n_estimators': 300}	0.5479287119999022	0.5494002060931195	0.5733333333333334	0.5785675232367414	0.5704594017094017	0.5639378352744997	0.012747303029641404	663
17.311603307724	0.1753561571339029	0.019554710388183592	0.0043949532989153		5		2	2	400	{'class_weight': None, 'max_depth': 5, 'max_features': None, 'min_samples_leaf': 2, 'min_samples_split': 2, 'n_estimators': 400}	0.591935635154711	0.5496196111580728	0.5785675232367414	0.5878067073824066	0.6045092972589553	0.5824877548381775	0.018429243685069253	134
21.526916790008546	0.15295413882152303	0.02542719841003418	0.005479043418378329		5		2	2	500	{'class_weight': None, 'max_depth': 5, 'max_features': None, 'min_samples_leaf': 2, 'min_samples_split': 2, 'n_estimators': 500}	0.545299707743821	0.5746407438715131	0.5733333333333334	0.5551546078610048	0.5704594017094017	0.5637775589038149	0.011573719402563928	664
26.01122193336487	0.19699757088366665	0.025134754180908204	0.004940917703574412		5		2	2	600	{'class_weight': None, 'max_depth': 5, 'max_features': None, 'min_samples_leaf': 2, 'min_samples_split': 2, 'n_estimators': 600}	0.545299707743821	0.5746407438715131	0.5733333333333334	0.5551546078610048	0.5451923076923078	0.5587241401003961	0.012983329583346028	882
1.0822577476501465	0.051581036346888966	0.002193117141723633	0.0007442293227233619		5		2	5	25	{'class_weight': None, 'max_depth': 5, 'max_features': None, 'min_samples_leaf': 2, 'min_samples_split': 5, 'n_estimators': 25}	0.5071878940731399	0.4968543808500844	0.5507246376811594	0.5434080773820741	0.606266050333847	0.540888208064061	0.03860584528550574	1767
2.1664403915405273	0.026062431661845697	0.004718637466430664	0.0018516181790845941		5		2	5	50	{'class_weight': None, 'max_depth': 5, 'max_features': None, 'min_samples_leaf': 2, 'min_samples_split': 5, 'n_estimators': 50}	0.5071878940731399	0.49957734573119195	0.5831896551724138	0.5733333333333334	0.5534782388407559	0.5433532934301669	0.034095520927590044	1642
4.34046311378479	0.026911452659789885	0.005865907669067383	0.0022185309480642302		5		2	5	100	{'class_weight': None, 'max_depth': 5, 'max_features': None, 'min_samples_leaf': 2, 'min_samples_split': 5, 'n_estimators': 100}	0.5306551372125142	0.565149136577708	0.6101718943824207	0.5406989025118244	0.5102222222222222	0.5513794585813379	0.03430348209269892	1244
6.46694164276123	0.08966807500354065	0.007811450958251953	0.0022165393708095575		5		2	5	150	{'class_weight': None, 'max_depth': 5, 'max_features': None, 'min_samples_leaf': 2, 'min_samples_split': 5, 'n_estimators': 150}	0.48463003663003656	0.565149136577708	0.5872408293460926	0.5496296296296296	0.49193540011424414	0.5357170064595422	0.04059857936466637	1946
8.631399965286255	0.02395501041089254	0.008319664001464843	0.0018586043634899346		5		2	5	200	{'class_weight': None, 'max_depth': 5, 'max_features': None, 'min_samples_leaf': 2, 'min_samples_split': 5, 'n_estimators': 200}	0.5241354863156865	0.5737569517097076	0.5872408293460926	0.5551546078610048	0.49193540011424414	0.5464446550693471	0.03451118817792939	1489
12.975856971740722	0.14828575717012663	0.014344596862792968	0.0032157757761334064		5		2	5	300	{'class_weight': None, 'max_depth': 5, 'max_features': None, 'min_samples_leaf': 2, 'min_samples_split': 5, 'n_estimators': 300}	0.5479287119999022	0.5737569517097076	0.5785675232367414	0.5925925925925926	0.5704594017094017	0.5726610362496691	0.014490614996746297	337
17.224999237060548	0.11829384236923511	0.019845247268676758	0.0018927059365035216		5		2	5	400	{'class_weight': None, 'max_depth': 5, 'max_features': None, 'min_samples_leaf': 2, 'min_samples_split': 5, 'n_estimators': 400}	0.5686176714492661	0.5746407438715131	0.5785675232367414	0.5878067073824066	0.5789937680498556	0.5777252827979564	0.0062676392734506235	226
21.56395239830017	0.15798269954283914	0.020735836029052733	0.004339687271224494		5		2	5	500	{'class_weight': None, 'max_depth': 5, 'max_features': None, 'min_samples_leaf': 2, 'min_samples_split': 5, 'n_estimators': 500}	0.545299707743821	0.5746407438715131	0.5878067073824066	0.5551546078610048	0.5440445898461165	0.5613892713409724	0.01715847028638719	764
25.885649394989013	0.14563161147389697	0.02785954475402832	0.008273589549348091		5		2	5	600	{'class_weight': None, 'max_depth': 5, 'max_features': None, 'min_samples_leaf': 2, 'min_samples_split': 5, 'n_estimators': 600}	0.545299707743821	0.5910053088640188	0.601980438612478	0.5551546078610048	0.5451923076923078	0.5677264741547261	0.024016821431688193	525
1.0595844268798829	0.024280121227832473	0.0018754959106445312	0.00015755154312169825		5		2	10	25	{'class_weight': None, 'max_depth': 5, 'max_features': None, 'min_samples_leaf': 2, 'min_samples_split': 10, 'n_estimators': 25}	0.47654903494725526	0.5226567202936698	0.5737643998513563	0.5259259259259259	0.606345785440613	0.541048373291764	0.04485799012082211	1761
2.1345638275146483	0.034492903876031565	0.0034341812133789062	0.001240820830088548		5		2	10	50	{'class_weight': None, 'max_depth': 5, 'max_features': None, 'min_samples_leaf': 2, 'min_samples_split': 10, 'n_estimators': 50}	0.49866378033293085	0.5166426377483858	0.5776486300063106	0.5824033867177165	0.5521228545618789	0.5454962578734446	0.033062472151589264	1542
4.281314516067505	0.043938175058535624	0.005919408798217773	0.0015119428770684921		5		2	10	100	{'class_weight': None, 'max_depth': 5, 'max_features': None, 'min_samples_leaf': 2, 'min_samples_split': 10, 'n_estimators': 100}	0.545299707743821	0.5578067765567766	0.6101718943824207	0.5551546078610048	0.5038212815990594	0.5544508536286166	0.03395199230179987	1068
6.439136028289795	0.10355156044567453	0.008227396011352538	0.003335637706271382		5		2	10	150	{'class_weight': None, 'max_depth': 5, 'max_features': None, 'min_samples_leaf': 2, 'min_samples_split': 10, 'n_estimators': 150}	0.5156764139814987	0.5332404863654864	0.5737643998513563	0.5642528049471155	0.5024471804225566	0.5378762571136027	0.027397897530570134	1876
8.556807804107667	0.09753966110190448	0.008572816848754883	0.0018490037499888892		5		2	10	200	{'class_weight': None, 'max_depth': 5, 'max_features': None, 'min_samples_leaf': 2, 'min_samples_split': 10, 'n_estimators': 200}	0.5629274955442795	0.5737569517097076	0.6134920634920635	0.5600335249042145	0.5102222222222222	0.5640864515744974	0.03302592211946071	656
12.914217662811279	0.06254465319969096	0.015538215637207031	0.003381590227156558		5		2	10	300	{'class_weight': None, 'max_depth': 5, 'max_features': None, 'min_samples_leaf': 2, 'min_samples_split': 10, 'n_estimators': 300}	0.5629274955442795	0.5578067765567766	0.5693121693121693	0.5737643998513563	0.5704594017094017	0.5668540485947966	0.005728260350571897	548
17.28613395690918	0.09490558275221177	0.01922640800476074	0.004420255921737085		5		2	10	400	{'class_weight': None, 'max_depth': 5, 'max_features': None, 'min_samples_leaf': 2, 'min_samples_split': 10, 'n_estimators': 400}	0.5686176714492661	0.5737569517097076	0.5925925925925926	0.546031746031746	0.5704594017094017	0.5702916726985429	0.014837207566304833	421
21.55820541381836	0.06178659658260424	0.02369403839111328	0.006851636444937127		5		2	10	500	{'class_weight': None, 'max_depth': 5, 'max_features': None, 'min_samples_leaf': 2, 'min_samples_split': 10, 'n_estimators': 500}	0.5828075150655795	0.606939356939357	0.6158730158730159	0.546031746031746	0.536	0.5775303267819397	0.03187422221672857	235
25.96379761695862	0.23661371370154038	0.030757379531860352	0.002442474417477341		5		2	10	600	{'class_weight': None, 'max_depth': 5, 'max_features': None, 'min_samples_leaf': 2, 'min_samples_split': 10, 'n_estimators': 600}	0.5596301547914452	0.5910053088640188	0.6158730158730159	0.546031746031746	0.5279627096316563	0.5681005870383764	0.03154889033615425	506
1.0694267272949218	0.02763879625504313	0.003891611099243164	0.0018423102474406817		5		4	2	25	{'class_weight': None, 'max_depth': 5, 'max_features': None, 'min_samples_leaf': 4, 'min_samples_split': 2, 'n_estimators': 25}	0.5071878940731399	0.5226567202936698	0.6163347763347763	0.5674392312040701	0.5434080773820741	0.551405339857546	0.038258434987829264	1239
2.0798332691192627	0.03642622943137561	0.004557895660400391	0.0017034549713658		5		4	2	50	{'class_weight': None, 'max_depth': 5, 'max_features': None, 'min_samples_leaf': 4, 'min_samples_split': 2, 'n_estimators': 50}	0.5219817440383759	0.5072807749053819	0.6134920634920635	0.5941333333333334	0.5038212815990594	0.5481418394736429	0.04626912216122516	1407
4.183717060089111	0.11987052910526852	0.005974578857421875	0.0022291543126479107		5		4	2	100	{'class_weight': None, 'max_depth': 5, 'max_features': None, 'min_samples_leaf': 4, 'min_samples_split': 2, 'n_estimators': 100}	0.5541223803518884	0.5414301947869302	0.6101718943824207	0.5785675232367414	0.4730639730639731	0.5514711931643907	0.045684846574488694	1232
6.266614723205566	0.0857731214902122	0.010687494277954101	0.0029548034585022242		5		4	2	150	{'class_weight': None, 'max_depth': 5, 'max_features': None, 'min_samples_leaf': 4, 'min_samples_split': 2, 'n_estimators': 150}	0.5241354863156865	0.5746407438715131	0.6362278244631187	0.5737643998513563	0.4994107744107744	0.5616358457824897	0.047240721732321626	746
8.387098217010498	0.07882073884462532	0.011146736145019532	0.004008820047244095		5		4	2	200	{'class_weight': None, 'max_depth': 5, 'max_features': None, 'min_samples_leaf': 4, 'min_samples_split': 2, 'n_estimators': 200}	0.545299707743821	0.5662177518254745	0.6134920634920635	0.5831896551724138	0.4994107744107744	0.5615219905289094	0.03824497869129045	753
12.729529666900635	0.07624894350257426	0.01067037582397461	0.0006251839676319141		5		4	2	300	{'class_weight': None, 'max_depth': 5, 'max_features': None, 'min_samples_leaf': 4, 'min_samples_split': 2, 'n_estimators': 300}	0.5686176714492661	0.5494002060931195	0.5785675232367414	0.5831896551724138	0.536	0.5631550111903082	0.017862600259667575	683
16.95569815635681	0.15478284624353164	0.017722463607788085	0.003347176063624846		5		4	2	400	{'class_weight': None, 'max_depth': 5, 'max_features': None, 'min_samples_leaf': 4, 'min_samples_split': 2, 'n_estimators': 400}	0.5686176714492661	0.5578067765567766	0.5693121693121693	0.5600335249042145	0.536	0.5583540284444852	0.012068521033575683	901
21.261161899566652	0.22845046985660863	0.03044571876525879	0.012219407532371702		5		4	2	500	{'class_weight': None, 'max_depth': 5, 'max_features': None, 'min_samples_leaf': 4, 'min_samples_split': 2, 'n_estimators': 500}	0.5967104790634203	0.5981136973262957	0.5925925925925926	0.5600335249042145	0.5102222222222222	0.5715345032217491	0.03369033912089148	382
25.427322912216187	0.33755150033243325	0.028374147415161134	0.005810885662666988		5		4	2	600	{'class_weight': None, 'max_depth': 5, 'max_features': None, 'min_samples_leaf': 4, 'min_samples_split': 2, 'n_estimators': 600}	0.5828075150655795	0.5910053088640188	0.5925925925925926	0.546031746031746	0.5102222222222222	0.5645318769552318	0.03198136566457167	641
1.0395813465118409	0.03407854630325758	0.0036323070526123047	0.0016625739245591433		5		4	5	25	{'class_weight': None, 'max_depth': 5, 'max_features': None, 'min_samples_leaf': 4, 'min_samples_split': 5, 'n_estimators': 25}	0.5071878940731399	0.5226567202936698	0.6163347763347763	0.5674392312040701	0.5434080773820741	0.551405339857546	0.038258434987829264	1239
2.1176490783691406	0.013405470686475763	0.0035068035125732423	0.0013134198827162548		5		4	5	50	{'class_weight': None, 'max_depth': 5, 'max_features': None, 'min_samples_leaf': 4, 'min_samples_split': 5, 'n_estimators': 50}	0.5219817440383759	0.5072807749053819	0.6134920634920635	0.5941333333333334	0.5038212815990594	0.5481418394736429	0.04626912216122516	1407
4.19822998046875	0.03255479190761244	0.006316423416137695	0.0020453943824385373		5		4	5	100	{'class_weight': None, 'max_depth': 5, 'max_features': None, 'min_samples_leaf': 4, 'min_samples_split': 5, 'n_estimators': 100}	0.5541223803518884	0.5414301947869302	0.6101718943824207	0.5785675232367414	0.4730639730639731	0.5514711931643907	0.045684846574488694	1232
6.346333742141724	0.10887204753093398	0.007031774520874024	0.001343491308857928		5		4	5	150	{'class_weight': None, 'max_depth': 5, 'max_features': None, 'min_samples_leaf': 4, 'min_samples_split': 5, 'n_estimators': 150}	0.5241354863156865	0.5746407438715131	0.6362278244631187	0.5737643998513563	0.4994107744107744	0.5616358457824897	0.047240721732321626	746
8.527345132827758	0.12784235053621237	0.010880422592163087	0.002196634518824934		5		4	5	200	{'class_weight': None, 'max_depth': 5, 'max_features': None, 'min_samples_leaf': 4, 'min_samples_split': 5, 'n_estimators': 200}	0.545299707743821	0.5662177518254745	0.6134920634920635	0.5831896551724138	0.4994107744107744	0.5615219905289094	0.03824497869129045	753
12.661497020721436	0.04284540632285611	0.014232921600341796	0.003992203653271667		5		4	5	300	{'class_weight': None, 'max_depth': 5, 'max_features': None, 'min_samples_leaf': 4, 'min_samples_split': 5, 'n_estimators': 300}	0.5686176714492661	0.5494002060931195	0.5785675232367414	0.5831896551724138	0.536	0.5631550111903082	0.017862600259667575	683
17.210932207107543	0.22585385763227273	0.01790275573730469	0.002901271986587157		5		4	5	400	{'class_weight': None, 'max_depth': 5, 'max_features': None, 'min_samples_leaf': 4, 'min_samples_split': 5, 'n_estimators': 400}	0.5686176714492661	0.5578067765567766	0.5693121693121693	0.5600335249042145	0.536	0.5583540284444852	0.012068521033575683	901
21.526050806045532	0.16154538016748973	0.02366461753845215	0.0013244919801876258		5		4	5	500	{'class_weight': None, 'max_depth': 5, 'max_features': None, 'min_samples_leaf': 4, 'min_samples_split': 5, 'n_estimators': 500}	0.5967104790634203	0.5981136973262957	0.5925925925925926	0.5600335249042145	0.5102222222222222	0.5715345032217491	0.03369033912089148	382
25.649206781387328	0.15186153577467956	0.025830984115600586	0.0035533485938665566		5		4	5	600	{'class_weight': None, 'max_depth': 5, 'max_features': None, 'min_samples_leaf': 4, 'min_samples_split': 5, 'n_estimators': 600}	0.5828075150655795	0.5910053088640188	0.5925925925925926	0.546031746031746	0.5102222222222222	0.5645318769552318	0.03198136566457167	641
1.0956127643585205	0.022572293362135693	0.004171895980834961	0.0018472872040250477		5		4	10	25	{'class_weight': None, 'max_depth': 5, 'max_features': None, 'min_samples_leaf': 4, 'min_samples_split': 10, 'n_estimators': 25}	0.46065934065934067	0.5226567202936698	0.5776486300063106	0.606266050333847	0.5521228545618789	0.5438707191710094	0.04995275690491354	1630
2.095592403411865	0.024271794101181746	0.00300445556640625	0.0008145577171682685		5		4	10	50	{'class_weight': None, 'max_depth': 5, 'max_features': None, 'min_samples_leaf': 4, 'min_samples_split': 10, 'n_estimators': 50}	0.5306551372125142	0.47455621301775147	0.6134920634920635	0.5914703850260662	0.5199252136752136	0.5460198024847218	0.05028380769663008	1516
4.239306020736694	0.08228352057204025	0.004234790802001953	0.00034454343934519466		5		4	10	100	{'class_weight': None, 'max_depth': 5, 'max_features': None, 'min_samples_leaf': 4, 'min_samples_split': 10, 'n_estimators': 100}	0.539301954762889	0.5414301947869302	0.6101718943824207	0.5642528049471155	0.48444444444444446	0.5479202586647599	0.040712635138995715	1416
6.256730031967163	0.0873490988775154	0.00672307014465332	0.002335927389470167		5		4	10	150	{'class_weight': None, 'max_depth': 5, 'max_features': None, 'min_samples_leaf': 4, 'min_samples_split': 10, 'n_estimators': 150}	0.5086007326007326	0.5823730667480668	0.623308237573196	0.546031746031746	0.476931651213457	0.5474490868334396	0.051881031855565064	1430
8.395563650131226	0.10008525992095914	0.008954477310180665	0.0019090849447763382		5		4	10	200	{'class_weight': None, 'max_depth': 5, 'max_features': None, 'min_samples_leaf': 4, 'min_samples_split': 10, 'n_estimators': 200}	0.5596301547914452	0.5746407438715131	0.6134920634920635	0.5551546078610048	0.4802218311736789	0.5566278802379411	0.0433752627912311	961
12.577143335342408	0.14183928177904576	0.012424373626708984	0.002841626833837685		5		4	10	300	{'class_weight': None, 'max_depth': 5, 'max_features': None, 'min_samples_leaf': 4, 'min_samples_split': 10, 'n_estimators': 300}	0.5828075150655795	0.5578067765567766	0.5831896551724138	0.5831896551724138	0.536	0.5685987203934368	0.019009593496689677	484
16.820079135894776	0.09085736752321659	0.018512582778930663	0.002825893301379408		5		4	10	400	{'class_weight': None, 'max_depth': 5, 'max_features': None, 'min_samples_leaf': 4, 'min_samples_split': 10, 'n_estimators': 400}	0.5686176714492661	0.5414301947869302	0.5831896551724138	0.5600335249042145	0.5534782388407559	0.561349857030716	0.014073279336351347	766
21.1177725315094	0.23316085801869935	0.021164369583129884	0.004078718534094163		5		4	10	500	{'class_weight': None, 'max_depth': 5, 'max_features': None, 'min_samples_leaf': 4, 'min_samples_split': 10, 'n_estimators': 500}	0.5967104790634203	0.5414301947869302	0.5693121693121693	0.5600335249042145	0.5102222222222222	0.5555417180577913	0.028836297720226126	1014
25.306786012649535	0.16662336203557998	0.033761787414550784	0.004680183037942753		5		4	10	600	{'class_weight': None, 'max_depth': 5, 'max_features': None, 'min_samples_leaf': 4, 'min_samples_split': 10, 'n_estimators': 600}	0.5967104790634203	0.5496196111580728	0.5925925925925926	0.5600335249042145	0.5451923076923078	0.5688297030821217	0.021666284546679907	479
0.08318157196044922	0.009770214067762144	0.0021217823028564452	0.0006599743337952572		10	sqrt	1	2	25	{'class_weight': None, 'max_depth': 10, 'max_features': 'sqrt', 'min_samples_leaf': 1, 'min_samples_split': 2, 'n_estimators': 25}	0.42896258357882383	0.5132754342431762	0.5357009183096141	0.5346780594854555	0.5824033867177165	0.5190040764669572	0.050367089641365555	2284
0.155470609664917	0.014504533959128617	0.0031523704528808594	0.0008905826597908075		10	sqrt	1	2	50	{'class_weight': None, 'max_depth': 10, 'max_features': 'sqrt', 'min_samples_leaf': 1, 'min_samples_split': 2, 'n_estimators': 50}	0.5156764139814987	0.4519732236267669	0.5319890224394253	0.5279132791327914	0.5534391534391534	0.5161982185239271	0.0343470569809058	2319
0.30926098823547366	0.016672085858891787	0.005579614639282226	0.0017900130856102507		10	sqrt	1	2	100	{'class_weight': None, 'max_depth': 10, 'max_features': 'sqrt', 'min_samples_leaf': 1, 'min_samples_split': 2, 'n_estimators': 100}	0.5565421245421245	0.5072807749053819	0.5406989025118244	0.5449373737373737	0.5024471804225566	0.5303812712238523	0.02152519566077638	2100
0.45780086517333984	0.0051861016856897535	0.006656074523925781	0.0012850027523423262		10	sqrt	1	2	150	{'class_weight': None, 'max_depth': 10, 'max_features': 'sqrt', 'min_samples_leaf': 1, 'min_samples_split': 2, 'n_estimators': 150}	0.5541223803518884	0.5086741961741962	0.5551546078610048	0.5434080773820741	0.5279627096316563	0.537864394280164	0.017573372149123922	1877
0.6227354049682617	0.00868140727922346	0.008449792861938477	0.002429979894496979		10	sqrt	1	2	200	{'class_weight': None, 'max_depth': 10, 'max_features': 'sqrt', 'min_samples_leaf': 1, 'min_samples_split': 2, 'n_estimators': 200}	0.5409907552764696	0.5006867148599432	0.5914703850260662	0.5608294930875576	0.5534782388407559	0.5494911174181585	0.029532492866534223	1353
0.9358195304870606	0.016222900370130383	0.013805961608886719	0.0017656119875357021		10	sqrt	1	2	300	{'class_weight': None, 'max_depth': 10, 'max_features': 'sqrt', 'min_samples_leaf': 1, 'min_samples_split': 2, 'n_estimators': 300}	0.5629274955442795	0.4918550807098416	0.5674392312040701	0.5695353535353536	0.5279627096316563	0.5439439741250401	0.03011967304880466	1626
1.2162185192108155	0.03461444397171065	0.021327829360961913	0.004636150049294735		10	sqrt	1	2	400	{'class_weight': None, 'max_depth': 10, 'max_features': 'sqrt', 'min_samples_leaf': 1, 'min_samples_split': 2, 'n_estimators': 400}	0.5717219376841179	0.4918550807098416	0.606266050333847	0.5434080773820741	0.5199252136752136	0.5466352719570188	0.03977406662248381	1481
1.5253225803375243	0.029347996781752494	0.023750877380371092	0.002367038872738379		10	sqrt	1	2	500	{'class_weight': None, 'max_depth': 10, 'max_features': 'sqrt', 'min_samples_leaf': 1, 'min_samples_split': 2, 'n_estimators': 500}	0.5717219376841179	0.5414301947869302	0.606266050333847	0.536431131592422	0.5179899949801804	0.5547678618754996	0.03100401469237653	1058
1.8175618648529053	0.0384323591391635	0.03145179748535156	0.004852695387177181		10	sqrt	1	2	600	{'class_weight': None, 'max_depth': 10, 'max_features': 'sqrt', 'min_samples_leaf': 1, 'min_samples_split': 2, 'n_estimators': 600}	0.5479287119999022	0.5578067765567766	0.6113606098176976	0.5203393939393939	0.5179899949801804	0.5510850974587902	0.033849269481519055	1263
0.07497739791870117	0.005824129923300257	0.002284717559814453	0.0008121878361387006		10	sqrt	1	5	25	{'class_weight': None, 'max_depth': 10, 'max_features': 'sqrt', 'min_samples_leaf': 1, 'min_samples_split': 5, 'n_estimators': 25}	0.47534581662748576	0.5541223803518884	0.5276848755109624	0.5184476342371079	0.5286302175191064	0.5208461848493102	0.025654241735264517	2267
0.1551344394683838	0.007058494806475988	0.0035852909088134764	0.0012422136086862583		10	sqrt	1	5	50	{'class_weight': None, 'max_depth': 10, 'max_features': 'sqrt', 'min_samples_leaf': 1, 'min_samples_split': 5, 'n_estimators': 50}	0.5306551372125142	0.5072807749053819	0.5368773946360154	0.5083287771095316	0.5451923076923078	0.5256668783111501	0.015300061093870493	2180
0.31078662872314455	0.010210093129826485	0.006508636474609375	0.002394730658654651		10	sqrt	1	5	100	{'class_weight': None, 'max_depth': 10, 'max_features': 'sqrt', 'min_samples_leaf': 1, 'min_samples_split': 5, 'n_estimators': 100}	0.545299707743821	0.5168323739752311	0.606266050333847	0.536431131592422	0.5534391534391534	0.5516536834168948	0.029900907028406577	1222
0.463426399230957	0.011624919495263132	0.007805776596069336	0.002248031880837792		10	sqrt	1	5	150	{'class_weight': None, 'max_depth': 10, 'max_features': 'sqrt', 'min_samples_leaf': 1, 'min_samples_split': 5, 'n_estimators': 150}	0.545299707743821	0.5325714285714286	0.609626216077829	0.5608294930875576	0.5782480893592005	0.5653149869679673	0.026920705179946717	606
0.6221368789672852	0.012000518176649369	0.010674333572387696	0.0025669382909813015		10	sqrt	1	5	200	{'class_weight': None, 'max_depth': 10, 'max_features': 'sqrt', 'min_samples_leaf': 1, 'min_samples_split': 5, 'n_estimators': 200}	0.46842533241871814	0.5325714285714286	0.5763324299909666	0.5203393939393939	0.5199252136752136	0.5235187597191442	0.03443702151048642	2216
0.9233232021331788	0.032282369535701995	0.014579343795776366	0.004023447432656022		10	sqrt	1	5	300	{'class_weight': None, 'max_depth': 10, 'max_features': 'sqrt', 'min_samples_leaf': 1, 'min_samples_split': 5, 'n_estimators': 300}	0.5241354863156865	0.5565421245421245	0.5914703850260662	0.5286302175191064	0.5279627096316563	0.545748184606928	0.0256261015187112	1531
1.1992084503173828	0.01606908746626064	0.019245386123657227	0.0031434762311237834		10	sqrt	1	5	400	{'class_weight': None, 'max_depth': 10, 'max_features': 'sqrt', 'min_samples_leaf': 1, 'min_samples_split': 5, 'n_estimators': 400}	0.5241354863156865	0.5494002060931195	0.5608294930875576	0.5286302175191064	0.5440445898461165	0.5414079985723173	0.013488015510855584	1740
1.5482117652893066	0.05980303771551249	0.023883724212646486	0.004460762775486115		10	sqrt	1	5	500	{'class_weight': None, 'max_depth': 10, 'max_features': 'sqrt', 'min_samples_leaf': 1, 'min_samples_split': 5, 'n_estimators': 500}	0.5241354863156865	0.5494002060931195	0.6155015388480624	0.5369121312666105	0.5068771218827209	0.54656529688124	0.0372335155736093	1484
1.9028138637542724	0.07312478463003526	0.030942392349243165	0.006674018316630722		10	sqrt	1	5	600	{'class_weight': None, 'max_depth': 10, 'max_features': 'sqrt', 'min_samples_leaf': 1, 'min_samples_split': 5, 'n_estimators': 600}	0.5409907552764696	0.5250434604765313	0.5642528049471155	0.5369121312666105	0.4994107744107744	0.5333219852755002	0.021198674403284164	2025
0.08134260177612304	0.0038605522683252363	0.0027885913848876955	0.0009441156866445967		10	sqrt	1	10	25	{'class_weight': None, 'max_depth': 10, 'max_features': 'sqrt', 'min_samples_leaf': 1, 'min_samples_split': 10, 'n_estimators': 25}	0.6197555945455105	0.5553113553113553	0.5130521826173999	0.5962962962962963	0.48695273225319446	0.5542736322047513	0.04957051550057452	1078
0.16035337448120118	0.012276127466032363	0.003715181350708008	0.0012012576253960332		10	sqrt	1	10	50	{'class_weight': None, 'max_depth': 10, 'max_features': 'sqrt', 'min_samples_leaf': 1, 'min_samples_split': 10, 'n_estimators': 50}	0.5645022350530825	0.5479287119999022	0.5711976911976913	0.5259259259259259	0.5608294930875576	0.5540768114528319	0.015985519525962482	1097
0.3179178237915039	0.008393436657467597	0.008378934860229493	0.0014895632702462403		10	sqrt	1	10	100	{'class_weight': None, 'max_depth': 10, 'max_features': 'sqrt', 'min_samples_leaf': 1, 'min_samples_split': 10, 'n_estimators': 100}	0.5828075150655795	0.5479287119999022	0.5551546078610048	0.5642528049471155	0.6278659611992945	0.5756019202145793	0.02862220127782083	277
0.47999048233032227	0.03518988451840996	0.007730293273925781	0.001894615505551864		10	sqrt	1	10	150	{'class_weight': None, 'max_depth': 10, 'max_features': 'sqrt', 'min_samples_leaf': 1, 'min_samples_split': 10, 'n_estimators': 150}	0.5645022350530825	0.5717219376841179	0.6253933539882145	0.5824033867177165	0.5957264957264957	0.5879494818339255	0.021477389267626136	58
0.6285276412963867	0.029429957109068157	0.009088516235351562	0.002169238221259828		10	sqrt	1	10	200	{'class_weight': None, 'max_depth': 10, 'max_features': 'sqrt', 'min_samples_leaf': 1, 'min_samples_split': 10, 'n_estimators': 200}	0.5645022350530825	0.5717219376841179	0.6428836863619473	0.5434080773820741	0.5704594017094017	0.5785950676381246	0.03371405548561284	202
0.9380460262298584	0.027067001627314118	0.015987396240234375	0.005311693870709731		10	sqrt	1	10	300	{'class_weight': None, 'max_depth': 10, 'max_features': 'sqrt', 'min_samples_leaf': 1, 'min_samples_split': 10, 'n_estimators': 300}	0.5506202480992397	0.565149136577708	0.6113606098176976	0.5642528049471155	0.5521043771043772	0.5686974353092277	0.02215674118681977	483
1.2172254562377929	0.03818349052555578	0.01953153610229492	0.004713270309207727		10	sqrt	1	10	400	{'class_weight': None, 'max_depth': 10, 'max_features': 'sqrt', 'min_samples_leaf': 1, 'min_samples_split': 10, 'n_estimators': 400}	0.5275751326171494	0.5578067765567766	0.6113606098176976	0.5521228545618789	0.5257575757575758	0.5549245898622156	0.030983507201835563	1044
1.507608985900879	0.05234740181348402	0.027689647674560548	0.004050959575633401		10	sqrt	1	10	500	{'class_weight': None, 'max_depth': 10, 'max_features': 'sqrt', 'min_samples_leaf': 1, 'min_samples_split': 10, 'n_estimators': 500}	0.5541223803518884	0.5893075178789464	0.6253933539882145	0.5608294930875576	0.533532412591763	0.572637031579674	0.03185126738152548	338
1.9126522541046143	0.057884972251722365	0.028569459915161133	0.004571964532101276		10	sqrt	1	10	600	{'class_weight': None, 'max_depth': 10, 'max_features': 'sqrt', 'min_samples_leaf': 1, 'min_samples_split': 10, 'n_estimators': 600}	0.5541223803518884	0.565149136577708	0.6295019157088123	0.5608294930875576	0.5257575757575758	0.5670721002967084	0.034102008653935804	543
0.08695826530456544	0.013971172509768388	0.0027990341186523438	0.0009447317950715457		10	sqrt	2	2	25	{'class_weight': None, 'max_depth': 10, 'max_features': 'sqrt', 'min_samples_leaf': 2, 'min_samples_split': 2, 'n_estimators': 25}	0.49205087320010843	0.6010568666306372	0.5259259259259259	0.48491586173379503	0.5521228545618789	0.531214476410469	0.04247455250432629	2075
0.14985523223876954	0.008817919514280658	0.0034465789794921875	0.0013405472975397622		10	sqrt	2	2	50	{'class_weight': None, 'max_depth': 10, 'max_features': 'sqrt', 'min_samples_leaf': 2, 'min_samples_split': 2, 'n_estimators': 50}	0.4763299692433551	0.5241354863156865	0.5137212643678162	0.5346780594854555	0.536431131592422	0.517059182200947	0.021935276718210436	2308
0.293428897857666	0.01994029684938992	0.0076029300689697266	0.002576996086075544		10	sqrt	2	2	100	{'class_weight': None, 'max_depth': 10, 'max_features': 'sqrt', 'min_samples_leaf': 2, 'min_samples_split': 2, 'n_estimators': 100}	0.539301954762889	0.5332404863654864	0.49534576973808175	0.49574141414141415	0.5957264957264957	0.5318712241468735	0.03680776639737254	2060
0.4518075942993164	0.03194876965026727	0.007753562927246094	0.0025212580402863747		10	sqrt	2	2	150	{'class_weight': None, 'max_depth': 10, 'max_features': 'sqrt', 'min_samples_leaf': 2, 'min_samples_split': 2, 'n_estimators': 150}	0.5306551372125142	0.5565421245421245	0.5346780594854555	0.5037037037037037	0.6045092972589553	0.5460176644405507	0.03372565945034107	1517
0.6008748531341552	0.011851911512880538	0.010461235046386718	0.002840917793655434		10	sqrt	2	2	200	{'class_weight': None, 'max_depth': 10, 'max_features': 'sqrt', 'min_samples_leaf': 2, 'min_samples_split': 2, 'n_estimators': 200}	0.591935635154711	0.5086741961741962	0.5733333333333334	0.510815395869325	0.596153779577989	0.556182468021911	0.038691999219796984	986
0.8984255790710449	0.017775355440903452	0.016858673095703124	0.0028611707593565066		10	sqrt	2	2	300	{'class_weight': None, 'max_depth': 10, 'max_features': 'sqrt', 'min_samples_leaf': 2, 'min_samples_split': 2, 'n_estimators': 300}	0.5565421245421245	0.5086741961741962	0.597037037037037	0.5037037037037037	0.6045092972589553	0.5540932717432033	0.04241212203886564	1096
1.246187973022461	0.09247656694656647	0.021217775344848634	0.00380285522295407		10	sqrt	2	2	400	{'class_weight': None, 'max_depth': 10, 'max_features': 'sqrt', 'min_samples_leaf': 2, 'min_samples_split': 2, 'n_estimators': 400}	0.5775896234912629	0.5332404863654864	0.5733333333333334	0.49534576973808175	0.5700991847120528	0.5499216795280434	0.031551686190217774	1334
1.5403285503387452	0.07226674834239578	0.023867177963256835	0.004038168208076515		10	sqrt	2	2	500	{'class_weight': None, 'max_depth': 10, 'max_features': 'sqrt', 'min_samples_leaf': 2, 'min_samples_split': 2, 'n_estimators': 500}	0.5865530363256697	0.5414301947869302	0.5346780594854555	0.5279132791327914	0.5179899949801804	0.5417129129422055	0.023720929525060597	1723
1.827403974533081	0.06292338838760811	0.027876806259155274	0.0038109470631418163		10	sqrt	2	2	600	{'class_weight': None, 'max_depth': 10, 'max_features': 'sqrt', 'min_samples_leaf': 2, 'min_samples_split': 2, 'n_estimators': 600}	0.5717219376841179	0.5578067765567766	0.5878067073824066	0.5279132791327914	0.5179899949801804	0.5526477391472546	0.026228025114881977	1166
0.08118009567260742	0.002733414818284374	0.00224456787109375	0.0009088999889469888		10	sqrt	2	5	25	{'class_weight': None, 'max_depth': 10, 'max_features': 'sqrt', 'min_samples_leaf': 2, 'min_samples_split': 5, 'n_estimators': 25}	0.45275580926303943	0.5156764139814987	0.5319890224394253	0.558540723101586	0.5118803545783192	0.5141684646727738	0.034829565603333786	2334
0.16042990684509278	0.010345391851349068	0.003563547134399414	0.001425513091080896		10	sqrt	2	5	50	{'class_weight': None, 'max_depth': 10, 'max_features': 'sqrt', 'min_samples_leaf': 2, 'min_samples_split': 5, 'n_estimators': 50}	0.5541223803518884	0.5629274955442795	0.5083287771095316	0.48491586173379503	0.46939102564102564	0.5159371080761039	0.03702149037509237	2323
0.32019624710083006	0.011233121700361252	0.007305622100830078	0.002529660587740018		10	sqrt	2	5	100	{'class_weight': None, 'max_depth': 10, 'max_features': 'sqrt', 'min_samples_leaf': 2, 'min_samples_split': 5, 'n_estimators': 100}	0.5717219376841179	0.49957734573119195	0.6349145122529887	0.5496296296296296	0.5199252136752136	0.5551537277946283	0.04689687927189739	1036
0.47562274932861326	0.037598510280820584	0.006698083877563476	0.0017435335443306008		10	sqrt	2	5	150	{'class_weight': None, 'max_depth': 10, 'max_features': 'sqrt', 'min_samples_leaf': 2, 'min_samples_split': 5, 'n_estimators': 150}	0.5479287119999022	0.5245984784446323	0.6253933539882145	0.5496296296296296	0.5118803545783192	0.5518861057281396	0.03941863245749831	1203
0.6245062351226807	0.010608949114556716	0.008086729049682616	0.0008939371697469839		10	sqrt	2	5	200	{'class_weight': None, 'max_depth': 10, 'max_features': 'sqrt', 'min_samples_leaf': 2, 'min_samples_split': 5, 'n_estimators': 200}	0.5168323739752311	0.5006867148599432	0.597037037037037	0.5496296296296296	0.49465811965811973	0.5317687750319922	0.03780303542167677	2062
0.917312479019165	0.01443939021676625	0.017452192306518555	0.004147536951958939		10	sqrt	2	5	300	{'class_weight': None, 'max_depth': 10, 'max_features': 'sqrt', 'min_samples_leaf': 2, 'min_samples_split': 5, 'n_estimators': 300}	0.5086007326007326	0.5250434604765313	0.597037037037037	0.5434080773820741	0.49465811965811973	0.533749485430899	0.03559492127868521	2010
1.1674586296081544	0.01703286497085061	0.018248796463012695	0.002802137229872889		10	sqrt	2	5	400	{'class_weight': None, 'max_depth': 10, 'max_features': 'sqrt', 'min_samples_leaf': 2, 'min_samples_split': 5, 'n_estimators': 400}	0.5565421245421245	0.5325714285714286	0.5763324299909666	0.5279132791327914	0.5279627096316563	0.5442643943737935	0.019229825328080655	1604
1.563182544708252	0.03746428890684208	0.025718832015991212	0.0022468284635924363		10	sqrt	2	5	500	{'class_weight': None, 'max_depth': 10, 'max_features': 'sqrt', 'min_samples_leaf': 2, 'min_samples_split': 5, 'n_estimators': 500}	0.5409907552764696	0.5479287119999022	0.5763324299909666	0.5203393939393939	0.5179899949801804	0.5407162572373825	0.02122407203406568	1777
1.819033670425415	0.05447488232339837	0.026009464263916017	0.005600869362187852		10	sqrt	2	5	600	{'class_weight': None, 'max_depth': 10, 'max_features': 'sqrt', 'min_samples_leaf': 2, 'min_samples_split': 5, 'n_estimators': 600}	0.5409907552764696	0.5717219376841179	0.5878067073824066	0.5120327700972862	0.5102222222222222	0.5445548785325005	0.031170151115401275	1591
0.07827911376953126	0.005915148877249263	0.0030617713928222656	0.001070335626284348		10	sqrt	2	10	25	{'class_weight': None, 'max_depth': 10, 'max_features': 'sqrt', 'min_samples_leaf': 2, 'min_samples_split': 10, 'n_estimators': 25}	0.5980376766091052	0.5725059254471019	0.5452847805788983	0.5831896551724138	0.6155015388480624	0.5829039153311163	0.023727768246348917	125
0.1521169662475586	0.0056569902009774116	0.004139757156372071	0.001485573325930456		10	sqrt	2	10	50	{'class_weight': None, 'max_depth': 10, 'max_features': 'sqrt', 'min_samples_leaf': 2, 'min_samples_split': 10, 'n_estimators': 50}	0.568781792919724	0.5325714285714286	0.5968041620215533	0.5203393939393939	0.5608294930875576	0.5558652541079314	0.02710042019424388	1005
0.29518775939941405	0.008210894590525906	0.005563783645629883	0.002401908386036172		10	sqrt	2	10	100	{'class_weight': None, 'max_depth': 10, 'max_features': 'sqrt', 'min_samples_leaf': 2, 'min_samples_split': 10, 'n_estimators': 100}	0.545299707743821	0.5168323739752311	0.5925925925925926	0.4876344086021505	0.6120074613314845	0.550873308849056	0.04618850942955589	1282
0.434524393081665	0.011019200583685615	0.0069828987121582035	0.0014767242819656089		10	sqrt	2	10	150	{'class_weight': None, 'max_depth': 10, 'max_features': 'sqrt', 'min_samples_leaf': 2, 'min_samples_split': 10, 'n_estimators': 150}	0.5071878940731399	0.5578067765567766	0.597037037037037	0.5120327700972862	0.5369121312666105	0.54219532180617	0.032907576249992805	1707
0.6108049869537353	0.04120854301824926	0.008731222152709961	0.0029128147553920724		10	sqrt	2	10	200	{'class_weight': None, 'max_depth': 10, 'max_features': 'sqrt', 'min_samples_leaf': 2, 'min_samples_split': 10, 'n_estimators': 200}	0.5219817440383759	0.5166426377483858	0.5824033867177165	0.5203393939393939	0.5451923076923078	0.537311894027236	0.024680522869752343	1900
0.8946834087371827	0.017817276890273084	0.013302755355834962	0.002035402801319382		10	sqrt	2	10	300	{'class_weight': None, 'max_depth': 10, 'max_features': 'sqrt', 'min_samples_leaf': 2, 'min_samples_split': 10, 'n_estimators': 300}	0.545299707743821	0.5006867148599432	0.5785675232367414	0.5279132791327914	0.5451923076923078	0.539531906533121	0.025428442588230436	1816
1.1885360717773437	0.02279849842729563	0.018880939483642577	0.0032844332195614925		10	sqrt	2	10	400	{'class_weight': None, 'max_depth': 10, 'max_features': 'sqrt', 'min_samples_leaf': 2, 'min_samples_split': 10, 'n_estimators': 400}	0.545299707743821	0.5578067765567766	0.601980438612478	0.5203393939393939	0.536	0.5522852633704939	0.027693479067702496	1175
1.4925127506256104	0.06041740628261682	0.025259971618652344	0.006095439436625948		10	sqrt	2	10	500	{'class_weight': None, 'max_depth': 10, 'max_features': 'sqrt', 'min_samples_leaf': 2, 'min_samples_split': 10, 'n_estimators': 500}	0.539301954762889	0.5496196111580728	0.597037037037037	0.5521228545618789	0.5068771218827209	0.5489917158805198	0.028934690822853267	1377
1.8236897468566895	0.05566941005306882	0.03258066177368164	0.005952276624504844		10	sqrt	2	10	600	{'class_weight': None, 'max_depth': 10, 'max_features': 'sqrt', 'min_samples_leaf': 2, 'min_samples_split': 10, 'n_estimators': 600}	0.5775896234912629	0.5332404863654864	0.601980438612478	0.5608294930875576	0.5257575757575758	0.5598795234628721	0.0281459864080711	843
0.07304158210754394	0.004393971977454133	0.0021810054779052733	0.0009127648269524422		10	sqrt	4	2	25	{'class_weight': None, 'max_depth': 10, 'max_features': 'sqrt', 'min_samples_leaf': 4, 'min_samples_split': 2, 'n_estimators': 25}	0.5686176714492661	0.607788005248567	0.5225490196078432	0.5184476342371079	0.5521228545618789	0.5539050370209326	0.03275191381077981	1104
0.13739562034606934	0.004726601321406344	0.004216718673706055	0.0015862713942954875		10	sqrt	4	2	50	{'class_weight': None, 'max_depth': 10, 'max_features': 'sqrt', 'min_samples_leaf': 4, 'min_samples_split': 2, 'n_estimators': 50}	0.5565421245421245	0.5541223803518884	0.5600335249042145	0.5600335249042145	0.5695353535353536	0.560053381647559	0.005242409413450063	829
0.28861260414123535	0.011851669818183511	0.005581378936767578	0.002203291365303874		10	sqrt	4	2	100	{'class_weight': None, 'max_depth': 10, 'max_features': 'sqrt', 'min_samples_leaf': 4, 'min_samples_split': 2, 'n_estimators': 100}	0.5717219376841179	0.5823730667480668	0.5925925925925926	0.5521228545618789	0.536	0.5669620903173312	0.02047403693955072	545
0.43448867797851565	0.038027573871618744	0.008945274353027343	0.0029218325305315584		10	sqrt	4	2	150	{'class_weight': None, 'max_depth': 10, 'max_features': 'sqrt', 'min_samples_leaf': 4, 'min_samples_split': 2, 'n_estimators': 150}	0.5629274955442795	0.565149136577708	0.5600335249042145	0.5695353535353536	0.5534782388407559	0.5622247498804623	0.005362718286208771	713
0.5611313819885254	0.010461739572699063	0.007886838912963868	0.00047180345091293895		10	sqrt	4	2	200	{'class_weight': None, 'max_depth': 10, 'max_features': 'sqrt', 'min_samples_leaf': 4, 'min_samples_split': 2, 'n_estimators': 200}	0.5541223803518884	0.5479287119999022	0.5785675232367414	0.536431131592422	0.5102222222222222	0.5454543938806352	0.022362740250090798	1543
0.8470315933227539	0.02310683763769959	0.016140222549438477	0.000984673650142772		10	sqrt	4	2	300	{'class_weight': None, 'max_depth': 10, 'max_features': 'sqrt', 'min_samples_leaf': 4, 'min_samples_split': 2, 'n_estimators': 300}	0.5629274955442795	0.5737569517097076	0.5925925925925926	0.5369121312666105	0.5369121312666105	0.5606202604759601	0.021560504597165523	800
1.1406563758850097	0.042429293812352324	0.02264089584350586	0.0061493309003643835		10	sqrt	4	2	400	{'class_weight': None, 'max_depth': 10, 'max_features': 'sqrt', 'min_samples_leaf': 4, 'min_samples_split': 2, 'n_estimators': 400}	0.5775896234912629	0.5662177518254745	0.5733333333333334	0.536431131592422	0.5102222222222222	0.5527588124929429	0.025678698588717925	1162
1.3949766159057617	0.05525898472266899	0.026927995681762695	0.004043906715342296		10	sqrt	4	2	500	{'class_weight': None, 'max_depth': 10, 'max_features': 'sqrt', 'min_samples_leaf': 4, 'min_samples_split': 2, 'n_estimators': 500}	0.5629274955442795	0.5662177518254745	0.5406989025118244	0.5534391534391534	0.4730639730639731	0.5392694552769409	0.034269237215368085	1824
1.6950156211853027	0.04010448920060183	0.026947975158691406	0.004466042143373801		10	sqrt	4	2	600	{'class_weight': None, 'max_depth': 10, 'max_features': 'sqrt', 'min_samples_leaf': 4, 'min_samples_split': 2, 'n_estimators': 600}	0.5325714285714286	0.5737569517097076	0.5346780594854555	0.5534391534391534	0.4730639730639731	0.5335019132539437	0.03368369161296468	2021
0.07556843757629395	0.0068856962561991185	0.0035275936126708983	0.0006674827686318067		10	sqrt	4	5	25	{'class_weight': None, 'max_depth': 10, 'max_features': 'sqrt', 'min_samples_leaf': 4, 'min_samples_split': 5, 'n_estimators': 25}	0.5686176714492661	0.607788005248567	0.5225490196078432	0.5184476342371079	0.5521228545618789	0.5539050370209326	0.03275191381077981	1104
0.14230499267578126	0.0071979900870900865	0.0034337997436523437	0.001278235577104291		10	sqrt	4	5	50	{'class_weight': None, 'max_depth': 10, 'max_features': 'sqrt', 'min_samples_leaf': 4, 'min_samples_split': 5, 'n_estimators': 50}	0.5565421245421245	0.5541223803518884	0.5600335249042145	0.5600335249042145	0.5695353535353536	0.560053381647559	0.005242409413450063	829
0.2962254524230957	0.017848297540742693	0.0056992053985595705	0.0021333457338382138		10	sqrt	4	5	100	{'class_weight': None, 'max_depth': 10, 'max_features': 'sqrt', 'min_samples_leaf': 4, 'min_samples_split': 5, 'n_estimators': 100}	0.5717219376841179	0.5823730667480668	0.5925925925925926	0.5521228545618789	0.536	0.5669620903173312	0.02047403693955072	545
0.4296576976776123	0.017501592348019686	0.009530305862426758	0.001840331097460135		10	sqrt	4	5	150	{'class_weight': None, 'max_depth': 10, 'max_features': 'sqrt', 'min_samples_leaf': 4, 'min_samples_split': 5, 'n_estimators': 150}	0.5629274955442795	0.565149136577708	0.5600335249042145	0.5695353535353536	0.5534782388407559	0.5622247498804623	0.005362718286208771	713
0.5504394054412842	0.017084557590628782	0.010820770263671875	0.0030123690969785792		10	sqrt	4	5	200	{'class_weight': None, 'max_depth': 10, 'max_features': 'sqrt', 'min_samples_leaf': 4, 'min_samples_split': 5, 'n_estimators': 200}	0.5541223803518884	0.5479287119999022	0.5785675232367414	0.536431131592422	0.5102222222222222	0.5454543938806352	0.022362740250090798	1543
0.8844493865966797	0.094024537288854	0.012029266357421875	0.0010790299323983942		10	sqrt	4	5	300	{'class_weight': None, 'max_depth': 10, 'max_features': 'sqrt', 'min_samples_leaf': 4, 'min_samples_split': 5, 'n_estimators': 300}	0.5629274955442795	0.5737569517097076	0.5925925925925926	0.5369121312666105	0.5369121312666105	0.5606202604759601	0.021560504597165523	800
1.1217715740203857	0.02001136361124367	0.01958146095275879	0.003873607381336845		10	sqrt	4	5	400	{'class_weight': None, 'max_depth': 10, 'max_features': 'sqrt', 'min_samples_leaf': 4, 'min_samples_split': 5, 'n_estimators': 400}	0.5775896234912629	0.5662177518254745	0.5733333333333334	0.536431131592422	0.5102222222222222	0.5527588124929429	0.025678698588717925	1162
1.4099953651428223	0.03199357267549272	0.022052812576293945	0.0026443981777375873		10	sqrt	4	5	500	{'class_weight': None, 'max_depth': 10, 'max_features': 'sqrt', 'min_samples_leaf': 4, 'min_samples_split': 5, 'n_estimators': 500}	0.5629274955442795	0.5662177518254745	0.5406989025118244	0.5534391534391534	0.4730639730639731	0.5392694552769409	0.034269237215368085	1824
1.7075293064117432	0.05124541912737909	0.030074262619018556	0.007873993325614158		10	sqrt	4	5	600	{'class_weight': None, 'max_depth': 10, 'max_features': 'sqrt', 'min_samples_leaf': 4, 'min_samples_split': 5, 'n_estimators': 600}	0.5325714285714286	0.5737569517097076	0.5346780594854555	0.5534391534391534	0.4730639730639731	0.5335019132539437	0.03368369161296468	2021
0.06757416725158691	0.005195480947841557	0.0031555652618408202	0.0013160539328865904		10	sqrt	4	10	25	{'class_weight': None, 'max_depth': 10, 'max_features': 'sqrt', 'min_samples_leaf': 4, 'min_samples_split': 10, 'n_estimators': 25}	0.5050068610440128	0.5415813000558763	0.5034920634920635	0.5642528049471155	0.6113606098176976	0.5451387278713532	0.04026996963645405	1561
0.14329996109008789	0.007305836488600639	0.0036476612091064452	0.0013174475466736148		10	sqrt	4	10	50	{'class_weight': None, 'max_depth': 10, 'max_features': 'sqrt', 'min_samples_leaf': 4, 'min_samples_split': 10, 'n_estimators': 50}	0.5071878940731399	0.5250434604765313	0.5276848755109624	0.5763324299909666	0.5852278545826933	0.5442953029268587	0.030741993507537528	1603
0.287291431427002	0.005690159583150012	0.004706192016601563	0.0011640572731497064		10	sqrt	4	10	100	{'class_weight': None, 'max_depth': 10, 'max_features': 'sqrt', 'min_samples_leaf': 4, 'min_samples_split': 10, 'n_estimators': 100}	0.5241354863156865	0.5156764139814987	0.5551546078610048	0.5852278545826933	0.5619439079549019	0.5484276541391571	0.025475277920761687	1399
0.4024158000946045	0.019527640416854144	0.007810640335083008	0.0017100668370393143		10	sqrt	4	10	150	{'class_weight': None, 'max_depth': 10, 'max_features': 'sqrt', 'min_samples_leaf': 4, 'min_samples_split': 10, 'n_estimators': 150}	0.5306551372125142	0.5325714285714286	0.5733333333333334	0.5852278545826933	0.5118803545783192	0.5467336216556578	0.02779635310929847	1473
0.5664709568023681	0.01890399011751356	0.009526205062866212	0.003020235105774249		10	sqrt	4	10	200	{'class_weight': None, 'max_depth': 10, 'max_features': 'sqrt', 'min_samples_leaf': 4, 'min_samples_split': 10, 'n_estimators': 200}	0.545299707743821	0.5409907552764696	0.546031746031746	0.5521228545618789	0.5024471804225566	0.5373784488072944	0.017822826184664724	1896
0.8415527820587159	0.014711289148978705	0.012371587753295898	0.0006504725886283969		10	sqrt	4	10	300	{'class_weight': None, 'max_depth': 10, 'max_features': 'sqrt', 'min_samples_leaf': 4, 'min_samples_split': 10, 'n_estimators': 300}	0.5364527945173106	0.5578067765567766	0.5496296296296296	0.5279132791327914	0.5179899949801804	0.5379584949633378	0.014367213738953994	1873
1.1052052974700928	0.03445444168712512	0.02003307342529297	0.0016362906570549594		10	sqrt	4	10	400	{'class_weight': None, 'max_depth': 10, 'max_features': 'sqrt', 'min_samples_leaf': 4, 'min_samples_split': 10, 'n_estimators': 400}	0.5629274955442795	0.5496196111580728	0.5521228545618789	0.5346780594854555	0.5102222222222222	0.5419140485943819	0.01823124660361288	1715
1.4376201152801513	0.05351029082985897	0.02702178955078125	0.006374507267904002		10	sqrt	4	10	500	{'class_weight': None, 'max_depth': 10, 'max_features': 'sqrt', 'min_samples_leaf': 4, 'min_samples_split': 10, 'n_estimators': 500}	0.5775896234912629	0.5823730667480668	0.5434080773820741	0.5521228545618789	0.5102222222222222	0.5531431688811009	0.02603857439345981	1145
1.7248565673828125	0.04540921164259879	0.0292055606842041	0.006171839404999068		10	sqrt	4	10	600	{'class_weight': None, 'max_depth': 10, 'max_features': 'sqrt', 'min_samples_leaf': 4, 'min_samples_split': 10, 'n_estimators': 600}	0.5775896234912629	0.5823730667480668	0.5120327700972862	0.5695353535353536	0.48444444444444446	0.5451950516632827	0.03953336965376497	1558
0.04426565170288086	0.003250140153136118	0.0017359733581542968	4.198534254422325e-05		10	log2	1	2	25	{'class_weight': None, 'max_depth': 10, 'max_features': 'log2', 'min_samples_leaf': 1, 'min_samples_split': 2, 'n_estimators': 25}	0.5166426377483858	0.5736653635813299	0.5643097643097642	0.5319890224394253	0.6113606098176976	0.5595934795793205	0.033186979079500446	855
0.08712639808654785	0.0034214712448915174	0.003206968307495117	0.0007602457086195642		10	log2	1	2	50	{'class_weight': None, 'max_depth': 10, 'max_features': 'log2', 'min_samples_leaf': 1, 'min_samples_split': 2, 'n_estimators': 50}	0.5166426377483858	0.49267399267399264	0.5022222222222222	0.5496296296296296	0.6340245775729646	0.539038611969439	0.05126637778203827	1832
0.16954169273376465	0.009140291016767534	0.005586481094360352	0.002347081263892777		10	log2	1	2	100	{'class_weight': None, 'max_depth': 10, 'max_features': 'log2', 'min_samples_leaf': 1, 'min_samples_split': 2, 'n_estimators': 100}	0.44953508030431105	0.5332404863654864	0.49574141414141415	0.5763324299909666	0.5763324299909666	0.5262363681586291	0.04874693482281198	2178
0.23645758628845215	0.013235958702417087	0.008173322677612305	0.002941295749694389		10	log2	1	2	150	{'class_weight': None, 'max_depth': 10, 'max_features': 'log2', 'min_samples_leaf': 1, 'min_samples_split': 2, 'n_estimators': 150}	0.4918550807098416	0.5325714285714286	0.5279132791327914	0.6005420054200542	0.5869756846431933	0.5479714956954618	0.0401834080140345	1415
0.32776803970336915	0.010824859768764147	0.010130882263183594	0.0024294844179086252		10	log2	1	2	200	{'class_weight': None, 'max_depth': 10, 'max_features': 'log2', 'min_samples_leaf': 1, 'min_samples_split': 2, 'n_estimators': 200}	0.5166426377483858	0.5325714285714286	0.5449373737373737	0.5608294930875576	0.5534782388407559	0.5416918343971002	0.01566107844716983	1726
0.46454672813415526	0.02628348422858038	0.015328264236450196	0.005011975059658142		10	log2	1	2	300	{'class_weight': None, 'max_depth': 10, 'max_features': 'log2', 'min_samples_leaf': 1, 'min_samples_split': 2, 'n_estimators': 300}	0.5332404863654864	0.5479287119999022	0.5434080773820741	0.536431131592422	0.5257575757575758	0.537353196619492	0.0077553351872273815	1898
0.6459683418273926	0.02596281696593423	0.022434425354003907	0.004451083967878942		10	log2	1	2	400	{'class_weight': None, 'max_depth': 10, 'max_features': 'log2', 'min_samples_leaf': 1, 'min_samples_split': 2, 'n_estimators': 400}	0.5332404863654864	0.5409907552764696	0.5118803545783192	0.5521228545618789	0.5257575757575758	0.532798405307946	0.013622646583690277	2039
0.8170694828033447	0.03193896315104083	0.02443985939025879	0.0013259317357820852		10	log2	1	2	500	{'class_weight': None, 'max_depth': 10, 'max_features': 'log2', 'min_samples_leaf': 1, 'min_samples_split': 2, 'n_estimators': 500}	0.5494002060931195	0.5494002060931195	0.536431131592422	0.5286302175191064	0.533532412591763	0.539478834777906	0.008475944142091405	1817
0.9699401378631591	0.034788971874441715	0.030008363723754882	0.007329505581284982		10	log2	1	2	600	{'class_weight': None, 'max_depth': 10, 'max_features': 'log2', 'min_samples_leaf': 1, 'min_samples_split': 2, 'n_estimators': 600}	0.5494002060931195	0.565149136577708	0.5038212815990594	0.5120327700972862	0.533532412591763	0.5327871613917872	0.02277548261488965	2040
0.044247770309448244	0.004768549330736291	0.002644777297973633	0.001135026566673683		10	log2	1	5	25	{'class_weight': None, 'max_depth': 10, 'max_features': 'log2', 'min_samples_leaf': 1, 'min_samples_split': 5, 'n_estimators': 25}	0.6152535988601562	0.5781159011928243	0.510815395869325	0.558540723101586	0.609626216077829	0.574470367020344	0.03799527483588122	297
0.08244090080261231	0.007122702026010208	0.005049562454223633	0.0018077705524192147		10	log2	1	5	50	{'class_weight': None, 'max_depth': 10, 'max_features': 'log2', 'min_samples_leaf': 1, 'min_samples_split': 5, 'n_estimators': 50}	0.539301954762889	0.5893075178789464	0.5852278545826933	0.5534782388407559	0.5941333333333334	0.5722897798797236	0.021800039877533053	355
0.1557389736175537	0.006266415852469299	0.0051634788513183595	0.0014575354393383635		10	log2	1	5	100	{'class_weight': None, 'max_depth': 10, 'max_features': 'log2', 'min_samples_leaf': 1, 'min_samples_split': 5, 'n_estimators': 100}	0.5086007326007326	0.5865530363256697	0.5521228545618789	0.6370392380197758	0.5521043771043772	0.5672840477224869	0.04275768035571449	537
0.24845666885375978	0.009131275376609852	0.009257316589355469	0.002637291327900169		10	log2	1	5	150	{'class_weight': None, 'max_depth': 10, 'max_features': 'log2', 'min_samples_leaf': 1, 'min_samples_split': 5, 'n_estimators': 150}	0.5241354863156865	0.5955151633683335	0.5449373737373737	0.609626216077829	0.5440445898461165	0.5636517658690678	0.03293973996979595	667
0.3154922008514404	0.009922500918373676	0.011014986038208007	0.0019178598889831608		10	log2	1	5	200	{'class_weight': None, 'max_depth': 10, 'max_features': 'log2', 'min_samples_leaf': 1, 'min_samples_split': 5, 'n_estimators': 200}	0.5241354863156865	0.5746407438715131	0.5534391534391534	0.5286302175191064	0.5257575757575758	0.541320635380607	0.019777123089540213	1742
0.4730530261993408	0.013180829399470058	0.017680788040161134	0.0049664390909486015		10	log2	1	5	300	{'class_weight': None, 'max_depth': 10, 'max_features': 'log2', 'min_samples_leaf': 1, 'min_samples_split': 5, 'n_estimators': 300}	0.5168323739752311	0.5662177518254745	0.5279132791327914	0.5449373737373737	0.4994107744107744	0.531062310616329	0.022989778874483186	2080
0.6394822120666503	0.012689997590745485	0.018596601486206055	0.0021228566397765622		10	log2	1	5	400	{'class_weight': None, 'max_depth': 10, 'max_features': 'log2', 'min_samples_leaf': 1, 'min_samples_split': 5, 'n_estimators': 400}	0.5494002060931195	0.5910053088640188	0.5534391534391534	0.5521228545618789	0.5257575757575758	0.5543450197431492	0.02093527428022444	1077
0.7993223190307617	0.047975903164297444	0.02365269660949707	0.006260333514908106		10	log2	1	5	500	{'class_weight': None, 'max_depth': 10, 'max_features': 'log2', 'min_samples_leaf': 1, 'min_samples_split': 5, 'n_estimators': 500}	0.5250434604765313	0.5737569517097076	0.5120327700972862	0.5521228545618789	0.48736029994952773	0.5300632673589863	0.030231123558072046	2108
0.9579619407653809	0.025540662323884626	0.028905868530273438	0.004002754781188381		10	log2	1	5	600	{'class_weight': None, 'max_depth': 10, 'max_features': 'log2', 'min_samples_leaf': 1, 'min_samples_split': 5, 'n_estimators': 600}	0.5168323739752311	0.631505647130647	0.5038212815990594	0.536431131592422	0.5179899949801804	0.541316085855508	0.04627621149217891	1743
0.04134283065795898	0.004700705164205545	0.0025539398193359375	0.0008717920275927979		10	log2	1	10	25	{'class_weight': None, 'max_depth': 10, 'max_features': 'log2', 'min_samples_leaf': 1, 'min_samples_split': 10, 'n_estimators': 25}	0.591935635154711	0.5914774880292122	0.46309006863706403	0.5785675232367414	0.6444444444444445	0.5739030319004346	0.05985214696013546	311
0.07719364166259765	0.0012837231188960914	0.005823993682861328	0.0018626367384148483		10	log2	1	10	50	{'class_weight': None, 'max_depth': 10, 'max_features': 'log2', 'min_samples_leaf': 1, 'min_samples_split': 10, 'n_estimators': 50}	0.5565421245421245	0.5893075178789464	0.5279132791327914	0.5785675232367414	0.5763324299909666	0.565732574956314	0.021668568357531434	587
0.15642337799072265	0.017686330513526794	0.00672297477722168	0.002290194164474958		10	log2	1	10	100	{'class_weight': None, 'max_depth': 10, 'max_features': 'log2', 'min_samples_leaf': 1, 'min_samples_split': 10, 'n_estimators': 100}	0.5241354863156865	0.5737569517097076	0.5941333333333334	0.5824033867177165	0.49193540011424414	0.5532729116381376	0.038856233506324465	1132
0.25380783081054686	0.029560542319835407	0.010166597366333009	0.002594063260931645		10	log2	1	10	150	{'class_weight': None, 'max_depth': 10, 'max_features': 'log2', 'min_samples_leaf': 1, 'min_samples_split': 10, 'n_estimators': 150}	0.49009807396904165	0.5494002060931195	0.5782480893592005	0.5674392312040701	0.5179899949801804	0.5406351191211225	0.032486358011862664	1780
0.3321871280670166	0.012268343919075355	0.009641361236572266	0.0016474599078709544		10	log2	1	10	200	{'class_weight': None, 'max_depth': 10, 'max_features': 'log2', 'min_samples_leaf': 1, 'min_samples_split': 10, 'n_estimators': 200}	0.539301954762889	0.5494002060931195	0.5852278545826933	0.5496296296296296	0.536	0.5519119290136663	0.017513820111958126	1201
0.48303837776184083	0.019302318627591707	0.017997312545776366	0.007217271811226074		10	log2	1	10	300	{'class_weight': None, 'max_depth': 10, 'max_features': 'log2', 'min_samples_leaf': 1, 'min_samples_split': 10, 'n_estimators': 300}	0.484107905982906	0.5565421245421245	0.5695353535353536	0.5824033867177165	0.5279627096316563	0.5441102960819514	0.03500964456140242	1618
0.636118221282959	0.04321792896541325	0.01709780693054199	0.0019498125010739755		10	log2	1	10	400	{'class_weight': None, 'max_depth': 10, 'max_features': 'log2', 'min_samples_leaf': 1, 'min_samples_split': 10, 'n_estimators': 400}	0.5006867148599432	0.5717219376841179	0.5619439079549019	0.5674392312040701	0.5102222222222222	0.542402802785051	0.030476584348005813	1698
0.7885022163391113	0.028901739631077297	0.02168245315551758	0.0033933206193041947		10	log2	1	10	500	{'class_weight': None, 'max_depth': 10, 'max_features': 'log2', 'min_samples_leaf': 1, 'min_samples_split': 10, 'n_estimators': 500}	0.5325714285714286	0.5805128205128205	0.5695353535353536	0.5279132791327914	0.533532412591763	0.5488130588688314	0.021764089151210905	1383
0.9681688785552979	0.037537812341092026	0.030417346954345705	0.014886358562998749		10	log2	1	10	600	{'class_weight': None, 'max_depth': 10, 'max_features': 'log2', 'min_samples_leaf': 1, 'min_samples_split': 10, 'n_estimators': 600}	0.5479287119999022	0.5805128205128205	0.5534391534391534	0.5521228545618789	0.5143413367942894	0.5496689754616089	0.021083875890780108	1343
0.04463825225830078	0.00553477769073931	0.0027635574340820314	0.001236725679008425		10	log2	2	2	25	{'class_weight': None, 'max_depth': 10, 'max_features': 'log2', 'min_samples_leaf': 2, 'min_samples_split': 2, 'n_estimators': 25}	0.605984875339714	0.5275751326171494	0.5878067073824066	0.5406989025118244	0.5869756846431933	0.5698082604988575	0.03019405178642012	445
0.0850372314453125	0.013504279645841333	0.003956985473632812	0.001165120712965359		10	log2	2	2	50	{'class_weight': None, 'max_depth': 10, 'max_features': 'log2', 'min_samples_leaf': 2, 'min_samples_split': 2, 'n_estimators': 50}	0.5132754342431762	0.5006867148599432	0.5733333333333334	0.5695353535353536	0.5700991847120528	0.5453860041367717	0.03163574162395217	1546
0.1571258544921875	0.006869593692079093	0.007634449005126953	0.0010056455466496232		10	log2	2	2	100	{'class_weight': None, 'max_depth': 10, 'max_features': 'log2', 'min_samples_leaf': 2, 'min_samples_split': 2, 'n_estimators': 100}	0.5086007326007326	0.5245984784446323	0.5521228545618789	0.5941333333333334	0.5257575757575758	0.5410425949396307	0.029993045417889417	1762
0.2298806667327881	0.020382208109045147	0.00804605484008789	0.002003240287381936		10	log2	2	2	150	{'class_weight': None, 'max_depth': 10, 'max_features': 'log2', 'min_samples_leaf': 2, 'min_samples_split': 2, 'n_estimators': 150}	0.5325714285714286	0.49957734573119195	0.5914703850260662	0.5763324299909666	0.5440445898461165	0.5487992358331539	0.032519675909119895	1384
0.308532190322876	0.017659219631807842	0.010079669952392577	0.0035941948292762065		10	log2	2	2	200	{'class_weight': None, 'max_depth': 10, 'max_features': 'log2', 'min_samples_leaf': 2, 'min_samples_split': 2, 'n_estimators': 200}	0.5241354863156865	0.5409907552764696	0.6247515808491417	0.5914703850260662	0.5789937680498556	0.572068395103444	0.035953579810057125	363
0.4830799102783203	0.006058186942341518	0.017147302627563477	0.0024238122060438252		10	log2	2	2	300	{'class_weight': None, 'max_depth': 10, 'max_features': 'log2', 'min_samples_leaf': 2, 'min_samples_split': 2, 'n_estimators': 300}	0.5325714285714286	0.5414301947869302	0.5852278545826933	0.6005420054200542	0.5279627096316563	0.5575468385985525	0.02957553386306538	928
0.6253353595733643	0.02619982850187971	0.02237281799316406	0.004544841141541382		10	log2	2	2	400	{'class_weight': None, 'max_depth': 10, 'max_features': 'log2', 'min_samples_leaf': 2, 'min_samples_split': 2, 'n_estimators': 400}	0.5086741961741962	0.5245984784446323	0.5852278545826933	0.5852278545826933	0.4802218311736789	0.5367900429915788	0.042027469255495976	1919
0.7823238372802734	0.03418967823833771	0.023834800720214842	0.005024566570330087		10	log2	2	2	500	{'class_weight': None, 'max_depth': 10, 'max_features': 'log2', 'min_samples_leaf': 2, 'min_samples_split': 2, 'n_estimators': 500}	0.5250434604765313	0.5578067765567766	0.5852278545826933	0.5763324299909666	0.4802218311736789	0.5449264705561293	0.03836264478001456	1572
0.9896092414855957	0.07098079559005856	0.034276819229125975	0.007576292968603924		10	log2	2	2	600	{'class_weight': None, 'max_depth': 10, 'max_features': 'log2', 'min_samples_leaf': 2, 'min_samples_split': 2, 'n_estimators': 600}	0.5409907552764696	0.5496196111580728	0.5824033867177165	0.5674392312040701	0.4671604938271606	0.541522695636698	0.039845897602001704	1737
0.04865179061889648	0.004523812590979435	0.003294849395751953	0.0009876384311521876		10	log2	2	5	25	{'class_weight': None, 'max_depth': 10, 'max_features': 'log2', 'min_samples_leaf': 2, 'min_samples_split': 5, 'n_estimators': 25}	0.545299707743821	0.6141731831387004	0.5276848755109624	0.5037037037037037	0.6462606837606838	0.5674244307715742	0.053906710737476535	531
0.07530379295349121	0.00862364042445069	0.0037452220916748048	0.0012619036302732789		10	log2	2	5	50	{'class_weight': None, 'max_depth': 10, 'max_features': 'log2', 'min_samples_leaf': 2, 'min_samples_split': 5, 'n_estimators': 50}	0.49267399267399264	0.5364527945173106	0.597037037037037	0.510815395869325	0.6278659611992945	0.552969036259392	0.051452397375389765	1152
0.16000614166259766	0.006494994982337409	0.006249332427978515	0.0018610918280556655		10	log2	2	5	100	{'class_weight': None, 'max_depth': 10, 'max_features': 'log2', 'min_samples_leaf': 2, 'min_samples_split': 5, 'n_estimators': 100}	0.5168323739752311	0.5565421245421245	0.5674392312040701	0.558540723101586	0.5534782388407559	0.5505665383327535	0.017495455768579003	1307
0.2335207462310791	0.009227863652022189	0.010960817337036133	0.00350424843028445		10	log2	2	5	150	{'class_weight': None, 'max_depth': 10, 'max_features': 'log2', 'min_samples_leaf': 2, 'min_samples_split': 5, 'n_estimators': 150}	0.565149136577708	0.5414301947869302	0.5824033867177165	0.5733333333333334	0.5619439079549019	0.564851991874118	0.013690218696231079	630
0.32242259979248045	0.014655703196655918	0.010207557678222656	0.003450787132624216		10	log2	2	5	200	{'class_weight': None, 'max_depth': 10, 'max_features': 'log2', 'min_samples_leaf': 2, 'min_samples_split': 5, 'n_estimators': 200}	0.5250434604765313	0.5332404863654864	0.5763324299909666	0.5941333333333334	0.5619439079549019	0.5581387236242439	0.025908766735096508	910
0.48415865898132326	0.02356753381899123	0.01975674629211426	0.004246688792275757		10	log2	2	5	300	{'class_weight': None, 'max_depth': 10, 'max_features': 'log2', 'min_samples_leaf': 2, 'min_samples_split': 5, 'n_estimators': 300}	0.5168323739752311	0.5414301947869302	0.5521228545618789	0.5608294930875576	0.536	0.5414429832823195	0.015001364831240668	1739
0.6497140407562256	0.012727443869291085	0.020458030700683593	0.006220209690189045		10	log2	2	5	400	{'class_weight': None, 'max_depth': 10, 'max_features': 'log2', 'min_samples_leaf': 2, 'min_samples_split': 5, 'n_estimators': 400}	0.5168323739752311	0.5332404863654864	0.5286302175191064	0.5279132791327914	0.49193540011424414	0.5197103514213719	0.014897296802709202	2279
0.9046513557434082	0.03735053537838698	0.03659372329711914	0.011207037413932907		10	log2	2	5	500	{'class_weight': None, 'max_depth': 10, 'max_features': 'log2', 'min_samples_leaf': 2, 'min_samples_split': 5, 'n_estimators': 500}	0.5409907552764696	0.5332404863654864	0.536431131592422	0.5279132791327914	0.4730639730639731	0.5223279250862285	0.02499767511916342	2234
1.0772329330444337	0.019428771366047752	0.0314579963684082	0.006601101528993708		10	log2	2	5	600	{'class_weight': None, 'max_depth': 10, 'max_features': 'log2', 'min_samples_leaf': 2, 'min_samples_split': 5, 'n_estimators': 600}	0.5250434604765313	0.5496196111580728	0.536431131592422	0.5203393939393939	0.49193540011424414	0.5246737994561328	0.019241906830427064	2193
0.04142694473266602	0.005478180419996985	0.0026752471923828123	0.0011914708841709277		10	log2	2	10	25	{'class_weight': None, 'max_depth': 10, 'max_features': 'log2', 'min_samples_leaf': 2, 'min_samples_split': 10, 'n_estimators': 25}	0.5156764139814987	0.568781792919724	0.510815395869325	0.6198439241917503	0.6155015388480624	0.5661238131620719	0.046765448970081974	572
0.11317610740661621	0.019284841674575694	0.004647207260131836	0.0019443404073155798		10	log2	2	10	50	{'class_weight': None, 'max_depth': 10, 'max_features': 'log2', 'min_samples_leaf': 2, 'min_samples_split': 10, 'n_estimators': 50}	0.5553113553113553	0.6101785771070599	0.5521228545618789	0.606345785440613	0.6045092972589553	0.5856935739359725	0.026192109775028744	78
0.17748675346374512	0.014486522022932281	0.008336257934570313	0.0011332217340831294		10	log2	2	10	100	{'class_weight': None, 'max_depth': 10, 'max_features': 'log2', 'min_samples_leaf': 2, 'min_samples_split': 10, 'n_estimators': 100}	0.5596301547914452	0.565149136577708	0.5763324299909666	0.558540723101586	0.6278659611992945	0.5775036811322	0.025959285718469668	238
0.2624011993408203	0.025374992441991165	0.010554218292236328	0.002663669637637291		10	log2	2	10	150	{'class_weight': None, 'max_depth': 10, 'max_features': 'log2', 'min_samples_leaf': 2, 'min_samples_split': 10, 'n_estimators': 150}	0.5364527945173106	0.6338041178884503	0.5608294930875576	0.5674392312040701	0.6187313131313131	0.5834513899657404	0.03676160390551096	112
0.324447774887085	0.004778548125965665	0.00896315574645996	0.002104625037574091		10	log2	2	10	200	{'class_weight': None, 'max_depth': 10, 'max_features': 'log2', 'min_samples_leaf': 2, 'min_samples_split': 10, 'n_estimators': 200}	0.5071878940731399	0.631505647130647	0.5608294930875576	0.5449373737373737	0.5789937680498556	0.5646908352157147	0.04094017689834555	634
0.501673412322998	0.0072034313943444015	0.017168426513671876	0.0038323829508954198		10	log2	2	10	300	{'class_weight': None, 'max_depth': 10, 'max_features': 'log2', 'min_samples_leaf': 2, 'min_samples_split': 10, 'n_estimators': 300}	0.539301954762889	0.5996618765849535	0.5369121312666105	0.5852278545826933	0.5534782388407559	0.5629164112075804	0.025183224405675466	692
0.6559078693389893	0.04363699865401222	0.022238636016845705	0.005277052737672884		10	log2	2	10	400	{'class_weight': None, 'max_depth': 10, 'max_features': 'log2', 'min_samples_leaf': 2, 'min_samples_split': 10, 'n_estimators': 400}	0.5241354863156865	0.5823730667480668	0.5852278545826933	0.5695353535353536	0.5257575757575758	0.5574058673878752	0.02702991331605478	934
0.8635831356048584	0.05651580767322234	0.026417350769042967	0.003293781311802518		10	log2	2	10	500	{'class_weight': None, 'max_depth': 10, 'max_features': 'log2', 'min_samples_leaf': 2, 'min_samples_split': 10, 'n_estimators': 500}	0.5306551372125142	0.5893075178789464	0.5521228545618789	0.5449373737373737	0.5257575757575758	0.5485560918296579	0.0224798227455825	1393
1.0228833198547362	0.06572738014808645	0.028090667724609376	0.003069428745573279		10	log2	2	10	600	{'class_weight': None, 'max_depth': 10, 'max_features': 'log2', 'min_samples_leaf': 2, 'min_samples_split': 10, 'n_estimators': 600}	0.545299707743821	0.6044835164835165	0.5608294930875576	0.5449373737373737	0.533532412591763	0.5578165007288063	0.024896374988107716	919
0.04954032897949219	0.00882580296582558	0.003674936294555664	0.0011407895204513612		10	log2	4	2	25	{'class_weight': None, 'max_depth': 10, 'max_features': 'log2', 'min_samples_leaf': 4, 'min_samples_split': 2, 'n_estimators': 25}	0.5775896234912629	0.5594141095763419	0.5199252136752136	0.6158730158730159	0.5852278545826933	0.5716059634397055	0.03162427306327566	379
0.07916264533996582	0.006987331698184456	0.003101968765258789	0.0006913263429936761		10	log2	4	2	50	{'class_weight': None, 'max_depth': 10, 'max_features': 'log2', 'min_samples_leaf': 4, 'min_samples_split': 2, 'n_estimators': 50}	0.5686176714492661	0.5828075150655795	0.5608294930875576	0.5193769235600779	0.5619439079549019	0.5587151022234765	0.02117023084218378	883
0.16013221740722655	0.011483453548329392	0.008977222442626952	0.004606880259958486		10	log2	4	2	100	{'class_weight': None, 'max_depth': 10, 'max_features': 'log2', 'min_samples_leaf': 4, 'min_samples_split': 2, 'n_estimators': 100}	0.565149136577708	0.565149136577708	0.5279132791327914	0.5193769235600779	0.5704594017094017	0.5496095755115374	0.021458861522979798	1344
0.2745673656463623	0.10644450150473708	0.008291530609130859	0.0019004269020571165		10	log2	4	2	150	{'class_weight': None, 'max_depth': 10, 'max_features': 'log2', 'min_samples_leaf': 4, 'min_samples_split': 2, 'n_estimators': 150}	0.5805128205128205	0.565149136577708	0.5521228545618789	0.5642528049471155	0.5024471804225566	0.5528969594044159	0.026786139310694894	1156
0.30246734619140625	0.018418727098247135	0.010491228103637696	0.0025932309249808764		10	log2	4	2	200	{'class_weight': None, 'max_depth': 10, 'max_features': 'log2', 'min_samples_leaf': 4, 'min_samples_split': 2, 'n_estimators': 200}	0.5250434604765313	0.5737569517097076	0.536431131592422	0.5434080773820741	0.5534782388407559	0.5464235720002981	0.016510198135908705	1494
0.4695948600769043	0.023590406036753064	0.01597294807434082	0.005914766319739484		10	log2	4	2	300	{'class_weight': None, 'max_depth': 10, 'max_features': 'log2', 'min_samples_leaf': 4, 'min_samples_split': 2, 'n_estimators': 300}	0.5325714285714286	0.5662177518254745	0.558540723101586	0.5449373737373737	0.5179899949801804	0.5440514544432087	0.01739574179073293	1621
0.6433729648590087	0.024453044166783545	0.017087841033935548	0.0026414013909021113		10	log2	4	2	400	{'class_weight': None, 'max_depth': 10, 'max_features': 'log2', 'min_samples_leaf': 4, 'min_samples_split': 2, 'n_estimators': 400}	0.5168323739752311	0.5496196111580728	0.5733333333333334	0.5534391534391534	0.536	0.5458448943811581	0.018794594005159145	1527
0.7523767948150635	0.07694008085482192	0.028075027465820312	0.005302852819951118		10	log2	4	2	500	{'class_weight': None, 'max_depth': 10, 'max_features': 'log2', 'min_samples_leaf': 4, 'min_samples_split': 2, 'n_estimators': 500}	0.5168323739752311	0.5496196111580728	0.5878067073824066	0.5449373737373737	0.5257575757575758	0.544990728402132	0.024566011247280597	1570
0.9885807037353516	0.055219455170108046	0.03349514007568359	0.006407229370640927		10	log2	4	2	600	{'class_weight': None, 'max_depth': 10, 'max_features': 'log2', 'min_samples_leaf': 4, 'min_samples_split': 2, 'n_estimators': 600}	0.5086007326007326	0.5662177518254745	0.5674392312040701	0.536431131592422	0.5257575757575758	0.540889284596055	0.022968784241274878	1765
0.041279840469360354	0.009318177576411867	0.002893543243408203	0.0009874681806317312		10	log2	4	5	25	{'class_weight': None, 'max_depth': 10, 'max_features': 'log2', 'min_samples_leaf': 4, 'min_samples_split': 5, 'n_estimators': 25}	0.5775896234912629	0.5594141095763419	0.5199252136752136	0.6158730158730159	0.5852278545826933	0.5716059634397055	0.03162427306327566	379
0.0820643424987793	0.01072651573034112	0.004733896255493164	0.0019203712878996736		10	log2	4	5	50	{'class_weight': None, 'max_depth': 10, 'max_features': 'log2', 'min_samples_leaf': 4, 'min_samples_split': 5, 'n_estimators': 50}	0.5686176714492661	0.5828075150655795	0.5608294930875576	0.5193769235600779	0.5619439079549019	0.5587151022234765	0.02117023084218378	883
0.160546875	0.008352751187442988	0.006857395172119141	0.0022923164855243646		10	log2	4	5	100	{'class_weight': None, 'max_depth': 10, 'max_features': 'log2', 'min_samples_leaf': 4, 'min_samples_split': 5, 'n_estimators': 100}	0.565149136577708	0.565149136577708	0.5279132791327914	0.5193769235600779	0.5704594017094017	0.5496095755115374	0.021458861522979798	1344
0.23928017616271974	0.005708114736858424	0.005934000015258789	0.00036657183343314433		10	log2	4	5	150	{'class_weight': None, 'max_depth': 10, 'max_features': 'log2', 'min_samples_leaf': 4, 'min_samples_split': 5, 'n_estimators': 150}	0.5805128205128205	0.565149136577708	0.5521228545618789	0.5642528049471155	0.5024471804225566	0.5528969594044159	0.026786139310694894	1156
0.3305039882659912	0.015107741114394618	0.01063532829284668	0.0022887675230023248		10	log2	4	5	200	{'class_weight': None, 'max_depth': 10, 'max_features': 'log2', 'min_samples_leaf': 4, 'min_samples_split': 5, 'n_estimators': 200}	0.5250434604765313	0.5737569517097076	0.536431131592422	0.5434080773820741	0.5534782388407559	0.5464235720002981	0.016510198135908705	1494
0.48799405097961424	0.019861866172602948	0.016126012802124022	0.004813705080034367		10	log2	4	5	300	{'class_weight': None, 'max_depth': 10, 'max_features': 'log2', 'min_samples_leaf': 4, 'min_samples_split': 5, 'n_estimators': 300}	0.5325714285714286	0.5662177518254745	0.558540723101586	0.5449373737373737	0.5179899949801804	0.5440514544432087	0.01739574179073293	1621
0.6248231887817383	0.03680223997669214	0.021604013442993165	0.0024003775781006958		10	log2	4	5	400	{'class_weight': None, 'max_depth': 10, 'max_features': 'log2', 'min_samples_leaf': 4, 'min_samples_split': 5, 'n_estimators': 400}	0.5168323739752311	0.5496196111580728	0.5733333333333334	0.5534391534391534	0.536	0.5458448943811581	0.018794594005159145	1527
0.81661958694458	0.06178384227081472	0.02365279197692871	0.003963302647417727		10	log2	4	5	500	{'class_weight': None, 'max_depth': 10, 'max_features': 'log2', 'min_samples_leaf': 4, 'min_samples_split': 5, 'n_estimators': 500}	0.5168323739752311	0.5496196111580728	0.5878067073824066	0.5449373737373737	0.5257575757575758	0.544990728402132	0.024566011247280597	1570
0.9193760395050049	0.056806300513916184	0.028734445571899414	0.0035046959275491455		10	log2	4	5	600	{'class_weight': None, 'max_depth': 10, 'max_features': 'log2', 'min_samples_leaf': 4, 'min_samples_split': 5, 'n_estimators': 600}	0.5086007326007326	0.5662177518254745	0.5674392312040701	0.536431131592422	0.5257575757575758	0.540889284596055	0.022968784241274878	1765
0.03712553977966308	0.007641340198268512	0.0021388053894042967	0.0005650907495167257		10	log2	4	10	25	{'class_weight': None, 'max_depth': 10, 'max_features': 'log2', 'min_samples_leaf': 4, 'min_samples_split': 10, 'n_estimators': 25}	0.5981136973262957	0.5233904027007475	0.5184476342371079	0.5317416924852683	0.5704594017094017	0.5484305656917642	0.030848622709741653	1398
0.07255358695983886	0.0052552784136308825	0.0031082630157470703	0.0011123367232694832		10	log2	4	10	50	{'class_weight': None, 'max_depth': 10, 'max_features': 'log2', 'min_samples_leaf': 4, 'min_samples_split': 10, 'n_estimators': 50}	0.5874231700502887	0.5306551372125142	0.546031746031746	0.5434080773820741	0.5619439079549019	0.5538924077263049	0.01949779784454099	1108
0.16394762992858886	0.010147203911600807	0.004658794403076172	0.0008661745941871855		10	log2	4	10	100	{'class_weight': None, 'max_depth': 10, 'max_features': 'log2', 'min_samples_leaf': 4, 'min_samples_split': 10, 'n_estimators': 100}	0.5717219376841179	0.5086741961741962	0.5733333333333334	0.5496296296296296	0.5704594017094017	0.5547636997061358	0.02461450467148465	1059
0.24006524085998535	0.04414923999571134	0.007972812652587891	0.0028337598039304013		10	log2	4	10	150	{'class_weight': None, 'max_depth': 10, 'max_features': 'log2', 'min_samples_leaf': 4, 'min_samples_split': 10, 'n_estimators': 150}	0.6010568666306372	0.565149136577708	0.5496296296296296	0.5608294930875576	0.5534782388407559	0.5660286729532575	0.018336964995081962	574
0.30416364669799806	0.0036506514514114967	0.010696125030517579	0.0025605122911248916		10	log2	4	10	200	{'class_weight': None, 'max_depth': 10, 'max_features': 'log2', 'min_samples_leaf': 4, 'min_samples_split': 10, 'n_estimators': 200}	0.5775896234912629	0.5565421245421245	0.5279132791327914	0.5203393939393939	0.5257575757575758	0.5416283993726296	0.021949205709052462	1734
0.46549224853515625	0.01499761327329516	0.014622163772583009	0.0035223896177084503		10	log2	4	10	300	{'class_weight': None, 'max_depth': 10, 'max_features': 'log2', 'min_samples_leaf': 4, 'min_samples_split': 10, 'n_estimators': 300}	0.5686176714492661	0.565149136577708	0.5521228545618789	0.5449373737373737	0.536	0.5533654072652454	0.012211641127251992	1128
0.619774580001831	0.03194022343857723	0.021450042724609375	0.004347880622233065		10	log2	4	10	400	{'class_weight': None, 'max_depth': 10, 'max_features': 'log2', 'min_samples_leaf': 4, 'min_samples_split': 10, 'n_estimators': 400}	0.539301954762889	0.5662177518254745	0.5521228545618789	0.5286302175191064	0.5179899949801804	0.5408525547299059	0.016999408268887413	1768
0.7631315231323242	0.0202119797150105	0.021422433853149413	0.0033754922432504527		10	log2	4	10	500	{'class_weight': None, 'max_depth': 10, 'max_features': 'log2', 'min_samples_leaf': 4, 'min_samples_split': 10, 'n_estimators': 500}	0.5541223803518884	0.5823730667480668	0.5824033867177165	0.536431131592422	0.5440445898461165	0.559874911051242	0.019219785117590406	844
0.8903672218322753	0.019040504966234717	0.028475427627563478	0.0033759327640543605		10	log2	4	10	600	{'class_weight': None, 'max_depth': 10, 'max_features': 'log2', 'min_samples_leaf': 4, 'min_samples_split': 10, 'n_estimators': 600}	0.5541223803518884	0.5823730667480668	0.5521228545618789	0.5449373737373737	0.5068771218827209	0.5480865594563857	0.024233953495681703	1414
1.5242555141448975	0.03011404465381155	0.0027846813201904295	0.0011340724445498003		10		1	2	25	{'class_weight': None, 'max_depth': 10, 'max_features': None, 'min_samples_leaf': 1, 'min_samples_split': 2, 'n_estimators': 25}	0.5071878940731399	0.5717219376841179	0.6411522633744856	0.5259259259259259	0.6158730158730159	0.572372207386137	0.051048390875768	353
2.9974496841430662	0.058713716483796585	0.0033094406127929686	0.001328524249817227		10		1	2	50	{'class_weight': None, 'max_depth': 10, 'max_features': None, 'min_samples_leaf': 1, 'min_samples_split': 2, 'n_estimators': 50}	0.5142258131226334	0.5241354863156865	0.623308237573196	0.5925925925925926	0.5276848755109624	0.5563894010230142	0.04343002350564935	976
5.965209579467773	0.13004105884198264	0.006399965286254883	0.0027202523251039124		10		1	2	100	{'class_weight': None, 'max_depth': 10, 'max_features': None, 'min_samples_leaf': 1, 'min_samples_split': 2, 'n_estimators': 100}	0.5325068094298864	0.5325714285714286	0.5831896551724138	0.546031746031746	0.5434080773820741	0.5475415433175097	0.018656368702862556	1424
8.957994413375854	0.1554592664716042	0.009003734588623047	0.003309701401608625		10		1	2	150	{'class_weight': None, 'max_depth': 10, 'max_features': None, 'min_samples_leaf': 1, 'min_samples_split': 2, 'n_estimators': 150}	0.5415813000558763	0.6284542124542125	0.5831896551724138	0.5642528049471155	0.5619439079549019	0.575884376116904	0.02940505372317	272
12.249307632446289	0.24782168554346537	0.012888336181640625	0.004669845726700958		10		1	2	200	{'class_weight': None, 'max_depth': 10, 'max_features': None, 'min_samples_leaf': 1, 'min_samples_split': 2, 'n_estimators': 200}	0.5645022350530825	0.5717219376841179	0.6101718943824207	0.5551546078610048	0.5619439079549019	0.5726989165871055	0.01947222185653589	336
18.726693296432494	0.23584770842400718	0.015392351150512695	0.0021666084510284862		10		1	2	300	{'class_weight': None, 'max_depth': 10, 'max_features': None, 'min_samples_leaf': 1, 'min_samples_split': 2, 'n_estimators': 300}	0.5645022350530825	0.5717219376841179	0.5737643998513563	0.5551546078610048	0.5704594017094017	0.5671205164317926	0.00673053912600904	541
24.47870578765869	0.5374293816136158	0.020479249954223632	0.003320044980509262		10		1	2	400	{'class_weight': None, 'max_depth': 10, 'max_features': None, 'min_samples_leaf': 1, 'min_samples_split': 2, 'n_estimators': 400}	0.5506202480992397	0.5981136973262957	0.5642528049471155	0.5317416924852683	0.6030570252792475	0.5695570936274335	0.02740244221231304	452
29.856421089172365	0.5451485279904271	0.02357010841369629	0.003315363896876385		10		1	2	500	{'class_weight': None, 'max_depth': 10, 'max_features': None, 'min_samples_leaf': 1, 'min_samples_split': 2, 'n_estimators': 500}	0.5596301547914452	0.6044835164835165	0.558540723101586	0.5317416924852683	0.5704594017094017	0.5649710977142436	0.023517744273534456	624
35.48228640556336	0.6568846240181073	0.026792383193969725	0.003964761852569521		10		1	2	600	{'class_weight': None, 'max_depth': 10, 'max_features': None, 'min_samples_leaf': 1, 'min_samples_split': 2, 'n_estimators': 600}	0.545299707743821	0.6101785771070599	0.5925925925925926	0.546031746031746	0.5451923076923078	0.5678589862335055	0.02793502042999699	516
1.4884206295013427	0.05736307459703156	0.0024939060211181642	0.0007177319166715965		10		1	5	25	{'class_weight': None, 'max_depth': 10, 'max_features': None, 'min_samples_leaf': 1, 'min_samples_split': 5, 'n_estimators': 25}	0.5186603650586702	0.5003422606314708	0.6163347763347763	0.5878067073824066	0.5643097643097642	0.5574907747434176	0.04289970698093448	933
2.9545875549316407	0.06485528367034941	0.002573394775390625	5.359882980915419e-05		10		1	5	50	{'class_weight': None, 'max_depth': 10, 'max_features': None, 'min_samples_leaf': 1, 'min_samples_split': 5, 'n_estimators': 50}	0.5186603650586702	0.4685156113727542	0.6134920634920635	0.5925925925925926	0.5259259259259259	0.5438373116884012	0.05264392991569886	1631
5.800474166870117	0.07804468472314882	0.006518268585205078	0.002308036776988895		10		1	5	100	{'class_weight': None, 'max_depth': 10, 'max_features': None, 'min_samples_leaf': 1, 'min_samples_split': 5, 'n_estimators': 100}	0.5541223803518884	0.5086007326007326	0.5507246376811594	0.5413786992734361	0.5674392312040701	0.5444531362222573	0.01977894629697616	1592
8.824518966674805	0.20116705248916533	0.01080327033996582	0.0014475133674541063		10		1	5	150	{'class_weight': None, 'max_depth': 10, 'max_features': None, 'min_samples_leaf': 1, 'min_samples_split': 5, 'n_estimators': 150}	0.5775896234912629	0.5596301547914452	0.5776486300063106	0.6198439241917503	0.5369121312666105	0.5743248927494758	0.02723724642852345	303
11.727721214294434	0.21668088038672337	0.008218955993652344	0.0014759397866505799		10		1	5	200	{'class_weight': None, 'max_depth': 10, 'max_features': None, 'min_samples_leaf': 1, 'min_samples_split': 5, 'n_estimators': 200}	0.5736653635813299	0.5479287119999022	0.5600335249042145	0.5831896551724138	0.5369121312666105	0.5603458773848942	0.016749154686426546	810
17.4200767993927	0.20185796149414956	0.013388252258300782	0.0018521022256709576		10		1	5	300	{'class_weight': None, 'max_depth': 10, 'max_features': None, 'min_samples_leaf': 1, 'min_samples_split': 5, 'n_estimators': 300}	0.5596301547914452	0.5686176714492661	0.5600335249042145	0.5507246376811594	0.5869756846431933	0.5651963346938558	0.012272836733754169	614
23.323664903640747	0.29084072794896887	0.01825404167175293	0.0024224880405279187		10		1	5	400	{'class_weight': None, 'max_depth': 10, 'max_features': None, 'min_samples_leaf': 1, 'min_samples_split': 5, 'n_estimators': 400}	0.5967104790634203	0.5823730667480668	0.5737643998513563	0.546031746031746	0.6030570252792475	0.5803873433947674	0.020042319144180247	163
29.050329208374023	0.5439505628748554	0.024184989929199218	0.0016831450762426405		10		1	5	500	{'class_weight': None, 'max_depth': 10, 'max_features': None, 'min_samples_leaf': 1, 'min_samples_split': 5, 'n_estimators': 500}	0.5645022350530825	0.5893075178789464	0.601980438612478	0.5600335249042145	0.536	0.5703647432897443	0.023153485946620235	419
35.1896963596344	0.7538070318179744	0.027985191345214842	0.004322124330768934		10		1	5	600	{'class_weight': None, 'max_depth': 10, 'max_features': None, 'min_samples_leaf': 1, 'min_samples_split': 5, 'n_estimators': 600}	0.5645022350530825	0.5717219376841179	0.6198439241917503	0.5368773946360154	0.5102222222222222	0.5606335427574376	0.036740833859335284	799
1.474397563934326	0.07235988030904927	0.0024985313415527345	0.0008634253392540992		10		1	10	25	{'class_weight': None, 'max_depth': 10, 'max_features': None, 'min_samples_leaf': 1, 'min_samples_split': 10, 'n_estimators': 25}	0.5156764139814987	0.5717219376841179	0.5907563025210084	0.5259259259259259	0.5693121693121693	0.554678549884944	0.028823962635427042	1063
2.9234405517578126	0.09770375952681844	0.003536510467529297	0.0014118283237883917		10		1	10	50	{'class_weight': None, 'max_depth': 10, 'max_features': None, 'min_samples_leaf': 1, 'min_samples_split': 10, 'n_estimators': 50}	0.5364527945173106	0.5325714285714286	0.6004784337897533	0.5346780594854555	0.5286302175191064	0.546562186776611	0.027083909695296695	1485
5.7970386981964115	0.10674754693943418	0.005571317672729492	0.0022287671840420654		10		1	10	100	{'class_weight': None, 'max_depth': 10, 'max_features': None, 'min_samples_leaf': 1, 'min_samples_split': 10, 'n_estimators': 100}	0.5364527945173106	0.5737569517097076	0.5737643998513563	0.5368773946360154	0.5203393939393939	0.5482381869307568	0.021675334498868958	1406
8.589248752593994	0.08386660979231986	0.009434223175048828	0.003769148900422248		10		1	10	150	{'class_weight': None, 'max_depth': 10, 'max_features': None, 'min_samples_leaf': 1, 'min_samples_split': 10, 'n_estimators': 150}	0.5186603650586702	0.6193083890525493	0.5693121693121693	0.5551546078610048	0.5118803545783192	0.5548631771725425	0.03878198108161819	1050
11.524102592468262	0.13307691036686636	0.009840917587280274	0.003145260133193643		10		1	10	200	{'class_weight': None, 'max_depth': 10, 'max_features': None, 'min_samples_leaf': 1, 'min_samples_split': 10, 'n_estimators': 200}	0.545299707743821	0.5865530363256697	0.5737643998513563	0.5259259259259259	0.536	0.5535086139693546	0.02296507389410547	1125
17.39736590385437	0.21514646033722185	0.014994239807128907	0.0025878352115921445		10		1	10	300	{'class_weight': None, 'max_depth': 10, 'max_features': None, 'min_samples_leaf': 1, 'min_samples_split': 10, 'n_estimators': 300}	0.5364527945173106	0.6010568666306372	0.5693121693121693	0.5600335249042145	0.5534782388407559	0.5640667188410176	0.021385495845298638	657
22.98872685432434	0.4311792642513539	0.021954870223999022	0.004094742334047164		10		1	10	400	{'class_weight': None, 'max_depth': 10, 'max_features': None, 'min_samples_leaf': 1, 'min_samples_split': 10, 'n_estimators': 400}	0.5736653635813299	0.5805128205128205	0.5642528049471155	0.5693121693121693	0.5619439079549019	0.5699374132616674	0.006668413317861425	436
29.044963598251343	0.48740038111934836	0.026491594314575196	0.0036370448942975486		10		1	10	500	{'class_weight': None, 'max_depth': 10, 'max_features': None, 'min_samples_leaf': 1, 'min_samples_split': 10, 'n_estimators': 500}	0.5828075150655795	0.6101785771070599	0.5693121693121693	0.5872408293460926	0.5619439079549019	0.5822965997571606	0.016642948051347698	138
35.182193231582644	0.8021525128585487	0.032990026473999026	0.010526207789280338		10		1	10	600	{'class_weight': None, 'max_depth': 10, 'max_features': None, 'min_samples_leaf': 1, 'min_samples_split': 10, 'n_estimators': 600}	0.5828075150655795	0.5865530363256697	0.5925925925925926	0.5600335249042145	0.5451923076923078	0.5734357953160728	0.01791194835860778	324
1.4062947750091552	0.040162466196713154	0.0023367881774902345	0.0010912902578337888		10		2	2	25	{'class_weight': None, 'max_depth': 10, 'max_features': None, 'min_samples_leaf': 2, 'min_samples_split': 2, 'n_estimators': 25}	0.5132754342431762	0.5168323739752311	0.618724279835391	0.5925925925925926	0.5551546078610048	0.5593158577014792	0.04142121361676308	862
2.874876594543457	0.08373410657115216	0.0032878398895263674	0.0014003105887033709		10		2	2	50	{'class_weight': None, 'max_depth': 10, 'max_features': None, 'min_samples_leaf': 2, 'min_samples_split': 2, 'n_estimators': 50}	0.5275751326171494	0.47654903494725526	0.6163347763347763	0.6158730158730159	0.5083287771095316	0.5489321473763457	0.05721584568450813	1379
5.680450963973999	0.16948341512216858	0.005170011520385742	0.0013736262723532354		10		2	2	100	{'class_weight': None, 'max_depth': 10, 'max_features': None, 'min_samples_leaf': 2, 'min_samples_split': 2, 'n_estimators': 100}	0.5415813000558763	0.5565421245421245	0.5737643998513563	0.5507246376811594	0.5434080773820741	0.5532041079025182	0.011585055967786967	1140
8.591456890106201	0.16897289014070818	0.009307003021240235	0.003529014648146751		10		2	2	150	{'class_weight': None, 'max_depth': 10, 'max_features': None, 'min_samples_leaf': 2, 'min_samples_split': 2, 'n_estimators': 150}	0.5506202480992397	0.5596301547914452	0.5600335249042145	0.5693121693121693	0.5279627096316563	0.5535117613477449	0.014076476281501063	1121
11.633968591690063	0.08668363212423516	0.008959007263183594	0.0019390009447453394		10		2	2	200	{'class_weight': None, 'max_depth': 10, 'max_features': None, 'min_samples_leaf': 2, 'min_samples_split': 2, 'n_estimators': 200}	0.5506202480992397	0.5805128205128205	0.5872408293460926	0.5642528049471155	0.5102222222222222	0.558569785025498	0.027336804021756204	888
17.32589201927185	0.3278541102273331	0.01864323616027832	0.0033122110537031767		10		2	2	300	{'class_weight': None, 'max_depth': 10, 'max_features': None, 'min_samples_leaf': 2, 'min_samples_split': 2, 'n_estimators': 300}	0.5506202480992397	0.5717219376841179	0.5831896551724138	0.5831896551724138	0.5869756846431933	0.5751394361542758	0.01328592269617086	286
23.123596906661987	0.33589417055726684	0.02095189094543457	0.0035445173161249613		10		2	2	400	{'class_weight': None, 'max_depth': 10, 'max_features': None, 'min_samples_leaf': 2, 'min_samples_split': 2, 'n_estimators': 400}	0.5506202480992397	0.5737569517097076	0.5551546078610048	0.546031746031746	0.5869756846431933	0.5625078476689783	0.015440624807826526	696
28.964059162139893	0.6067260471732753	0.024613046646118165	0.004543392737449104		10		2	2	500	{'class_weight': None, 'max_depth': 10, 'max_features': None, 'min_samples_leaf': 2, 'min_samples_split': 2, 'n_estimators': 500}	0.5415813000558763	0.5955151633683335	0.5642528049471155	0.5317416924852683	0.5451923076923078	0.5556566537097802	0.02254833961391347	1013
34.542386865615846	0.7081640811179071	0.030214929580688478	0.0033800090982492974		10		2	2	600	{'class_weight': None, 'max_depth': 10, 'max_features': None, 'min_samples_leaf': 2, 'min_samples_split': 2, 'n_estimators': 600}	0.5596301547914452	0.6044835164835165	0.606345785440613	0.5368773946360154	0.5451923076923078	0.5705058318087797	0.029424180439396947	414
1.449650192260742	0.06958059929469014	0.0022376060485839845	0.0008805097793842666		10		2	5	25	{'class_weight': None, 'max_depth': 10, 'max_features': None, 'min_samples_leaf': 2, 'min_samples_split': 5, 'n_estimators': 25}	0.49009807396904165	0.5325714285714286	0.5962962962962963	0.5925925925925926	0.5785675232367414	0.5580251829332201	0.04084986515790665	913
2.862383794784546	0.08666951700837665	0.0038918495178222657	0.0016465696464500427		10		2	5	50	{'class_weight': None, 'max_depth': 10, 'max_features': None, 'min_samples_leaf': 2, 'min_samples_split': 5, 'n_estimators': 50}	0.5368199613494875	0.49205087320010843	0.6004784337897533	0.5642528049471155	0.5434080773820741	0.5474020301337077	0.035476007805546134	1434
5.6648283958435055	0.09437417520687671	0.00569300651550293	0.001120827303818756		10		2	5	100	{'class_weight': None, 'max_depth': 10, 'max_features': None, 'min_samples_leaf': 2, 'min_samples_split': 5, 'n_estimators': 100}	0.545299707743821	0.5565421245421245	0.6004784337897533	0.5643097643097642	0.5534391534391534	0.5640138367649232	0.019223024971601832	659
8.511034870147705	0.14434019058101347	0.009354114532470703	0.0032569312812513285		10		2	5	150	{'class_weight': None, 'max_depth': 10, 'max_features': None, 'min_samples_leaf': 2, 'min_samples_split': 5, 'n_estimators': 150}	0.545299707743821	0.5775896234912629	0.5872408293460926	0.5872408293460926	0.5279627096316563	0.565066739911785	0.024114923683829198	623
11.339953517913818	0.23281287806060905	0.013406991958618164	0.0034229114868835893		10		2	5	200	{'class_weight': None, 'max_depth': 10, 'max_features': None, 'min_samples_leaf': 2, 'min_samples_split': 5, 'n_estimators': 200}	0.5219817440383759	0.5717219376841179	0.5737643998513563	0.5925925925925926	0.536	0.5592121348332886	0.026105262867874197	869
17.519001960754395	0.29113088707790713	0.015490341186523437	0.0039985755192159245		10		2	5	300	{'class_weight': None, 'max_depth': 10, 'max_features': None, 'min_samples_leaf': 2, 'min_samples_split': 5, 'n_estimators': 300}	0.5596301547914452	0.5865530363256697	0.5737643998513563	0.5600335249042145	0.5534782388407559	0.5666918709426882	0.01194393599972881	554
22.990641403198243	0.5320975020298462	0.019846391677856446	0.0042527907064099126		10		2	5	400	{'class_weight': None, 'max_depth': 10, 'max_features': None, 'min_samples_leaf': 2, 'min_samples_split': 5, 'n_estimators': 400}	0.5736653635813299	0.5893075178789464	0.5737643998513563	0.5693121693121693	0.5869756846431933	0.5786050270533989	0.007984990548293578	201
28.783139657974242	0.3989128500893783	0.02424335479736328	0.0028044026934220968		10		2	5	500	{'class_weight': None, 'max_depth': 10, 'max_features': None, 'min_samples_leaf': 2, 'min_samples_split': 5, 'n_estimators': 500}	0.5645022350530825	0.5955151633683335	0.5831896551724138	0.5643097643097642	0.5279627096316563	0.5670959055070501	0.022858520180862346	542
34.42266435623169	0.5242907308218865	0.027740001678466797	0.005171307523763449		10		2	5	600	{'class_weight': None, 'max_depth': 10, 'max_features': None, 'min_samples_leaf': 2, 'min_samples_split': 5, 'n_estimators': 600}	0.5828075150655795	0.5865530363256697	0.5968041620215533	0.5507246376811594	0.5279627096316563	0.5689704121451236	0.02565101040392813	471
1.4312069892883301	0.03114756738139443	0.002966785430908203	0.0010761560928102436		10		2	10	25	{'class_weight': None, 'max_depth': 10, 'max_features': None, 'min_samples_leaf': 2, 'min_samples_split': 10, 'n_estimators': 25}	0.5275751326171494	0.5250434604765313	0.5776486300063106	0.558540723101586	0.546031746031746	0.5469679384466646	0.019661507000681352	1468
2.850358772277832	0.051398208439973114	0.002883625030517578	0.0006594533153686355		10		2	10	50	{'class_weight': None, 'max_depth': 10, 'max_features': None, 'min_samples_leaf': 2, 'min_samples_split': 10, 'n_estimators': 50}	0.5275751326171494	0.5156764139814987	0.6134920634920635	0.510815395869325	0.5521228545618789	0.5439363721043831	0.03759874241746447	1627
5.5976025581359865	0.04102280178205258	0.005528783798217774	0.0020926938873019993		10		2	10	100	{'class_weight': None, 'max_depth': 10, 'max_features': None, 'min_samples_leaf': 2, 'min_samples_split': 10, 'n_estimators': 100}	0.5186603650586702	0.5479287119999022	0.6134920634920635	0.5368773946360154	0.536431131592422	0.5506779333558146	0.03277719961174784	1293
8.603542757034301	0.23722602774893967	0.009352731704711913	0.003523952837400484		10		2	10	150	{'class_weight': None, 'max_depth': 10, 'max_features': None, 'min_samples_leaf': 2, 'min_samples_split': 10, 'n_estimators': 150}	0.5097022635484174	0.5306551372125142	0.5831896551724138	0.5693121693121693	0.5286302175191064	0.5442978885529243	0.02744719148437535	1602
11.358506298065185	0.17382327470747558	0.010441875457763672	0.0034237648197502405		10		2	10	200	{'class_weight': None, 'max_depth': 10, 'max_features': None, 'min_samples_leaf': 2, 'min_samples_split': 10, 'n_estimators': 200}	0.5186603650586702	0.5629274955442795	0.5776486300063106	0.5643097643097642	0.536	0.5519092509838048	0.021430271853311828	1202
16.92025942802429	0.29464243961955183	0.016187715530395507	0.003321140962153057		10		2	10	300	{'class_weight': None, 'max_depth': 10, 'max_features': None, 'min_samples_leaf': 2, 'min_samples_split': 10, 'n_estimators': 300}	0.5506202480992397	0.5775896234912629	0.5600335249042145	0.5737643998513563	0.5534782388407559	0.5630972070373658	0.010783360690694762	687
22.557923126220704	0.5518078339084032	0.018275022506713867	0.004426910421417697		10		2	10	400	{'class_weight': None, 'max_depth': 10, 'max_features': None, 'min_samples_leaf': 2, 'min_samples_split': 10, 'n_estimators': 400}	0.5914774880292122	0.5717219376841179	0.5693121693121693	0.5737643998513563	0.5782480893592005	0.5769048168472112	0.007855442423423979	254
28.544326639175416	0.5743721104608938	0.02430276870727539	0.002500965480737591		10		2	10	500	{'class_weight': None, 'max_depth': 10, 'max_features': None, 'min_samples_leaf': 2, 'min_samples_split': 10, 'n_estimators': 500}	0.5828075150655795	0.6101785771070599	0.5831896551724138	0.5872408293460926	0.5619439079549019	0.5850720969292096	0.015353330520984226	82
34.406838703155515	0.6801409510807344	0.027956342697143553	0.005027868776607905		10		2	10	600	{'class_weight': None, 'max_depth': 10, 'max_features': None, 'min_samples_leaf': 2, 'min_samples_split': 10, 'n_estimators': 600}	0.5828075150655795	0.6010568666306372	0.6101718943824207	0.5737643998513563	0.5451923076923078	0.5825985967244602	0.022708199453442855	133
1.3896533966064453	0.11799106517417504	0.0027771472930908205	0.0010792797315448024		10		4	2	25	{'class_weight': None, 'max_depth': 10, 'max_features': None, 'min_samples_leaf': 4, 'min_samples_split': 2, 'n_estimators': 25}	0.5364527945173106	0.5479287119999022	0.6004784337897533	0.5496296296296296	0.5193769235600779	0.5507732986993348	0.027095421453450987	1288
2.707466411590576	0.0814917157528833	0.004374980926513672	0.0015745205058914375		10		4	2	50	{'class_weight': None, 'max_depth': 10, 'max_features': None, 'min_samples_leaf': 4, 'min_samples_split': 2, 'n_estimators': 50}	0.5415813000558763	0.5168323739752311	0.5907563025210084	0.5914703850260662	0.49574141414141415	0.5472763551439193	0.0386231482070675	1451
5.333461093902588	0.10015662001745491	0.008369874954223634	0.0028897296595125146		10		4	2	100	{'class_weight': None, 'max_depth': 10, 'max_features': None, 'min_samples_leaf': 4, 'min_samples_split': 2, 'n_estimators': 100}	0.5594141095763419	0.565149136577708	0.5872408293460926	0.5317416924852683	0.5440445898461165	0.5575180715663054	0.018927371035477956	931
7.9415223598480225	0.19474858321306895	0.010732364654541016	0.0023775728898714154		10		4	2	150	{'class_weight': None, 'max_depth': 10, 'max_features': None, 'min_samples_leaf': 4, 'min_samples_split': 2, 'n_estimators': 150}	0.5275751326171494	0.5805128205128205	0.6134920634920635	0.5600335249042145	0.49193540011424414	0.5547097883280985	0.04201525406488747	1060
10.583802795410156	0.04671625900394804	0.011263132095336914	0.0032034576021190845		10		4	2	200	{'class_weight': None, 'max_depth': 10, 'max_features': None, 'min_samples_leaf': 4, 'min_samples_split': 2, 'n_estimators': 200}	0.5736653635813299	0.5955151633683335	0.6004784337897533	0.5693121693121693	0.4994107744107744	0.5676763808924721	0.03619311876511838	526
15.916186428070068	0.3131379348743853	0.013664770126342773	0.0016545675897141426		10		4	2	300	{'class_weight': None, 'max_depth': 10, 'max_features': None, 'min_samples_leaf': 4, 'min_samples_split': 2, 'n_estimators': 300}	0.5736653635813299	0.6101785771070599	0.5831896551724138	0.5600335249042145	0.5704594017094017	0.5795053044948839	0.017026494414069428	176
21.125310707092286	0.4306731529314504	0.01944422721862793	0.005326592097173719		10		4	2	400	{'class_weight': None, 'max_depth': 10, 'max_features': None, 'min_samples_leaf': 4, 'min_samples_split': 2, 'n_estimators': 400}	0.5781159011928243	0.6284542124542125	0.5831896551724138	0.5600335249042145	0.5534782388407559	0.5806543065128842	0.026311433980939422	160
26.631593036651612	0.5610098716120436	0.024632835388183595	0.004524187928404444		10		4	2	500	{'class_weight': None, 'max_depth': 10, 'max_features': None, 'min_samples_leaf': 4, 'min_samples_split': 2, 'n_estimators': 500}	0.568781792919724	0.5955151633683335	0.606345785440613	0.5600335249042145	0.5279627096316563	0.5717277952529083	0.02765885657313316	374
32.16764917373657	0.6718395094078359	0.028993988037109376	0.002896643692427241		10		4	2	600	{'class_weight': None, 'max_depth': 10, 'max_features': None, 'min_samples_leaf': 4, 'min_samples_split': 2, 'n_estimators': 600}	0.5781159011928243	0.6101785771070599	0.6198439241917503	0.5507246376811594	0.5279627096316563	0.57736514996089	0.03473341012240413	242
1.353906011581421	0.08649091330114472	0.0028110504150390624	0.0012418698978814782		10		4	5	25	{'class_weight': None, 'max_depth': 10, 'max_features': None, 'min_samples_leaf': 4, 'min_samples_split': 5, 'n_estimators': 25}	0.5364527945173106	0.5479287119999022	0.6004784337897533	0.5496296296296296	0.5193769235600779	0.5507732986993348	0.027095421453450987	1288
2.6603791236877443	0.09183558528451288	0.004815244674682617	0.0012782192653230757		10		4	5	50	{'class_weight': None, 'max_depth': 10, 'max_features': None, 'min_samples_leaf': 4, 'min_samples_split': 5, 'n_estimators': 50}	0.5415813000558763	0.5168323739752311	0.5907563025210084	0.5914703850260662	0.49574141414141415	0.5472763551439193	0.0386231482070675	1451
5.236852550506592	0.10670339941750848	0.004663944244384766	0.0006720766436217196		10		4	5	100	{'class_weight': None, 'max_depth': 10, 'max_features': None, 'min_samples_leaf': 4, 'min_samples_split': 5, 'n_estimators': 100}	0.5594141095763419	0.565149136577708	0.5872408293460926	0.5317416924852683	0.5440445898461165	0.5575180715663054	0.018927371035477956	931
8.034594774246216	0.22564675664850886	0.010529804229736327	0.003548851256315129		10		4	5	150	{'class_weight': None, 'max_depth': 10, 'max_features': None, 'min_samples_leaf': 4, 'min_samples_split': 5, 'n_estimators': 150}	0.5275751326171494	0.5805128205128205	0.6134920634920635	0.5600335249042145	0.49193540011424414	0.5547097883280985	0.04201525406488747	1060
10.87382893562317	0.12134426459806694	0.007859086990356446	0.000882343703712142		10		4	5	200	{'class_weight': None, 'max_depth': 10, 'max_features': None, 'min_samples_leaf': 4, 'min_samples_split': 5, 'n_estimators': 200}	0.5736653635813299	0.5955151633683335	0.6004784337897533	0.5693121693121693	0.4994107744107744	0.5676763808924721	0.03619311876511838	526
16.130454587936402	0.22824242650566415	0.015267562866210938	0.003500785545678699		10		4	5	300	{'class_weight': None, 'max_depth': 10, 'max_features': None, 'min_samples_leaf': 4, 'min_samples_split': 5, 'n_estimators': 300}	0.5736653635813299	0.6101785771070599	0.5831896551724138	0.5600335249042145	0.5704594017094017	0.5795053044948839	0.017026494414069428	176
21.247633600234984	0.48840426311223467	0.019981527328491212	0.0030826708383872286		10		4	5	400	{'class_weight': None, 'max_depth': 10, 'max_features': None, 'min_samples_leaf': 4, 'min_samples_split': 5, 'n_estimators': 400}	0.5781159011928243	0.6284542124542125	0.5831896551724138	0.5600335249042145	0.5534782388407559	0.5806543065128842	0.026311433980939422	160
26.977170181274413	0.4577713987400028	0.023448085784912108	0.0007205860616571639		10		4	5	500	{'class_weight': None, 'max_depth': 10, 'max_features': None, 'min_samples_leaf': 4, 'min_samples_split': 5, 'n_estimators': 500}	0.568781792919724	0.5955151633683335	0.606345785440613	0.5600335249042145	0.5279627096316563	0.5717277952529083	0.02765885657313316	374
32.54345211982727	0.6506582229098107	0.02913074493408203	0.003674400888922062		10		4	5	600	{'class_weight': None, 'max_depth': 10, 'max_features': None, 'min_samples_leaf': 4, 'min_samples_split': 5, 'n_estimators': 600}	0.5781159011928243	0.6101785771070599	0.6198439241917503	0.5507246376811594	0.5279627096316563	0.57736514996089	0.03473341012240413	242
1.366529941558838	0.06173259714836989	0.0018473625183105468	5.0038056333817654e-05		10		4	10	25	{'class_weight': None, 'max_depth': 10, 'max_features': None, 'min_samples_leaf': 4, 'min_samples_split': 10, 'n_estimators': 25}	0.5506202480992397	0.5479287119999022	0.5711976911976913	0.5406989025118244	0.5203393939393939	0.5461569895496103	0.016409968760205642	1507
2.850426959991455	0.1327749771311179	0.003295135498046875	0.0013852116441972575		10		4	10	50	{'class_weight': None, 'max_depth': 10, 'max_features': None, 'min_samples_leaf': 4, 'min_samples_split': 10, 'n_estimators': 50}	0.5325068094298864	0.5325714285714286	0.6004784337897533	0.5521228545618789	0.5369121312666105	0.5509183315239115	0.025804733099816828	1276
5.282829904556275	0.13113845285897024	0.005798530578613281	0.0022028684036782932		10		4	10	100	{'class_weight': None, 'max_depth': 10, 'max_features': None, 'min_samples_leaf': 4, 'min_samples_split': 10, 'n_estimators': 100}	0.5186603650586702	0.5662177518254745	0.5872408293460926	0.5507246376811594	0.536	0.5517687167822793	0.023718983398968278	1211
7.933026361465454	0.1577807210790902	0.009180402755737305	0.0019364144618342891		10		4	10	150	{'class_weight': None, 'max_depth': 10, 'max_features': None, 'min_samples_leaf': 4, 'min_samples_split': 10, 'n_estimators': 150}	0.5460860978102358	0.5805128205128205	0.623308237573196	0.5368773946360154	0.5024471804225566	0.5578463461909648	0.04110011245884419	917
10.743984937667847	0.18283028139961982	0.009997701644897461	0.003629395608239134		10		4	10	200	{'class_weight': None, 'max_depth': 10, 'max_features': None, 'min_samples_leaf': 4, 'min_samples_split': 10, 'n_estimators': 200}	0.5553113553113553	0.5805128205128205	0.623308237573196	0.5600335249042145	0.5179899949801804	0.5674311866563534	0.03446569630548154	530
15.887170028686523	0.2167121991687488	0.015040826797485352	0.0023864904346606003		10		4	10	300	{'class_weight': None, 'max_depth': 10, 'max_features': None, 'min_samples_leaf': 4, 'min_samples_split': 10, 'n_estimators': 300}	0.5736653635813299	0.6101785771070599	0.5968041620215533	0.5643097643097642	0.5704594017094017	0.5830834537458218	0.01745234696397433	118
21.051069927215575	0.5572874041254351	0.01981182098388672	0.003644153121576171		10		4	10	400	{'class_weight': None, 'max_depth': 10, 'max_features': None, 'min_samples_leaf': 4, 'min_samples_split': 10, 'n_estimators': 400}	0.5553113553113553	0.5893075178789464	0.5831896551724138	0.5600335249042145	0.5619439079549019	0.5699571922443664	0.013614151573686555	430
26.35762686729431	0.4137338241248187	0.026809072494506835	0.0025967515663149095		10		4	10	500	{'class_weight': None, 'max_depth': 10, 'max_features': None, 'min_samples_leaf': 4, 'min_samples_split': 10, 'n_estimators': 500}	0.5553113553113553	0.6284542124542125	0.5831896551724138	0.5600335249042145	0.5279627096316563	0.5709902914947704	0.03366950923646773	401
31.7364408493042	0.604082786221325	0.029327249526977538	0.0014955956730968788		10		4	10	600	{'class_weight': None, 'max_depth': 10, 'max_features': None, 'min_samples_leaf': 4, 'min_samples_split': 10, 'n_estimators': 600}	0.5781159011928243	0.6101785771070599	0.6331029594187488	0.5507246376811594	0.5451923076923078	0.58346287661842	0.033890663474961995	108
0.0869318962097168	0.003876877164765614	0.002583932876586914	0.0009984884744477969		15	sqrt	1	2	25	{'class_weight': None, 'max_depth': 15, 'max_features': 'sqrt', 'min_samples_leaf': 1, 'min_samples_split': 2, 'n_estimators': 25}	0.44479979163732786	0.5368199613494875	0.5319890224394253	0.6158730158730159	0.510815395869325	0.5280594374337163	0.05483236008695127	2141
0.16834063529968263	0.016575127443760586	0.00347900390625	0.0011454025566595138		15	sqrt	1	2	50	{'class_weight': None, 'max_depth': 15, 'max_features': 'sqrt', 'min_samples_leaf': 1, 'min_samples_split': 2, 'n_estimators': 50}	0.5132754342431762	0.5479287119999022	0.5737643998513563	0.5824033867177165	0.558540723101586	0.5551825311827474	0.024109587051116693	1032
0.3178104400634766	0.03120805991065323	0.007347583770751953	0.002703674970678056		15	sqrt	1	2	100	{'class_weight': None, 'max_depth': 15, 'max_features': 'sqrt', 'min_samples_leaf': 1, 'min_samples_split': 2, 'n_estimators': 100}	0.5596301547914452	0.565149136577708	0.5496296296296296	0.5521228545618789	0.5118803545783192	0.5476824260277962	0.018725018171157407	1423
0.4706780433654785	0.01633064253642031	0.009283828735351562	0.002186771154503907		15	sqrt	1	2	150	{'class_weight': None, 'max_depth': 15, 'max_features': 'sqrt', 'min_samples_leaf': 1, 'min_samples_split': 2, 'n_estimators': 150}	0.545299707743821	0.5565421245421245	0.5406989025118244	0.5852278545826933	0.5521228545618789	0.5559782887884683	0.015609043027049109	1001
0.6348198890686035	0.009643627858054097	0.01227259635925293	0.0020653877934996324		15	sqrt	1	2	200	{'class_weight': None, 'max_depth': 15, 'max_features': 'sqrt', 'min_samples_leaf': 1, 'min_samples_split': 2, 'n_estimators': 200}	0.539301954762889	0.539301954762889	0.5733333333333334	0.5674392312040701	0.536431131592422	0.5511615211311206	0.015841944996722947	1253
0.9333558559417725	0.03106970478598068	0.013949728012084961	0.0020965977067841737		15	sqrt	1	2	300	{'class_weight': None, 'max_depth': 15, 'max_features': 'sqrt', 'min_samples_leaf': 1, 'min_samples_split': 2, 'n_estimators': 300}	0.5541223803518884	0.5168323739752311	0.5674392312040701	0.536431131592422	0.5440445898461165	0.5437739413939455	0.017011609518247282	1632
1.3036323547363282	0.06253015265289502	0.02398524284362793	0.008594313062622221		15	sqrt	1	2	400	{'class_weight': None, 'max_depth': 15, 'max_features': 'sqrt', 'min_samples_leaf': 1, 'min_samples_split': 2, 'n_estimators': 400}	0.5629274955442795	0.5325714285714286	0.5763324299909666	0.5449373737373737	0.5440445898461165	0.5521626635380329	0.015504732433677549	1182
1.594437599182129	0.035821335498649465	0.024073171615600585	0.002120616221830225		15	sqrt	1	2	500	{'class_weight': None, 'max_depth': 15, 'max_features': 'sqrt', 'min_samples_leaf': 1, 'min_samples_split': 2, 'n_estimators': 500}	0.5565421245421245	0.5325714285714286	0.5914703850260662	0.5193769235600779	0.5257575757575758	0.5451436874914546	0.026358666194128164	1560
1.967942190170288	0.03731666020707359	0.027699947357177734	0.0016078482241548046		15	sqrt	1	2	600	{'class_weight': None, 'max_depth': 15, 'max_features': 'sqrt', 'min_samples_leaf': 1, 'min_samples_split': 2, 'n_estimators': 600}	0.5565421245421245	0.5717219376841179	0.597037037037037	0.5037037037037037	0.49193540011424414	0.5441880406162455	0.0401822728942908	1608
0.09047460556030273	0.01423385533047235	0.003950262069702148	0.0011684009845027142		15	sqrt	1	5	25	{'class_weight': None, 'max_depth': 15, 'max_features': 'sqrt', 'min_samples_leaf': 1, 'min_samples_split': 5, 'n_estimators': 25}	0.5219817440383759	0.5775896234912629	0.5711976911976913	0.5317416924852683	0.510815395869325	0.5426652294163846	0.026815505962939728	1676
0.15200953483581542	0.01508571632577082	0.003967809677124024	0.0015359500168379953		15	sqrt	1	5	50	{'class_weight': None, 'max_depth': 15, 'max_features': 'sqrt', 'min_samples_leaf': 1, 'min_samples_split': 5, 'n_estimators': 50}	0.5364527945173106	0.5409907552764696	0.49947089947089945	0.48491586173379503	0.5608294930875576	0.5245319608172064	0.028028560942242563	2194
0.31738934516906736	0.00739678730088152	0.005926895141601563	0.002040965974520178		15	sqrt	1	5	100	{'class_weight': None, 'max_depth': 15, 'max_features': 'sqrt', 'min_samples_leaf': 1, 'min_samples_split': 5, 'n_estimators': 100}	0.539301954762889	0.5565421245421245	0.5521228545618789	0.5733333333333334	0.6395326926700584	0.5721665919740568	0.03539918806804699	359
0.4705472469329834	0.017209223049457146	0.009951448440551758	0.003017737226929563		15	sqrt	1	5	150	{'class_weight': None, 'max_depth': 15, 'max_features': 'sqrt', 'min_samples_leaf': 1, 'min_samples_split': 5, 'n_estimators': 150}	0.539301954762889	0.5409907552764696	0.5674392312040701	0.5642528049471155	0.5782480893592005	0.5580465671099489	0.01534341707315605	912
0.6374680042266846	0.013057425110637148	0.01018381118774414	0.0021817975792130747		15	sqrt	1	5	200	{'class_weight': None, 'max_depth': 15, 'max_features': 'sqrt', 'min_samples_leaf': 1, 'min_samples_split': 5, 'n_estimators': 200}	0.49866378033293085	0.5250434604765313	0.5852278545826933	0.5346780594854555	0.5782480893592005	0.5443722488473622	0.032782911864530764	1595
0.9532122611999512	0.03706288373182047	0.015334558486938477	0.005120034069951531		15	sqrt	1	5	300	{'class_weight': None, 'max_depth': 15, 'max_features': 'sqrt', 'min_samples_leaf': 1, 'min_samples_split': 5, 'n_estimators': 300}	0.5219817440383759	0.5325714285714286	0.606266050333847	0.5369121312666105	0.5619439079549019	0.5519350524330328	0.030165786231979998	1200
1.284235143661499	0.03833692087207394	0.01893310546875	0.001785304756305053		15	sqrt	1	5	400	{'class_weight': None, 'max_depth': 15, 'max_features': 'sqrt', 'min_samples_leaf': 1, 'min_samples_split': 5, 'n_estimators': 400}	0.539301954762889	0.5565421245421245	0.5763324299909666	0.5286302175191064	0.5440445898461165	0.5489702633322405	0.016355287585402705	1378
1.593262004852295	0.0637157536118874	0.022590780258178712	0.003466162769976304		15	sqrt	1	5	500	{'class_weight': None, 'max_depth': 15, 'max_features': 'sqrt', 'min_samples_leaf': 1, 'min_samples_split': 5, 'n_estimators': 500}	0.5086007326007326	0.5565421245421245	0.597037037037037	0.5118803545783192	0.5257575757575758	0.5399635649031578	0.03318533995879214	1801
1.90619797706604	0.04093814085431675	0.027515459060668945	0.002382218309174959		15	sqrt	1	5	600	{'class_weight': None, 'max_depth': 15, 'max_features': 'sqrt', 'min_samples_leaf': 1, 'min_samples_split': 5, 'n_estimators': 600}	0.5325714285714286	0.5409907552764696	0.5878067073824066	0.5203393939393939	0.5068771218827209	0.5377170814104839	0.027565385682935636	1883
0.07997817993164062	0.008994394831688455	0.0035481929779052736	0.0010067597357472477		15	sqrt	1	10	25	{'class_weight': None, 'max_depth': 15, 'max_features': 'sqrt', 'min_samples_leaf': 1, 'min_samples_split': 10, 'n_estimators': 25}	0.5828075150655795	0.595005613581465	0.5388522777849564	0.5290123456790123	0.48695273225319446	0.5465260968728416	0.038938951189667136	1486
0.16017279624938965	0.013193497955464225	0.004527902603149414	0.0015225132734475887		15	sqrt	1	10	50	{'class_weight': None, 'max_depth': 15, 'max_features': 'sqrt', 'min_samples_leaf': 1, 'min_samples_split': 10, 'n_estimators': 50}	0.545299707743821	0.568781792919724	0.5486291486291487	0.5507246376811594	0.5279132791327914	0.5482697132213289	0.013039222390975456	1405
0.33093819618225095	0.02685645102233925	0.007781553268432617	0.001916675083999399		15	sqrt	1	10	100	{'class_weight': None, 'max_depth': 15, 'max_features': 'sqrt', 'min_samples_leaf': 1, 'min_samples_split': 10, 'n_estimators': 100}	0.5828075150655795	0.5629274955442795	0.5413786992734361	0.5496296296296296	0.5286302175191064	0.5530747114064062	0.01858663787978866	1148
0.471342134475708	0.01710470360493613	0.008950233459472656	0.0022707115947600076		15	sqrt	1	10	150	{'class_weight': None, 'max_depth': 15, 'max_features': 'sqrt', 'min_samples_leaf': 1, 'min_samples_split': 10, 'n_estimators': 150}	0.5645022350530825	0.5250434604765313	0.606345785440613	0.5496296296296296	0.536	0.5563042221199713	0.0283034002019633	977
0.6285079479217529	0.027660626788998614	0.010422706604003906	0.003522474764576162		15	sqrt	1	10	200	{'class_weight': None, 'max_depth': 15, 'max_features': 'sqrt', 'min_samples_leaf': 1, 'min_samples_split': 10, 'n_estimators': 200}	0.5645022350530825	0.5805128205128205	0.6526580459770115	0.5496296296296296	0.5279627096316563	0.57505308816084	0.0424912100322325	291
0.9697569847106934	0.02956070098855646	0.015465450286865235	0.003982942481192094		15	sqrt	1	10	300	{'class_weight': None, 'max_depth': 15, 'max_features': 'sqrt', 'min_samples_leaf': 1, 'min_samples_split': 10, 'n_estimators': 300}	0.5506202480992397	0.5717219376841179	0.6331029594187488	0.5434080773820741	0.5700991847120528	0.5737904814592467	0.03160957063355234	313
1.268939161300659	0.02798143484764781	0.01733222007751465	0.0028909869949093696		15	sqrt	1	10	400	{'class_weight': None, 'max_depth': 15, 'max_features': 'sqrt', 'min_samples_leaf': 1, 'min_samples_split': 10, 'n_estimators': 400}	0.5364527945173106	0.5332404863654864	0.6158730158730159	0.5434080773820741	0.5521043771043772	0.5562157502484528	0.030523323491732365	981
1.5907408237457275	0.02381088736326565	0.024457406997680665	0.0028234425601183014		15	sqrt	1	10	500	{'class_weight': None, 'max_depth': 15, 'max_features': 'sqrt', 'min_samples_leaf': 1, 'min_samples_split': 10, 'n_estimators': 500}	0.545299707743821	0.5332404863654864	0.6158730158730159	0.5521228545618789	0.5257575757575758	0.5544587280603557	0.03204693005523339	1067
1.8648386001586914	0.04267310507444642	0.02711620330810547	0.0019840417033999505		15	sqrt	1	10	600	{'class_weight': None, 'max_depth': 15, 'max_features': 'sqrt', 'min_samples_leaf': 1, 'min_samples_split': 10, 'n_estimators': 600}	0.5686176714492661	0.565149136577708	0.6428836863619473	0.5449373737373737	0.5179899949801804	0.5679155726212952	0.04159068433129437	514
0.08793454170227051	0.02304855256265898	0.0024232387542724608	0.0010109985203859628		15	sqrt	2	2	25	{'class_weight': None, 'max_depth': 15, 'max_features': 'sqrt', 'min_samples_leaf': 2, 'min_samples_split': 2, 'n_estimators': 25}	0.4595416157916158	0.6103441050474949	0.48491586173379503	0.5643097643097642	0.5763324299909666	0.5390887553747273	0.0572065822592063	1831
0.15756630897521973	0.009852556069553601	0.0034109115600585937	0.0012768830023372826		15	sqrt	2	2	50	{'class_weight': None, 'max_depth': 15, 'max_features': 'sqrt', 'min_samples_leaf': 2, 'min_samples_split': 2, 'n_estimators': 50}	0.47654903494725526	0.5686176714492661	0.5046451133407656	0.5693121693121693	0.5608294930875576	0.5359906964274027	0.03822999495781755	1941
0.2999854564666748	0.016808335589730022	0.007401800155639649	0.0018699002091910114		15	sqrt	2	2	100	{'class_weight': None, 'max_depth': 15, 'max_features': 'sqrt', 'min_samples_leaf': 2, 'min_samples_split': 2, 'n_estimators': 100}	0.5686176714492661	0.5494002060931195	0.5346780594854555	0.5551546078610048	0.5875555555555556	0.5590812200888802	0.017924208478080857	872
0.4456021785736084	0.020628738111452972	0.009473276138305665	0.0030105011829484767		15	sqrt	2	2	150	{'class_weight': None, 'max_depth': 15, 'max_features': 'sqrt', 'min_samples_leaf': 2, 'min_samples_split': 2, 'n_estimators': 150}	0.5186603650586702	0.5250434604765313	0.5733333333333334	0.5193769235600779	0.5534782388407559	0.5379784642538736	0.02180243277842368	1872
0.6193084239959716	0.026274964781751977	0.01050872802734375	0.0028972777329513495		15	sqrt	2	2	200	{'class_weight': None, 'max_depth': 15, 'max_features': 'sqrt', 'min_samples_leaf': 2, 'min_samples_split': 2, 'n_estimators': 200}	0.5736653635813299	0.5409907552764696	0.5496296296296296	0.546031746031746	0.5102222222222222	0.5441079433482794	0.02032628881372917	1619
0.9254548072814941	0.02826064083605949	0.016169404983520506	0.0024297013275659516		15	sqrt	2	2	300	{'class_weight': None, 'max_depth': 15, 'max_features': 'sqrt', 'min_samples_leaf': 2, 'min_samples_split': 2, 'n_estimators': 300}	0.5686176714492661	0.5332404863654864	0.597037037037037	0.5037037037037037	0.5440445898461165	0.5493286976803219	0.03167504559591123	1360
1.250105619430542	0.04385471019379858	0.025337409973144532	0.012687358784136132		15	sqrt	2	2	400	{'class_weight': None, 'max_depth': 15, 'max_features': 'sqrt', 'min_samples_leaf': 2, 'min_samples_split': 2, 'n_estimators': 400}	0.5865530363256697	0.5006867148599432	0.597037037037037	0.5037037037037037	0.5440445898461165	0.546405016354494	0.040235809505842005	1496
1.5411514282226562	0.034795121336063786	0.02793712615966797	0.004466778095985517		15	sqrt	2	2	500	{'class_weight': None, 'max_depth': 15, 'max_features': 'sqrt', 'min_samples_leaf': 2, 'min_samples_split': 2, 'n_estimators': 500}	0.6010568666306372	0.5332404863654864	0.5733333333333334	0.5193769235600779	0.5068771218827209	0.5467769463544512	0.03514980633119094	1471
1.858118200302124	0.05467072930931783	0.032912063598632815	0.005997534786418492		15	sqrt	2	2	600	{'class_weight': None, 'max_depth': 15, 'max_features': 'sqrt', 'min_samples_leaf': 2, 'min_samples_split': 2, 'n_estimators': 600}	0.5865530363256697	0.5332404863654864	0.597037037037037	0.5193769235600779	0.49193540011424414	0.545628576680503	0.04010788569960224	1541
0.07335500717163086	0.007865007361752876	0.0022517681121826173	0.001054666186553759		15	sqrt	2	5	25	{'class_weight': None, 'max_depth': 15, 'max_features': 'sqrt', 'min_samples_leaf': 2, 'min_samples_split': 5, 'n_estimators': 25}	0.5156764139814987	0.591935635154711	0.5388522777849564	0.606345785440613	0.5674392312040701	0.5640498687131699	0.033325539849203764	658
0.16037917137145996	0.009668141560062923	0.003201866149902344	0.0007087438523605171		15	sqrt	2	5	50	{'class_weight': None, 'max_depth': 15, 'max_features': 'sqrt', 'min_samples_leaf': 2, 'min_samples_split': 5, 'n_estimators': 50}	0.5250434604765313	0.5086007326007326	0.5643097643097642	0.5083287771095316	0.49574141414141415	0.5204048297275947	0.023843707765701376	2272
0.3147579193115234	0.015520507506826486	0.006364345550537109	0.0014541604195520434		15	sqrt	2	5	100	{'class_weight': None, 'max_depth': 15, 'max_features': 'sqrt', 'min_samples_leaf': 2, 'min_samples_split': 5, 'n_estimators': 100}	0.5565421245421245	0.4595416157916158	0.6113606098176976	0.5171450000765334	0.5852278545826933	0.5459634409621328	0.053347215144664284	1521
0.49274616241455077	0.04760254099980758	0.007939481735229492	0.0029927963864905724		15	sqrt	2	5	150	{'class_weight': None, 'max_depth': 15, 'max_features': 'sqrt', 'min_samples_leaf': 2, 'min_samples_split': 5, 'n_estimators': 150}	0.5409907552764696	0.5006867148599432	0.601980438612478	0.5279132791327914	0.5369121312666105	0.5416966638296585	0.033254537040826516	1725
0.6136894702911377	0.03253827924965191	0.010382747650146485	0.0016514011592051482		15	sqrt	2	5	200	{'class_weight': None, 'max_depth': 15, 'max_features': 'sqrt', 'min_samples_leaf': 2, 'min_samples_split': 5, 'n_estimators': 200}	0.5086007326007326	0.5325714285714286	0.6113606098176976	0.558540723101586	0.5118803545783192	0.5445907697339528	0.03784846453491507	1590
0.9349547386169433	0.03241160413461804	0.013177442550659179	0.001997585351403094		15	sqrt	2	5	300	{'class_weight': None, 'max_depth': 15, 'max_features': 'sqrt', 'min_samples_leaf': 2, 'min_samples_split': 5, 'n_estimators': 300}	0.5241354863156865	0.5086741961741962	0.606266050333847	0.536431131592422	0.5118803545783192	0.5374774437988942	0.03576538281085058	1895
1.210001277923584	0.03399339265306266	0.020946693420410157	0.0020912119623283975		15	sqrt	2	5	400	{'class_weight': None, 'max_depth': 15, 'max_features': 'sqrt', 'min_samples_leaf': 2, 'min_samples_split': 5, 'n_estimators': 400}	0.5168323739752311	0.5006867148599432	0.6253933539882145	0.5279132791327914	0.5199252136752136	0.5381501871262788	0.044511290743927415	1862
1.5434868812561036	0.0685582299673133	0.02695746421813965	0.006743986367605151		15	sqrt	2	5	500	{'class_weight': None, 'max_depth': 15, 'max_features': 'sqrt', 'min_samples_leaf': 2, 'min_samples_split': 5, 'n_estimators': 500}	0.5241354863156865	0.5250434604765313	0.6158730158730159	0.5434080773820741	0.5279627096316563	0.5472845499357928	0.034995095138154735	1450
1.8712590694427491	0.05513961072076572	0.029091548919677735	0.00508404010278194		15	sqrt	2	5	600	{'class_weight': None, 'max_depth': 15, 'max_features': 'sqrt', 'min_samples_leaf': 2, 'min_samples_split': 5, 'n_estimators': 600}	0.5086007326007326	0.5325714285714286	0.597037037037037	0.5037037037037037	0.5118803545783192	0.5307586512982442	0.03457005702910192	2087
0.07863645553588867	0.005139851245813938	0.004121065139770508	0.0028206186959293996		15	sqrt	2	10	25	{'class_weight': None, 'max_depth': 15, 'max_features': 'sqrt', 'min_samples_leaf': 2, 'min_samples_split': 10, 'n_estimators': 25}	0.5340326340326341	0.5645022350530825	0.5227513227513227	0.5937662337662337	0.5824033867177165	0.5594911624641978	0.027286677604731347	857
0.14339451789855956	0.010672647395422003	0.004239845275878906	0.0017419605437646105		15	sqrt	2	10	50	{'class_weight': None, 'max_depth': 15, 'max_features': 'sqrt', 'min_samples_leaf': 2, 'min_samples_split': 10, 'n_estimators': 50}	0.5506202480992397	0.5241354863156865	0.5737643998513563	0.5434080773820741	0.6340245775729646	0.5651905578442642	0.03790493983148364	615
0.29874186515808104	0.013643928708598181	0.006939506530761719	0.002553576083131685		15	sqrt	2	10	100	{'class_weight': None, 'max_depth': 15, 'max_features': 'sqrt', 'min_samples_leaf': 2, 'min_samples_split': 10, 'n_estimators': 100}	0.5736653635813299	0.5168323739752311	0.5674392312040701	0.5733333333333334	0.5782480893592005	0.5619036782906329	0.022795520819669214	733
0.4762396335601807	0.01611655874767809	0.009373188018798828	0.0043767676252149485		15	sqrt	2	10	150	{'class_weight': None, 'max_depth': 15, 'max_features': 'sqrt', 'min_samples_leaf': 2, 'min_samples_split': 10, 'n_estimators': 150}	0.5506202480992397	0.5409907552764696	0.606266050333847	0.5434080773820741	0.5534391534391534	0.5589448569061568	0.024094184000230157	875
0.6186651229858399	0.029865882822284844	0.01097111701965332	0.002549149293371562		15	sqrt	2	10	200	{'class_weight': None, 'max_depth': 15, 'max_features': 'sqrt', 'min_samples_leaf': 2, 'min_samples_split': 10, 'n_estimators': 200}	0.5364527945173106	0.565149136577708	0.606266050333847	0.5674392312040701	0.5534782388407559	0.5657570902947383	0.023037738575003106	586
0.892231798171997	0.024697914544173312	0.016465234756469726	0.003955772597263928		15	sqrt	2	10	300	{'class_weight': None, 'max_depth': 15, 'max_features': 'sqrt', 'min_samples_leaf': 2, 'min_samples_split': 10, 'n_estimators': 300}	0.5415813000558763	0.565149136577708	0.601980438612478	0.5674392312040701	0.5789937680498556	0.5710287748999976	0.01967767947644651	399
1.2055301666259766	0.030340846723942168	0.01826057434082031	0.0034675410399227697		15	sqrt	2	10	400	{'class_weight': None, 'max_depth': 15, 'max_features': 'sqrt', 'min_samples_leaf': 2, 'min_samples_split': 10, 'n_estimators': 400}	0.5506202480992397	0.5578067765567766	0.601980438612478	0.5824033867177165	0.536	0.5657621699972422	0.02352465056882129	585
1.518917179107666	0.02349274190192903	0.025069570541381835	0.001291101301726143		15	sqrt	2	10	500	{'class_weight': None, 'max_depth': 15, 'max_features': 'sqrt', 'min_samples_leaf': 2, 'min_samples_split': 10, 'n_estimators': 500}	0.545299707743821	0.565149136577708	0.601980438612478	0.5521228545618789	0.4994107744107744	0.552792582381332	0.033100872375558185	1158
1.826106595993042	0.05124957764227064	0.031219625473022462	0.0036692169427127493		15	sqrt	2	10	600	{'class_weight': None, 'max_depth': 15, 'max_features': 'sqrt', 'min_samples_leaf': 2, 'min_samples_split': 10, 'n_estimators': 600}	0.5775896234912629	0.5494002060931195	0.601980438612478	0.5521228545618789	0.5179899949801804	0.5598166235477839	0.02832253349872219	850
0.07545032501220703	0.005855417004425455	0.0021887779235839843	0.0009359400821803202		15	sqrt	4	2	25	{'class_weight': None, 'max_depth': 15, 'max_features': 'sqrt', 'min_samples_leaf': 4, 'min_samples_split': 2, 'n_estimators': 25}	0.5594141095763419	0.5820082578031961	0.526060606060606	0.5583496540018279	0.5852278545826933	0.562212096404933	0.021219286398601933	715
0.14062461853027344	0.005509797602313163	0.0035440921783447266	0.001288537254974755		15	sqrt	4	2	50	{'class_weight': None, 'max_depth': 15, 'max_features': 'sqrt', 'min_samples_leaf': 4, 'min_samples_split': 2, 'n_estimators': 50}	0.5541223803518884	0.6010568666306372	0.5507246376811594	0.5551546078610048	0.5449373737373737	0.5611991732524126	0.02024556992954878	776
0.27744526863098146	0.01972164522997808	0.006674957275390625	0.0027465740069629757		15	sqrt	4	2	100	{'class_weight': None, 'max_depth': 15, 'max_features': 'sqrt', 'min_samples_leaf': 4, 'min_samples_split': 2, 'n_estimators': 100}	0.5717219376841179	0.5578067765567766	0.5642528049471155	0.5449373737373737	0.5534391534391534	0.5584316092729075	0.009142522323941473	892
0.42882399559020995	0.026573451405496582	0.008364582061767578	0.003222145841281757		15	sqrt	4	2	150	{'class_weight': None, 'max_depth': 15, 'max_features': 'sqrt', 'min_samples_leaf': 4, 'min_samples_split': 2, 'n_estimators': 150}	0.545299707743821	0.5565421245421245	0.546031746031746	0.5608294930875576	0.5279627096316563	0.547333156207381	0.011384190692497471	1443
0.5628010272979737	0.015565684422085084	0.009203958511352538	0.002081276760305947		15	sqrt	4	2	200	{'class_weight': None, 'max_depth': 15, 'max_features': 'sqrt', 'min_samples_leaf': 4, 'min_samples_split': 2, 'n_estimators': 200}	0.545299707743821	0.5325714285714286	0.6101718943824207	0.49574141414141415	0.5369121312666105	0.544139315221139	0.03712156526838167	1609
0.8619544506072998	0.08669070795240794	0.015869760513305665	0.004144732014086799		15	sqrt	4	2	300	{'class_weight': None, 'max_depth': 15, 'max_features': 'sqrt', 'min_samples_leaf': 4, 'min_samples_split': 2, 'n_estimators': 300}	0.5541223803518884	0.5805128205128205	0.5831896551724138	0.5038212815990594	0.5118803545783192	0.5467052984429003	0.03340923690943341	1474
1.096848201751709	0.03257649598822481	0.01785101890563965	0.0029633198390960325		15	sqrt	4	2	400	{'class_weight': None, 'max_depth': 15, 'max_features': 'sqrt', 'min_samples_leaf': 4, 'min_samples_split': 2, 'n_estimators': 400}	0.5629274955442795	0.5737569517097076	0.5693121693121693	0.536431131592422	0.5286302175191064	0.5542115931355369	0.01820201630904118	1087
1.4340588569641113	0.04374613936943064	0.023137474060058595	0.002243351132472799		15	sqrt	4	2	500	{'class_weight': None, 'max_depth': 15, 'max_features': 'sqrt', 'min_samples_leaf': 4, 'min_samples_split': 2, 'n_estimators': 500}	0.5629274955442795	0.5578067765567766	0.5785675232367414	0.5286302175191064	0.48444444444444446	0.5424752914602697	0.03321223136007379	1689
1.712877130508423	0.022823388459583795	0.02977452278137207	0.0025082458665673666		15	sqrt	4	2	600	{'class_weight': None, 'max_depth': 15, 'max_features': 'sqrt', 'min_samples_leaf': 4, 'min_samples_split': 2, 'n_estimators': 600}	0.539301954762889	0.5737569517097076	0.5496296296296296	0.5286302175191064	0.4994107744107744	0.5381459056064214	0.024463514384416678	1863
0.07122817039489746	0.005689469777284149	0.0021900177001953126	0.0005008189732349674		15	sqrt	4	5	25	{'class_weight': None, 'max_depth': 15, 'max_features': 'sqrt', 'min_samples_leaf': 4, 'min_samples_split': 5, 'n_estimators': 25}	0.5594141095763419	0.5820082578031961	0.526060606060606	0.5583496540018279	0.5852278545826933	0.562212096404933	0.021219286398601933	715
0.13601832389831542	0.011663342815691955	0.004201316833496093	0.0014568729197232287		15	sqrt	4	5	50	{'class_weight': None, 'max_depth': 15, 'max_features': 'sqrt', 'min_samples_leaf': 4, 'min_samples_split': 5, 'n_estimators': 50}	0.5541223803518884	0.6010568666306372	0.5507246376811594	0.5551546078610048	0.5449373737373737	0.5611991732524126	0.02024556992954878	776
0.2792673587799072	0.015905026733870724	0.006501150131225586	0.0016941633912498798		15	sqrt	4	5	100	{'class_weight': None, 'max_depth': 15, 'max_features': 'sqrt', 'min_samples_leaf': 4, 'min_samples_split': 5, 'n_estimators': 100}	0.5717219376841179	0.5578067765567766	0.5642528049471155	0.5449373737373737	0.5534391534391534	0.5584316092729075	0.009142522323941473	892
0.4181677341461182	0.01594837087435988	0.010482454299926757	0.0027172962135451344		15	sqrt	4	5	150	{'class_weight': None, 'max_depth': 15, 'max_features': 'sqrt', 'min_samples_leaf': 4, 'min_samples_split': 5, 'n_estimators': 150}	0.545299707743821	0.5565421245421245	0.546031746031746	0.5608294930875576	0.5279627096316563	0.547333156207381	0.011384190692497471	1443
0.5603367328643799	0.014744232861025785	0.009752511978149414	0.0024460821989420157		15	sqrt	4	5	200	{'class_weight': None, 'max_depth': 15, 'max_features': 'sqrt', 'min_samples_leaf': 4, 'min_samples_split': 5, 'n_estimators': 200}	0.545299707743821	0.5325714285714286	0.6101718943824207	0.49574141414141415	0.5369121312666105	0.544139315221139	0.03712156526838167	1609
0.8618580818176269	0.0159761436082827	0.016191720962524414	0.0025049410088463712		15	sqrt	4	5	300	{'class_weight': None, 'max_depth': 15, 'max_features': 'sqrt', 'min_samples_leaf': 4, 'min_samples_split': 5, 'n_estimators': 300}	0.5541223803518884	0.5805128205128205	0.5831896551724138	0.5038212815990594	0.5118803545783192	0.5467052984429003	0.03340923690943341	1474
1.1318098545074462	0.040128440643224635	0.021254920959472658	0.004149781587387013		15	sqrt	4	5	400	{'class_weight': None, 'max_depth': 15, 'max_features': 'sqrt', 'min_samples_leaf': 4, 'min_samples_split': 5, 'n_estimators': 400}	0.5629274955442795	0.5737569517097076	0.5693121693121693	0.536431131592422	0.5286302175191064	0.5542115931355369	0.01820201630904118	1087
1.41414155960083	0.018663170006390225	0.022025108337402344	0.0021188086540873136		15	sqrt	4	5	500	{'class_weight': None, 'max_depth': 15, 'max_features': 'sqrt', 'min_samples_leaf': 4, 'min_samples_split': 5, 'n_estimators': 500}	0.5629274955442795	0.5578067765567766	0.5785675232367414	0.5286302175191064	0.48444444444444446	0.5424752914602697	0.03321223136007379	1689
1.7298871994018554	0.052127736780032845	0.03127865791320801	0.0061369293392691485		15	sqrt	4	5	600	{'class_weight': None, 'max_depth': 15, 'max_features': 'sqrt', 'min_samples_leaf': 4, 'min_samples_split': 5, 'n_estimators': 600}	0.539301954762889	0.5737569517097076	0.5496296296296296	0.5286302175191064	0.4994107744107744	0.5381459056064214	0.024463514384416678	1863
0.0733499526977539	0.006502282518494465	0.0025451183319091797	0.000785434958112569		15	sqrt	4	10	25	{'class_weight': None, 'max_depth': 15, 'max_features': 'sqrt', 'min_samples_leaf': 4, 'min_samples_split': 10, 'n_estimators': 25}	0.5050068610440128	0.5233904027007475	0.4967353731916528	0.6113606098176976	0.6444444444444445	0.556187538239711	0.0601049466630721	983
0.1389411449432373	0.004079063977373582	0.00296478271484375	0.0009208018931885478		15	sqrt	4	10	50	{'class_weight': None, 'max_depth': 15, 'max_features': 'sqrt', 'min_samples_leaf': 4, 'min_samples_split': 10, 'n_estimators': 50}	0.5325068094298864	0.5325714285714286	0.5184476342371079	0.5824033867177165	0.6187313131313131	0.5569321144174906	0.037786294943127345	946
0.2762410640716553	0.010752493151538468	0.007093381881713867	0.002614394039229363		15	sqrt	4	10	100	{'class_weight': None, 'max_depth': 15, 'max_features': 'sqrt', 'min_samples_leaf': 4, 'min_samples_split': 10, 'n_estimators': 100}	0.5596301547914452	0.539301954762889	0.546031746031746	0.609626216077829	0.5782480893592005	0.5665676322046218	0.02531301287727808	556
0.415984582901001	0.005764745688530135	0.010138273239135742	0.00390081766855024		15	sqrt	4	10	150	{'class_weight': None, 'max_depth': 15, 'max_features': 'sqrt', 'min_samples_leaf': 4, 'min_samples_split': 10, 'n_estimators': 150}	0.5132754342431762	0.539301954762889	0.5642528049471155	0.5763324299909666	0.5286302175191064	0.5443585682926508	0.023053069490848715	1596
0.566802978515625	0.03388975814507964	0.009173393249511719	0.0017504214584501045		15	sqrt	4	10	200	{'class_weight': None, 'max_depth': 15, 'max_features': 'sqrt', 'min_samples_leaf': 4, 'min_samples_split': 10, 'n_estimators': 200}	0.5241354863156865	0.5565421245421245	0.5785675232367414	0.5674392312040701	0.5102222222222222	0.5473813175041691	0.02599994902068038	1438
0.8131437301635742	0.04412801152637108	0.015322065353393555	0.003351594622683472		15	sqrt	4	10	300	{'class_weight': None, 'max_depth': 15, 'max_features': 'sqrt', 'min_samples_leaf': 4, 'min_samples_split': 10, 'n_estimators': 300}	0.5364527945173106	0.5241354863156865	0.5733333333333334	0.5193769235600779	0.49193540011424414	0.5290467875681306	0.02649916716964394	2124
1.1174415588378905	0.0408509609119698	0.01875605583190918	0.0021737632417300015		15	sqrt	4	10	400	{'class_weight': None, 'max_depth': 15, 'max_features': 'sqrt', 'min_samples_leaf': 4, 'min_samples_split': 10, 'n_estimators': 400}	0.5629274955442795	0.5250434604765313	0.5521228545618789	0.5193769235600779	0.5279627096316563	0.5374866887548848	0.01694081286929929	1892
1.4294443607330323	0.036212219057163306	0.022703218460083007	0.005741359205084617		15	sqrt	4	10	500	{'class_weight': None, 'max_depth': 15, 'max_features': 'sqrt', 'min_samples_leaf': 4, 'min_samples_split': 10, 'n_estimators': 500}	0.5629274955442795	0.5332404863654864	0.5521228545618789	0.5449373737373737	0.5179899949801804	0.5422436410378398	0.015504664034400727	1702
1.7030434131622314	0.0796008729215204	0.029508447647094725	0.0025900808155456877		15	sqrt	4	10	600	{'class_weight': None, 'max_depth': 15, 'max_features': 'sqrt', 'min_samples_leaf': 4, 'min_samples_split': 10, 'n_estimators': 600}	0.5629274955442795	0.5578067765567766	0.5521228545618789	0.5608294930875576	0.49193540011424414	0.5451244039729473	0.026842097198531305	1564
0.044454526901245114	0.0044961622232296185	0.002679443359375	0.0011152461365699984		15	log2	1	2	25	{'class_weight': None, 'max_depth': 15, 'max_features': 'log2', 'min_samples_leaf': 1, 'min_samples_split': 2, 'n_estimators': 25}	0.4918550807098416	0.5132754342431762	0.623308237573196	0.5600335249042145	0.6207407407407407	0.5618426036342339	0.05386522214516301	737
0.0854555606842041	0.006450965502336598	0.003975009918212891	0.0013766412929322408		15	log2	1	2	50	{'class_weight': None, 'max_depth': 15, 'max_features': 'log2', 'min_samples_leaf': 1, 'min_samples_split': 2, 'n_estimators': 50}	0.5042507243999781	0.4763299692433551	0.5674392312040701	0.5785675232367414	0.6340245775729646	0.5521224051314219	0.05599661853556563	1183
0.16242222785949706	0.009370324604990559	0.005643129348754883	0.002512085408329999		15	log2	1	2	100	{'class_weight': None, 'max_depth': 15, 'max_features': 'log2', 'min_samples_leaf': 1, 'min_samples_split': 2, 'n_estimators': 100}	0.484107905982906	0.5737569517097076	0.5434080773820741	0.597037037037037	0.6187313131313131	0.5634082570486075	0.04687682524417838	675
0.24716620445251464	0.01046291156776312	0.009651708602905273	0.002276880470931718		15	log2	1	2	150	{'class_weight': None, 'max_depth': 15, 'max_features': 'log2', 'min_samples_leaf': 1, 'min_samples_split': 2, 'n_estimators': 150}	0.5250434604765313	0.5072807749053819	0.5203393939393939	0.5869756846431933	0.5869756846431933	0.5453229997215387	0.03450374895919483	1547
0.32509722709655764	0.01675904057096015	0.01214132308959961	0.0037904883081001277		15	log2	1	2	200	{'class_weight': None, 'max_depth': 15, 'max_features': 'log2', 'min_samples_leaf': 1, 'min_samples_split': 2, 'n_estimators': 200}	0.5006867148599432	0.49957734573119195	0.5286302175191064	0.5619439079549019	0.5179899949801804	0.5217656362090648	0.022857439153617685	2256
0.47563867568969725	0.030400234240872077	0.015288639068603515	0.001088005127469072		15	log2	1	2	300	{'class_weight': None, 'max_depth': 15, 'max_features': 'log2', 'min_samples_leaf': 1, 'min_samples_split': 2, 'n_estimators': 300}	0.5166426377483858	0.4918550807098416	0.5369121312666105	0.5852278545826933	0.5534782388407559	0.5368231886296574	0.03177985417874559	1917
0.6200223922729492	0.041785673480359393	0.018792724609375	0.004324815060831933		15	log2	1	2	400	{'class_weight': None, 'max_depth': 15, 'max_features': 'log2', 'min_samples_leaf': 1, 'min_samples_split': 2, 'n_estimators': 400}	0.5006867148599432	0.5086741961741962	0.5369121312666105	0.5449373737373737	0.5534782388407559	0.5289377309757758	0.02064241705324368	2127
0.8893733024597168	0.059115781624537754	0.023416566848754882	0.006584580934824323		15	log2	1	2	500	{'class_weight': None, 'max_depth': 15, 'max_features': 'log2', 'min_samples_leaf': 1, 'min_samples_split': 2, 'n_estimators': 500}	0.5479287119999022	0.5086741961741962	0.5763324299909666	0.536431131592422	0.536	0.5410732939514975	0.021850368191578054	1759
0.9752432823181152	0.04630266193823254	0.02845158576965332	0.0033922662703615345		15	log2	1	2	600	{'class_weight': None, 'max_depth': 15, 'max_features': 'log2', 'min_samples_leaf': 1, 'min_samples_split': 2, 'n_estimators': 600}	0.5086007326007326	0.5166426377483858	0.6005420054200542	0.5203393939393939	0.5440445898461165	0.5380338719109365	0.03340773749964619	1870
0.044085121154785155	0.0024934325146412583	0.002757883071899414	0.0009175924588800523		15	log2	1	5	25	{'class_weight': None, 'max_depth': 15, 'max_features': 'log2', 'min_samples_leaf': 1, 'min_samples_split': 5, 'n_estimators': 25}	0.5364527945173106	0.5479287119999022	0.5496296296296296	0.536431131592422	0.49947089947089945	0.5339826334420328	0.018124448777612465	2006
0.08123660087585449	0.003979350265121633	0.0036784648895263673	0.001446501011228686		15	log2	1	5	50	{'class_weight': None, 'max_depth': 15, 'max_features': 'log2', 'min_samples_leaf': 1, 'min_samples_split': 5, 'n_estimators': 50}	0.5219817440383759	0.5578067765567766	0.558540723101586	0.546031746031746	0.5824033867177165	0.5533528752892402	0.019638890117544557	1130
0.16937665939331054	0.009655723372909163	0.004819011688232422	0.0007828057823222985		15	log2	1	5	100	{'class_weight': None, 'max_depth': 15, 'max_features': 'log2', 'min_samples_leaf': 1, 'min_samples_split': 5, 'n_estimators': 100}	0.5003422606314708	0.6044835164835165	0.5763324299909666	0.5171450000765334	0.5617777777777778	0.5520161969920531	0.03827684243673042	1189
0.2433791160583496	0.013390744399078489	0.008451414108276368	0.00161313478811201		15	log2	1	5	150	{'class_weight': None, 'max_depth': 15, 'max_features': 'log2', 'min_samples_leaf': 1, 'min_samples_split': 5, 'n_estimators': 150}	0.5541223803518884	0.6044835164835165	0.5120327700972862	0.5203393939393939	0.5617777777777778	0.5505511677299726	0.03299668712641662	1312
0.31616735458374023	0.010796009290963776	0.010756921768188477	0.003040024984935227		15	log2	1	5	200	{'class_weight': None, 'max_depth': 15, 'max_features': 'log2', 'min_samples_leaf': 1, 'min_samples_split': 5, 'n_estimators': 200}	0.5241354863156865	0.5981136973262957	0.5695353535353536	0.5203393939393939	0.5784511784511784	0.5581150219135816	0.030742427295636237	911
0.4835960388183594	0.0209332082251249	0.016150140762329103	0.00330801203618763		15	log2	1	5	300	{'class_weight': None, 'max_depth': 15, 'max_features': 'log2', 'min_samples_leaf': 1, 'min_samples_split': 5, 'n_estimators': 300}	0.5325714285714286	0.565149136577708	0.5852278545826933	0.5763324299909666	0.5521043771043772	0.5622770453654347	0.018538873953356086	710
0.6719480514526367	0.03236325010885692	0.017845630645751953	0.004284834933326447		15	log2	1	5	400	{'class_weight': None, 'max_depth': 15, 'max_features': 'log2', 'min_samples_leaf': 1, 'min_samples_split': 5, 'n_estimators': 400}	0.5325714285714286	0.5737569517097076	0.5852278545826933	0.5279132791327914	0.533532412591763	0.5506003853176769	0.023943065618851272	1300
0.778945779800415	0.029275520921084736	0.025679969787597658	0.0045810994834743395		15	log2	1	5	500	{'class_weight': None, 'max_depth': 15, 'max_features': 'log2', 'min_samples_leaf': 1, 'min_samples_split': 5, 'n_estimators': 500}	0.5565421245421245	0.5823730667480668	0.6005420054200542	0.5279132791327914	0.4994107744107744	0.5533562500507622	0.03643097601889792	1129
1.0149253845214843	0.05455039671279278	0.02676362991333008	0.004276162701879944		15	log2	1	5	600	{'class_weight': None, 'max_depth': 15, 'max_features': 'log2', 'min_samples_leaf': 1, 'min_samples_split': 5, 'n_estimators': 600}	0.5479287119999022	0.5823730667480668	0.5824033867177165	0.536431131592422	0.5257575757575758	0.5549787745631367	0.02345273330633847	1040
0.03930578231811523	0.006686276506736859	0.002357196807861328	0.0010093457391609744		15	log2	1	10	25	{'class_weight': None, 'max_depth': 15, 'max_features': 'log2', 'min_samples_leaf': 1, 'min_samples_split': 10, 'n_estimators': 25}	0.591935635154711	0.5071878940731399	0.48695273225319446	0.6101718943824207	0.6113606098176976	0.5615217531362328	0.053457383426738316	755
0.08100171089172363	0.008318826404382154	0.0038419723510742187	0.0013787616323114131		15	log2	1	10	50	{'class_weight': None, 'max_depth': 15, 'max_features': 'log2', 'min_samples_leaf': 1, 'min_samples_split': 10, 'n_estimators': 50}	0.5156764139814987	0.5981136973262957	0.5279132791327914	0.5733333333333334	0.5763324299909666	0.5582738307529771	0.03122953603008182	905
0.1723006248474121	0.008494714494898976	0.0069083690643310545	0.0022992368219715135		15	log2	1	10	100	{'class_weight': None, 'max_depth': 15, 'max_features': 'log2', 'min_samples_leaf': 1, 'min_samples_split': 10, 'n_estimators': 100}	0.5306551372125142	0.5494002060931195	0.5763324299909666	0.558540723101586	0.5534391534391534	0.5536735299674679	0.014732806613765885	1116
0.2595232009887695	0.018160704607757927	0.008353567123413086	0.0024888364143872597		15	log2	1	10	150	{'class_weight': None, 'max_depth': 15, 'max_features': 'log2', 'min_samples_leaf': 1, 'min_samples_split': 10, 'n_estimators': 150}	0.5045300171350592	0.565149136577708	0.5203393939393939	0.5642528049471155	0.536431131592422	0.5381404968383396	0.023919802654646067	1865
0.3459906101226807	0.027325164703804136	0.011113119125366212	0.003065232556028462		15	log2	1	10	200	{'class_weight': None, 'max_depth': 15, 'max_features': 'log2', 'min_samples_leaf': 1, 'min_samples_split': 10, 'n_estimators': 200}	0.539301954762889	0.5565421245421245	0.5695353535353536	0.5674392312040701	0.5199252136752136	0.5505487755439302	0.018686847715190944	1313
0.48728508949279786	0.01571179712624965	0.01282811164855957	0.0015750859502017358		15	log2	1	10	300	{'class_weight': None, 'max_depth': 15, 'max_features': 'log2', 'min_samples_leaf': 1, 'min_samples_split': 10, 'n_estimators': 300}	0.5006867148599432	0.565149136577708	0.5286302175191064	0.5914703850260662	0.5451923076923078	0.5462257523350263	0.030950431486453062	1506
0.6512782573699951	0.04666449592919793	0.020706987380981444	0.0035197442136928785		15	log2	1	10	400	{'class_weight': None, 'max_depth': 15, 'max_features': 'log2', 'min_samples_leaf': 1, 'min_samples_split': 10, 'n_estimators': 400}	0.5241354863156865	0.5479287119999022	0.5449373737373737	0.5608294930875576	0.5179899949801804	0.5391642120241401	0.01583502651335832	1830
0.7991742610931396	0.03496652511145807	0.02985968589782715	0.014062666252385104		15	log2	1	10	500	{'class_weight': None, 'max_depth': 15, 'max_features': 'log2', 'min_samples_leaf': 1, 'min_samples_split': 10, 'n_estimators': 500}	0.5241354863156865	0.5479287119999022	0.5608294930875576	0.5534391534391534	0.4994107744107744	0.5371487238506149	0.022520489565707326	1906
0.9884068012237549	0.01173793237674856	0.030384063720703125	0.0062058926802921275		15	log2	1	10	600	{'class_weight': None, 'max_depth': 15, 'max_features': 'log2', 'min_samples_leaf': 1, 'min_samples_split': 10, 'n_estimators': 600}	0.5241354863156865	0.5717219376841179	0.5449373737373737	0.5608294930875576	0.5179899949801804	0.5439228571609832	0.020609249603161423	1628
0.04600448608398437	0.0066601961190626766	0.0026101589202880858	0.0012845738991828551		15	log2	2	2	25	{'class_weight': None, 'max_depth': 15, 'max_features': 'log2', 'min_samples_leaf': 2, 'min_samples_split': 2, 'n_estimators': 25}	0.5325714285714286	0.5629637772769747	0.5643097643097642	0.4876344086021505	0.6584684146882798	0.5611895586897195	0.05604536882734839	782
0.08607745170593262	0.008657823756174847	0.0035280704498291014	0.001283105003758835		15	log2	2	2	50	{'class_weight': None, 'max_depth': 15, 'max_features': 'log2', 'min_samples_leaf': 2, 'min_samples_split': 2, 'n_estimators': 50}	0.5166426377483858	0.5006867148599432	0.5317416924852683	0.5434080773820741	0.6489611562782295	0.5482880557507801	0.052344989504546025	1404
0.1578603744506836	0.0148299802709437	0.007260513305664062	0.0010738646303051272		15	log2	2	2	100	{'class_weight': None, 'max_depth': 15, 'max_features': 'log2', 'min_samples_leaf': 2, 'min_samples_split': 2, 'n_estimators': 100}	0.5325484274743367	0.5166426377483858	0.5496296296296296	0.558540723101586	0.5869756846431933	0.5488674205194263	0.023879445968225093	1381
0.23978266716003419	0.04991669910328256	0.008085012435913086	0.0021471810874997646		15	log2	2	2	150	{'class_weight': None, 'max_depth': 15, 'max_features': 'log2', 'min_samples_leaf': 2, 'min_samples_split': 2, 'n_estimators': 150}	0.5332404863654864	0.5494002060931195	0.6005420054200542	0.5733333333333334	0.5704594017094017	0.5653950865842791	0.0228636106944675	600
0.3157625675201416	0.014943441407924488	0.011589765548706055	0.0022786143455430135		15	log2	2	2	200	{'class_weight': None, 'max_depth': 15, 'max_features': 'log2', 'min_samples_leaf': 2, 'min_samples_split': 2, 'n_estimators': 200}	0.5332404863654864	0.5332404863654864	0.5824033867177165	0.5824033867177165	0.5789937680498556	0.5620563028432523	0.02356093347290991	722
0.4647357940673828	0.014962598744157394	0.017945003509521485	0.0048325457797864495		15	log2	2	2	300	{'class_weight': None, 'max_depth': 15, 'max_features': 'log2', 'min_samples_leaf': 2, 'min_samples_split': 2, 'n_estimators': 300}	0.5166426377483858	0.5332404863654864	0.5914703850260662	0.5763324299909666	0.5199252136752136	0.5475222305612237	0.03059601504318196	1425
0.6441854953765869	0.0207831763723934	0.02031702995300293	0.002964889420729351		15	log2	2	2	400	{'class_weight': None, 'max_depth': 15, 'max_features': 'log2', 'min_samples_leaf': 2, 'min_samples_split': 2, 'n_estimators': 400}	0.49957734573119195	0.5332404863654864	0.5674392312040701	0.5521228545618789	0.5279627096316563	0.5360685254988568	0.023009436825597314	1940
0.8002959728240967	0.03533292048863741	0.02571840286254883	0.0033115358811854176		15	log2	2	2	500	{'class_weight': None, 'max_depth': 15, 'max_features': 'log2', 'min_samples_leaf': 2, 'min_samples_split': 2, 'n_estimators': 500}	0.5086741961741962	0.5245984784446323	0.5824033867177165	0.5608294930875576	0.5102222222222222	0.537345555329265	0.029332280872113495	1899
0.9773151397705078	0.050289541318983035	0.03323731422424316	0.007447662084941187		15	log2	2	2	600	{'class_weight': None, 'max_depth': 15, 'max_features': 'log2', 'min_samples_leaf': 2, 'min_samples_split': 2, 'n_estimators': 600}	0.5168323739752311	0.5496196111580728	0.5914703850260662	0.5449373737373737	0.5102222222222222	0.5426163932237931	0.028828258672647	1678
0.040314340591430665	0.0034192760123746453	0.002045011520385742	0.0005823538947716282		15	log2	2	5	25	{'class_weight': None, 'max_depth': 15, 'max_features': 'log2', 'min_samples_leaf': 2, 'min_samples_split': 5, 'n_estimators': 25}	0.5775896234912629	0.6141731831387004	0.5642528049471155	0.606345785440613	0.5941333333333334	0.5912989460702051	0.018314535882110364	43
0.08779745101928711	0.006760158238019453	0.005597734451293945	0.00105185003442414		15	log2	2	5	50	{'class_weight': None, 'max_depth': 15, 'max_features': 'log2', 'min_samples_leaf': 2, 'min_samples_split': 5, 'n_estimators': 50}	0.5717219376841179	0.5275751326171494	0.5674392312040701	0.5083287771095316	0.5695353535353536	0.5489200864300445	0.026042787205772085	1380
0.1572690486907959	0.009138107791720277	0.007370996475219727	0.0030746643854767425		15	log2	2	5	100	{'class_weight': None, 'max_depth': 15, 'max_features': 'log2', 'min_samples_leaf': 2, 'min_samples_split': 5, 'n_estimators': 100}	0.5168323739752311	0.5086741961741962	0.5608294930875576	0.48695273225319446	0.5179899949801804	0.518255758094072	0.02402625779973683	2294
0.22385311126708984	0.019707786856045746	0.007183361053466797	0.002253930191548519		15	log2	2	5	150	{'class_weight': None, 'max_depth': 15, 'max_features': 'log2', 'min_samples_leaf': 2, 'min_samples_split': 5, 'n_estimators': 150}	0.5717219376841179	0.5325714285714286	0.5608294930875576	0.510815395869325	0.5179899949801804	0.5387856500385219	0.023766114517442878	1841
0.3058278560638428	0.01918220170108171	0.012520170211791993	0.0029623583791625477		15	log2	2	5	200	{'class_weight': None, 'max_depth': 15, 'max_features': 'log2', 'min_samples_leaf': 2, 'min_samples_split': 5, 'n_estimators': 200}	0.5717219376841179	0.5325714285714286	0.536431131592422	0.5763324299909666	0.5279627096316563	0.5490039274941182	0.02065812238553481	1376
0.469803524017334	0.013851729237646267	0.01327829360961914	0.0013092775441652122		15	log2	2	5	300	{'class_weight': None, 'max_depth': 15, 'max_features': 'log2', 'min_samples_leaf': 2, 'min_samples_split': 5, 'n_estimators': 300}	0.5629274955442795	0.5494002060931195	0.5521228545618789	0.5521228545618789	0.5179899949801804	0.5469126811482674	0.015188651353345607	1470
0.6209214210510254	0.02640390091852759	0.018519163131713867	0.001586209618522829		15	log2	2	5	400	{'class_weight': None, 'max_depth': 15, 'max_features': 'log2', 'min_samples_leaf': 2, 'min_samples_split': 5, 'n_estimators': 400}	0.5717219376841179	0.5332404863654864	0.5608294930875576	0.5434080773820741	0.5102222222222222	0.5438844433482916	0.02148826041116093	1629
0.7765137195587158	0.0442334066649729	0.02545299530029297	0.010442915364650382		15	log2	2	5	500	{'class_weight': None, 'max_depth': 15, 'max_features': 'log2', 'min_samples_leaf': 2, 'min_samples_split': 5, 'n_estimators': 500}	0.5775896234912629	0.565149136577708	0.5608294930875576	0.5434080773820741	0.5102222222222222	0.5514397105521649	0.023338049620060673	1234
0.9467002868652343	0.017001489600329413	0.0319767951965332	0.005411912636666912		15	log2	2	5	600	{'class_weight': None, 'max_depth': 15, 'max_features': 'log2', 'min_samples_leaf': 2, 'min_samples_split': 5, 'n_estimators': 600}	0.5565421245421245	0.5737569517097076	0.5608294930875576	0.5521228545618789	0.49193540011424414	0.5470373648031026	0.028483638473445903	1465
0.04398703575134277	0.003916792512783612	0.002492666244506836	0.0008958280565392923		15	log2	2	10	25	{'class_weight': None, 'max_depth': 15, 'max_features': 'log2', 'min_samples_leaf': 2, 'min_samples_split': 10, 'n_estimators': 25}	0.5914774880292122	0.6009204470742932	0.5227513227513227	0.5346780594854555	0.6113606098176976	0.5722375854315962	0.036285257679821346	356
0.08533291816711426	0.006881880326012956	0.0034685611724853517	0.0012642448546201258		15	log2	2	10	50	{'class_weight': None, 'max_depth': 15, 'max_features': 'log2', 'min_samples_leaf': 2, 'min_samples_split': 10, 'n_estimators': 50}	0.5914774880292122	0.605984875339714	0.6113606098176976	0.5346780594854555	0.6187313131313131	0.5924464691606786	0.03023261239807168	33
0.15630764961242677	0.005515844733524901	0.005346059799194336	0.0022085233955246955		15	log2	2	10	100	{'class_weight': None, 'max_depth': 15, 'max_features': 'log2', 'min_samples_leaf': 2, 'min_samples_split': 10, 'n_estimators': 100}	0.5781159011928243	0.565149136577708	0.558540723101586	0.5695353535353536	0.5782480893592005	0.5699178407533345	0.007601669275275575	437
0.22784857749938964	0.010489282576336465	0.006386613845825196	0.0004084627733333504		15	log2	2	10	150	{'class_weight': None, 'max_depth': 15, 'max_features': 'log2', 'min_samples_leaf': 2, 'min_samples_split': 10, 'n_estimators': 150}	0.5241354863156865	0.6338041178884503	0.558540723101586	0.5534391534391534	0.5782480893592005	0.5696335140208153	0.036462186327978	450
0.31579341888427737	0.020998237763093428	0.010597944259643555	0.001981874351831654		15	log2	2	10	200	{'class_weight': None, 'max_depth': 15, 'max_features': 'log2', 'min_samples_leaf': 2, 'min_samples_split': 10, 'n_estimators': 200}	0.5071878940731399	0.6376242804814233	0.5914703850260662	0.5619439079549019	0.609626216077829	0.581570536722672	0.0445985031457272	155
0.4583930015563965	0.014130901225452958	0.013089179992675781	0.0020722026285004674		15	log2	2	10	300	{'class_weight': None, 'max_depth': 15, 'max_features': 'log2', 'min_samples_leaf': 2, 'min_samples_split': 10, 'n_estimators': 300}	0.5325714285714286	0.5981136973262957	0.5434080773820741	0.5695353535353536	0.5619439079549019	0.5611144929540107	0.022666114016789817	783
0.6142224311828614	0.010122703283299114	0.026738834381103516	0.005910277146921265		15	log2	2	10	400	{'class_weight': None, 'max_depth': 15, 'max_features': 'log2', 'min_samples_leaf': 2, 'min_samples_split': 10, 'n_estimators': 400}	0.5325714285714286	0.5737569517097076	0.5763324299909666	0.5608294930875576	0.5102222222222222	0.5507425051163766	0.025527779699926326	1291
0.7814873695373535	0.043275843977826974	0.028634357452392577	0.005701149433436331		15	log2	2	10	500	{'class_weight': None, 'max_depth': 15, 'max_features': 'log2', 'min_samples_leaf': 2, 'min_samples_split': 10, 'n_estimators': 500}	0.539301954762889	0.5893075178789464	0.558540723101586	0.5695353535353536	0.5179899949801804	0.5549351088517911	0.02456406744422399	1041
0.9060235023498535	0.0499295998234367	0.03338956832885742	0.004489849374604902		15	log2	2	10	600	{'class_weight': None, 'max_depth': 15, 'max_features': 'log2', 'min_samples_leaf': 2, 'min_samples_split': 10, 'n_estimators': 600}	0.5541223803518884	0.5893075178789464	0.5521228545618789	0.5695353535353536	0.536	0.5602176212656135	0.018012288078830433	818
0.03941402435302734	0.004704536755705203	0.0036740779876708986	0.0009300949435333905		15	log2	4	2	25	{'class_weight': None, 'max_depth': 15, 'max_features': 'log2', 'min_samples_leaf': 4, 'min_samples_split': 2, 'n_estimators': 25}	0.5967104790634203	0.5219817440383759	0.5852278545826933	0.5925925925925926	0.6005420054200542	0.5794109351394272	0.02915990736173923	178
0.07381610870361328	0.0030530917389055144	0.0043204307556152345	0.0015253201996636666		15	log2	4	2	50	{'class_weight': None, 'max_depth': 15, 'max_features': 'log2', 'min_samples_leaf': 4, 'min_samples_split': 2, 'n_estimators': 50}	0.539301954762889	0.5686176714492661	0.5449373737373737	0.46309006863706403	0.5619439079549019	0.5355781953082989	0.0377961556264144	1947
0.15789356231689453	0.008566695886966595	0.007094764709472656	0.0024540624990173924		15	log2	4	2	100	{'class_weight': None, 'max_depth': 15, 'max_features': 'log2', 'min_samples_leaf': 4, 'min_samples_split': 2, 'n_estimators': 100}	0.5717219376841179	0.5893075178789464	0.5608294930875576	0.5521228545618789	0.536	0.5619963606425001	0.017973005465175298	724
0.22573795318603515	0.023473230554348284	0.010056161880493164	0.0015318280386598358		15	log2	4	2	150	{'class_weight': None, 'max_depth': 15, 'max_features': 'log2', 'min_samples_leaf': 4, 'min_samples_split': 2, 'n_estimators': 150}	0.5865530363256697	0.5805128205128205	0.6005420054200542	0.536431131592422	0.5451923076923078	0.5698462603086548	0.024736648302255058	438
0.28615612983703614	0.025904833672303722	0.012177085876464844	0.002579789625099577		15	log2	4	2	200	{'class_weight': None, 'max_depth': 15, 'max_features': 'log2', 'min_samples_leaf': 4, 'min_samples_split': 2, 'n_estimators': 200}	0.5865530363256697	0.5737569517097076	0.5521228545618789	0.5038212815990594	0.536	0.5504508248392631	0.029094609633500457	1314
0.4384347438812256	0.023164060137271413	0.014317560195922851	0.004463172711308576		15	log2	4	2	300	{'class_weight': None, 'max_depth': 15, 'max_features': 'log2', 'min_samples_leaf': 4, 'min_samples_split': 2, 'n_estimators': 300}	0.5629274955442795	0.5737569517097076	0.5878067073824066	0.5369121312666105	0.5451923076923078	0.5613191187190624	0.018518390800014977	768
0.5865321159362793	0.018978140172634946	0.01999807357788086	0.004046793205168666		15	log2	4	2	400	{'class_weight': None, 'max_depth': 15, 'max_features': 'log2', 'min_samples_leaf': 4, 'min_samples_split': 2, 'n_estimators': 400}	0.5479287119999022	0.5414301947869302	0.5733333333333334	0.5449373737373737	0.5279627096316563	0.5471184646978392	0.014777904877075681	1457
0.7368087291717529	0.023323419507675365	0.021695756912231447	0.0028347831602220505		15	log2	4	2	500	{'class_weight': None, 'max_depth': 15, 'max_features': 'log2', 'min_samples_leaf': 4, 'min_samples_split': 2, 'n_estimators': 500}	0.5479287119999022	0.5496196111580728	0.6113606098176976	0.5118803545783192	0.5534782388407559	0.5548535052789495	0.03199056833472703	1052
0.9152394771575928	0.102821411993083	0.02808656692504883	0.004422957579275851		15	log2	4	2	600	{'class_weight': None, 'max_depth': 15, 'max_features': 'log2', 'min_samples_leaf': 4, 'min_samples_split': 2, 'n_estimators': 600}	0.5241354863156865	0.5578160800432915	0.5674392312040701	0.5118803545783192	0.536	0.5394542304282735	0.020626352310251565	1818
0.039376115798950194	0.002657356923855213	0.0024786472320556642	0.0009144375618263571		15	log2	4	5	25	{'class_weight': None, 'max_depth': 15, 'max_features': 'log2', 'min_samples_leaf': 4, 'min_samples_split': 5, 'n_estimators': 25}	0.5967104790634203	0.5219817440383759	0.5852278545826933	0.5925925925925926	0.6005420054200542	0.5794109351394272	0.02915990736173923	178
0.07575802803039551	0.010106017735575033	0.003222942352294922	0.0013469673729032418		15	log2	4	5	50	{'class_weight': None, 'max_depth': 15, 'max_features': 'log2', 'min_samples_leaf': 4, 'min_samples_split': 5, 'n_estimators': 50}	0.539301954762889	0.5686176714492661	0.5449373737373737	0.46309006863706403	0.5619439079549019	0.5355781953082989	0.0377961556264144	1947
0.14745078086853028	0.006930923657435928	0.004742765426635742	0.0007235691701700484		15	log2	4	5	100	{'class_weight': None, 'max_depth': 15, 'max_features': 'log2', 'min_samples_leaf': 4, 'min_samples_split': 5, 'n_estimators': 100}	0.5717219376841179	0.5893075178789464	0.5608294930875576	0.5521228545618789	0.536	0.5619963606425001	0.017973005465175298	724
0.21684393882751465	0.008854801417830438	0.007306671142578125	0.0013135356141558614		15	log2	4	5	150	{'class_weight': None, 'max_depth': 15, 'max_features': 'log2', 'min_samples_leaf': 4, 'min_samples_split': 5, 'n_estimators': 150}	0.5865530363256697	0.5805128205128205	0.6005420054200542	0.536431131592422	0.5451923076923078	0.5698462603086548	0.024736648302255058	438
0.3003103733062744	0.01157219453834421	0.011143016815185546	0.0038385934541541682		15	log2	4	5	200	{'class_weight': None, 'max_depth': 15, 'max_features': 'log2', 'min_samples_leaf': 4, 'min_samples_split': 5, 'n_estimators': 200}	0.5865530363256697	0.5737569517097076	0.5521228545618789	0.5038212815990594	0.536	0.5504508248392631	0.029094609633500457	1314
0.45185294151306155	0.006742234309290718	0.014502382278442383	0.0027857186799300606		15	log2	4	5	300	{'class_weight': None, 'max_depth': 15, 'max_features': 'log2', 'min_samples_leaf': 4, 'min_samples_split': 5, 'n_estimators': 300}	0.5629274955442795	0.5737569517097076	0.5878067073824066	0.5369121312666105	0.5451923076923078	0.5613191187190624	0.018518390800014977	768
0.5738605499267578	0.014922799264280931	0.021288728713989256	0.0026121672224119225		15	log2	4	5	400	{'class_weight': None, 'max_depth': 15, 'max_features': 'log2', 'min_samples_leaf': 4, 'min_samples_split': 5, 'n_estimators': 400}	0.5479287119999022	0.5414301947869302	0.5733333333333334	0.5449373737373737	0.5279627096316563	0.5471184646978392	0.014777904877075681	1457
0.7421366214752197	0.03013417247796758	0.025795936584472656	0.00425990014482698		15	log2	4	5	500	{'class_weight': None, 'max_depth': 15, 'max_features': 'log2', 'min_samples_leaf': 4, 'min_samples_split': 5, 'n_estimators': 500}	0.5479287119999022	0.5496196111580728	0.6113606098176976	0.5118803545783192	0.5534782388407559	0.5548535052789495	0.03199056833472703	1052
0.878662395477295	0.01461115968770163	0.025290441513061524	0.003125575198096841		15	log2	4	5	600	{'class_weight': None, 'max_depth': 15, 'max_features': 'log2', 'min_samples_leaf': 4, 'min_samples_split': 5, 'n_estimators': 600}	0.5241354863156865	0.5578160800432915	0.5674392312040701	0.5118803545783192	0.536	0.5394542304282735	0.020626352310251565	1818
0.03725147247314453	0.00425150013115	0.0026103496551513673	0.0011004580813398347		15	log2	4	10	25	{'class_weight': None, 'max_depth': 15, 'max_features': 'log2', 'min_samples_leaf': 4, 'min_samples_split': 10, 'n_estimators': 25}	0.5893075178789464	0.5415813000558763	0.5831896551724138	0.5496296296296296	0.536	0.5599416205473732	0.02199757604686523	842
0.07703447341918945	0.005061891407798362	0.0032181739807128906	0.0013979820040638396		15	log2	4	10	50	{'class_weight': None, 'max_depth': 15, 'max_features': 'log2', 'min_samples_leaf': 4, 'min_samples_split': 10, 'n_estimators': 50}	0.5594141095763419	0.5717219376841179	0.5642528049471155	0.5346780594854555	0.5619439079549019	0.5584021639295865	0.01255426214157388	899
0.15098166465759277	0.008916253621695127	0.007685565948486328	0.0025901599932110267		15	log2	4	10	100	{'class_weight': None, 'max_depth': 15, 'max_features': 'log2', 'min_samples_leaf': 4, 'min_samples_split': 10, 'n_estimators': 100}	0.5717219376841179	0.5565421245421245	0.5203393939393939	0.5279132791327914	0.5440445898461165	0.5441122650289089	0.01867809709514196	1617
0.22675375938415526	0.011903041559656241	0.01035304069519043	0.0024151128993018275		15	log2	4	10	150	{'class_weight': None, 'max_depth': 15, 'max_features': 'log2', 'min_samples_leaf': 4, 'min_samples_split': 10, 'n_estimators': 150}	0.5775896234912629	0.5737569517097076	0.536431131592422	0.5824033867177165	0.533532412591763	0.5607427012205745	0.02123123654920907	796
0.2973830223083496	0.04142840370394645	0.009893560409545898	0.0023737622361212894		15	log2	4	10	200	{'class_weight': None, 'max_depth': 15, 'max_features': 'log2', 'min_samples_leaf': 4, 'min_samples_split': 10, 'n_estimators': 200}	0.5686176714492661	0.5737569517097076	0.536431131592422	0.5286302175191064	0.5617777777777778	0.553842750009656	0.01798151633801908	1110
0.43599658012390136	0.006591702783843563	0.012301778793334961	0.001492065052392928		15	log2	4	10	300	{'class_weight': None, 'max_depth': 15, 'max_features': 'log2', 'min_samples_leaf': 4, 'min_samples_split': 10, 'n_estimators': 300}	0.5541223803518884	0.5494002060931195	0.5608294930875576	0.5534391534391534	0.5534782388407559	0.554253894362495	0.0036899736748349896	1084
0.568161153793335	0.03088918348559971	0.015005064010620118	0.0024735816491118848		15	log2	4	10	400	{'class_weight': None, 'max_depth': 15, 'max_features': 'log2', 'min_samples_leaf': 4, 'min_samples_split': 10, 'n_estimators': 400}	0.539301954762889	0.5578067765567766	0.536431131592422	0.5608294930875576	0.5179899949801804	0.5424718701959652	0.01560809259413347	1695
0.7602864265441894	0.048197751080136436	0.020697259902954103	0.0030981219622495068		15	log2	4	10	500	{'class_weight': None, 'max_depth': 15, 'max_features': 'log2', 'min_samples_leaf': 4, 'min_samples_split': 10, 'n_estimators': 500}	0.539301954762889	0.5737569517097076	0.5521228545618789	0.5279132791327914	0.5440445898461165	0.5474279260026766	0.015320311768707432	1431
0.8670074462890625	0.061443971040252	0.028099632263183592	0.002996753115082768		15	log2	4	10	600	{'class_weight': None, 'max_depth': 15, 'max_features': 'log2', 'min_samples_leaf': 4, 'min_samples_split': 10, 'n_estimators': 600}	0.5541223803518884	0.5737569517097076	0.536431131592422	0.5203393939393939	0.5068771218827209	0.5383053958952265	0.023752963214422062	1859
1.511968231201172	0.061578928553470504	0.003329944610595703	0.0014989267677714944		15		1	2	25	{'class_weight': None, 'max_depth': 15, 'max_features': None, 'min_samples_leaf': 1, 'min_samples_split': 2, 'n_estimators': 25}	0.49866378033293085	0.545299707743821	0.6411522633744856	0.5434080773820741	0.5600335249042145	0.5577114707475052	0.046503820220809254	921
3.064191961288452	0.10156248752325428	0.004211616516113281	0.0015224504876974836		15		1	2	50	{'class_weight': None, 'max_depth': 15, 'max_features': None, 'min_samples_leaf': 1, 'min_samples_split': 2, 'n_estimators': 50}	0.5186603650586702	0.5086007326007326	0.606345785440613	0.510815395869325	0.5496296296296296	0.538810381719794	0.03682513322495068	1840
5.923291015625	0.13450263132487356	0.00909595489501953	0.0011626833609027884		15		1	2	100	{'class_weight': None, 'max_depth': 15, 'max_features': None, 'min_samples_leaf': 1, 'min_samples_split': 2, 'n_estimators': 100}	0.5506202480992397	0.5409907552764696	0.5831896551724138	0.510815395869325	0.558540723101586	0.5488313555038069	0.023599376732617625	1382
8.964978408813476	0.24630670630478638	0.007066202163696289	0.001716665011541834		15		1	2	150	{'class_weight': None, 'max_depth': 15, 'max_features': None, 'min_samples_leaf': 1, 'min_samples_split': 2, 'n_estimators': 150}	0.5186603650586702	0.6152535988601562	0.5831896551724138	0.5193769235600779	0.5534391534391534	0.5579839392180943	0.03734338563321211	915
11.980940771102905	0.20309279317871173	0.012455558776855469	0.002333791292036574		15		1	2	200	{'class_weight': None, 'max_depth': 15, 'max_features': None, 'min_samples_leaf': 1, 'min_samples_split': 2, 'n_estimators': 200}	0.5415813000558763	0.605984875339714	0.5693121693121693	0.5259259259259259	0.536	0.5557608541267371	0.028940506216273018	1006
17.943168449401856	0.3140520552159507	0.013604259490966797	0.0024532334575786945		15		1	2	300	{'class_weight': None, 'max_depth': 15, 'max_features': None, 'min_samples_leaf': 1, 'min_samples_split': 2, 'n_estimators': 300}	0.5645022350530825	0.5629274955442795	0.5600335249042145	0.5317416924852683	0.5619439079549019	0.5562297711883494	0.012329469330246576	980
23.995463275909422	0.3975911977160634	0.020424938201904295	0.004475315286217906		15		1	2	400	{'class_weight': None, 'max_depth': 15, 'max_features': None, 'min_samples_leaf': 1, 'min_samples_split': 2, 'n_estimators': 400}	0.5645022350530825	0.5775896234912629	0.5878067073824066	0.5317416924852683	0.6120074613314845	0.574729543948701	0.026538231303339776	296
30.233099508285523	0.5883407762746071	0.024929904937744142	0.0019480055134611096		15		1	2	500	{'class_weight': None, 'max_depth': 15, 'max_features': None, 'min_samples_leaf': 1, 'min_samples_split': 2, 'n_estimators': 500}	0.5506202480992397	0.5775896234912629	0.601980438612478	0.546031746031746	0.5534782388407559	0.5659400590150965	0.021075843083520802	575
36.36079502105713	0.6699579772845233	0.025319766998291016	0.0047154113618242495		15		1	2	600	{'class_weight': None, 'max_depth': 15, 'max_features': None, 'min_samples_leaf': 1, 'min_samples_split': 2, 'n_estimators': 600}	0.5596301547914452	0.5775896234912629	0.5925925925925926	0.5368773946360154	0.5451923076923078	0.5623764146407247	0.020481672927395368	698
1.551702356338501	0.062152074362049885	0.003440380096435547	0.0009972465098142824		15		1	5	25	{'class_weight': None, 'max_depth': 15, 'max_features': None, 'min_samples_leaf': 1, 'min_samples_split': 5, 'n_estimators': 25}	0.5506202480992397	0.5168323739752311	0.6163347763347763	0.5785675232367414	0.5452847805788983	0.5615279404449774	0.03368871709865043	750
3.0689610481262206	0.11183905933112216	0.0026978969573974608	0.00024287612536105652		15		1	5	50	{'class_weight': None, 'max_depth': 15, 'max_features': None, 'min_samples_leaf': 1, 'min_samples_split': 5, 'n_estimators': 50}	0.5541223803518884	0.4763299692433551	0.623308237573196	0.5925925925925926	0.49947089947089945	0.5491648158463863	0.05510389537723276	1364
5.987213659286499	0.1709194656654363	0.0075819969177246095	0.0019212188264028783		15		1	5	100	{'class_weight': None, 'max_depth': 15, 'max_features': None, 'min_samples_leaf': 1, 'min_samples_split': 5, 'n_estimators': 100}	0.5596301547914452	0.5003422606314708	0.5507246376811594	0.5413786992734361	0.558540723101586	0.5421232950958195	0.02189161682858091	1709
8.878053236007691	0.2757796373592948	0.010130977630615235	0.00449009860494257		15		1	5	150	{'class_weight': None, 'max_depth': 15, 'max_features': None, 'min_samples_leaf': 1, 'min_samples_split': 5, 'n_estimators': 150}	0.539301954762889	0.5629274955442795	0.5872408293460926	0.5872408293460926	0.5534391534391534	0.5660300524877014	0.01888037031574301	573
11.955074405670166	0.31260991578912434	0.007909297943115234	0.0009345129638356804		15		1	5	200	{'class_weight': None, 'max_depth': 15, 'max_features': None, 'min_samples_leaf': 1, 'min_samples_split': 5, 'n_estimators': 200}	0.5736653635813299	0.5541223803518884	0.5872408293460926	0.5551546078610048	0.5179899949801804	0.5576346352240992	0.023339644179512623	923
17.847149515151976	0.3608147738004506	0.014995241165161132	0.002239574531564166		15		1	5	300	{'class_weight': None, 'max_depth': 15, 'max_features': None, 'min_samples_leaf': 1, 'min_samples_split': 5, 'n_estimators': 300}	0.5645022350530825	0.5086007326007326	0.5551546078610048	0.5643097643097642	0.5279627096316563	0.544106009891248	0.022214860203480926	1620
24.002394056320192	0.5122436881985959	0.018175029754638673	0.0024119207835914566		15		1	5	400	{'class_weight': None, 'max_depth': 15, 'max_features': None, 'min_samples_leaf': 1, 'min_samples_split': 5, 'n_estimators': 400}	0.5553113553113553	0.5325714285714286	0.5693121693121693	0.5368773946360154	0.6120074613314845	0.5612159618324906	0.028611412107762763	775
30.231437587738036	0.68753651120365	0.024537086486816406	0.0028701471550325766		15		1	5	500	{'class_weight': None, 'max_depth': 15, 'max_features': None, 'min_samples_leaf': 1, 'min_samples_split': 5, 'n_estimators': 500}	0.5645022350530825	0.5306551372125142	0.5925925925925926	0.5600335249042145	0.536	0.5567566979524808	0.022212943377491783	952
36.339710807800294	0.7915152927749073	0.028096580505371095	0.004575273521200268		15		1	5	600	{'class_weight': None, 'max_depth': 15, 'max_features': None, 'min_samples_leaf': 1, 'min_samples_split': 5, 'n_estimators': 600}	0.5553113553113553	0.545299707743821	0.6198439241917503	0.5368773946360154	0.5102222222222222	0.5535109208210328	0.03639043429380654	1122
1.5119319915771485	0.07567834977438626	0.0019445419311523438	0.000205732164161551		15		1	10	25	{'class_weight': None, 'max_depth': 15, 'max_features': None, 'min_samples_leaf': 1, 'min_samples_split': 10, 'n_estimators': 25}	0.49866378033293085	0.5717219376841179	0.5907563025210084	0.5674392312040701	0.5785675232367414	0.5614297549957739	0.03235849160327452	760
2.9748167991638184	0.10928563022908747	0.004314231872558594	0.0013082268580415757		15		1	10	50	{'class_weight': None, 'max_depth': 15, 'max_features': None, 'min_samples_leaf': 1, 'min_samples_split': 10, 'n_estimators': 50}	0.5275751326171494	0.5325714285714286	0.6101718943824207	0.5037037037037037	0.5037037037037037	0.5355451725956811	0.039164449639473145	1955
5.879276180267334	0.13194589755639163	0.006981801986694336	0.002077326658525675		15		1	10	100	{'class_weight': None, 'max_depth': 15, 'max_features': None, 'min_samples_leaf': 1, 'min_samples_split': 10, 'n_estimators': 100}	0.5415813000558763	0.5479287119999022	0.5737643998513563	0.5276848755109624	0.5259259259259259	0.5433770426688047	0.017309647295394318	1641
8.918775653839111	0.12089277931072293	0.006569623947143555	0.0009589831526980907		15		1	10	150	{'class_weight': None, 'max_depth': 15, 'max_features': None, 'min_samples_leaf': 1, 'min_samples_split': 10, 'n_estimators': 150}	0.5541223803518884	0.5775896234912629	0.5831896551724138	0.5551546078610048	0.49465811965811973	0.5529428773069379	0.03138702159293325	1153
11.924991130828857	0.22537504484258417	0.011373519897460938	0.0041282248531370955		15		1	10	200	{'class_weight': None, 'max_depth': 15, 'max_features': None, 'min_samples_leaf': 1, 'min_samples_split': 10, 'n_estimators': 200}	0.5686176714492661	0.5686176714492661	0.5872408293460926	0.5693121693121693	0.5279627096316563	0.56435021023769	0.019540082557458614	647
17.76054458618164	0.42368871170664657	0.014979839324951172	0.001160214232340232		15		1	10	300	{'class_weight': None, 'max_depth': 15, 'max_features': None, 'min_samples_leaf': 1, 'min_samples_split': 10, 'n_estimators': 300}	0.5506202480992397	0.5828075150655795	0.5600335249042145	0.5831896551724138	0.5279627096316563	0.5609227305746207	0.020823326034521885	795
23.80122995376587	0.5046811930138724	0.02020115852355957	0.005277991305146091		15		1	10	400	{'class_weight': None, 'max_depth': 15, 'max_features': None, 'min_samples_leaf': 1, 'min_samples_split': 10, 'n_estimators': 400}	0.5736653635813299	0.5629274955442795	0.5642528049471155	0.5693121693121693	0.5619439079549019	0.5664203482679592	0.004422435028717288	561
30.219197988510132	0.6908424364173282	0.022867202758789062	0.0016864621538770748		15		1	10	500	{'class_weight': None, 'max_depth': 15, 'max_features': None, 'min_samples_leaf': 1, 'min_samples_split': 10, 'n_estimators': 500}	0.5645022350530825	0.591935635154711	0.5831896551724138	0.5872408293460926	0.5451923076923078	0.5744121324837216	0.01732453601989963	302
36.3642795085907	0.7660434506898512	0.02486414909362793	0.003350745552325566		15		1	10	600	{'class_weight': None, 'max_depth': 15, 'max_features': None, 'min_samples_leaf': 1, 'min_samples_split': 10, 'n_estimators': 600}	0.5645022350530825	0.591935635154711	0.6198439241917503	0.5737643998513563	0.5619439079549019	0.5823980204411604	0.021477109018058858	135
1.5031382083892821	0.0855870244098535	0.001990985870361328	0.00023174111243951743		15		2	2	25	{'class_weight': None, 'max_depth': 15, 'max_features': None, 'min_samples_leaf': 2, 'min_samples_split': 2, 'n_estimators': 25}	0.5071878940731399	0.5168323739752311	0.6288323211439892	0.5733333333333334	0.5600335249042145	0.5572438894859817	0.04365833042841431	937
2.9360091209411623	0.10371206721902064	0.0035237789154052733	0.0011646515259236185		15		2	2	50	{'class_weight': None, 'max_depth': 15, 'max_features': None, 'min_samples_leaf': 2, 'min_samples_split': 2, 'n_estimators': 50}	0.5506202480992397	0.4763299692433551	0.623308237573196	0.6113606098176976	0.5137212643678162	0.5550680658202609	0.056133057062581024	1037
5.833650302886963	0.1626418200276869	0.006311368942260742	0.0018090464416583001		15		2	2	100	{'class_weight': None, 'max_depth': 15, 'max_features': None, 'min_samples_leaf': 2, 'min_samples_split': 2, 'n_estimators': 100}	0.5553113553113553	0.5325714285714286	0.5600335249042145	0.5227513227513227	0.5279132791327914	0.5397161821342225	0.015060984830175752	1812
8.783448219299316	0.1835951389078065	0.008411788940429687	0.0033841099745105224		15		2	2	150	{'class_weight': None, 'max_depth': 15, 'max_features': None, 'min_samples_leaf': 2, 'min_samples_split': 2, 'n_estimators': 150}	0.5506202480992397	0.5686176714492661	0.5737643998513563	0.5551546078610048	0.5449373737373737	0.5586188601996481	0.010886004862785478	885
11.713770532608033	0.18595095270756362	0.009771251678466797	0.0031308499786592225		15		2	2	200	{'class_weight': None, 'max_depth': 15, 'max_features': None, 'min_samples_leaf': 2, 'min_samples_split': 2, 'n_estimators': 200}	0.5645022350530825	0.5805128205128205	0.5872408293460926	0.5925925925925926	0.5102222222222222	0.5670141399453621	0.029923977562691283	544
17.399122714996338	0.31732356607396206	0.01436786651611328	0.0013809207509893975		15		2	2	300	{'class_weight': None, 'max_depth': 15, 'max_features': None, 'min_samples_leaf': 2, 'min_samples_split': 2, 'n_estimators': 300}	0.5553113553113553	0.5409907552764696	0.6101718943824207	0.5831896551724138	0.5704594017094017	0.5720246123704122	0.023768703951780563	364
23.298199367523193	0.6973010741159514	0.01946096420288086	0.0033988383725357535		15		2	2	400	{'class_weight': None, 'max_depth': 15, 'max_features': None, 'min_samples_leaf': 2, 'min_samples_split': 2, 'n_estimators': 400}	0.5781159011928243	0.5805128205128205	0.5831896551724138	0.5406989025118244	0.5869756846431933	0.5738985928066154	0.016858750277712796	312
29.247940254211425	0.6159493979981985	0.02563767433166504	0.0016016108827262726		15		2	2	500	{'class_weight': None, 'max_depth': 15, 'max_features': None, 'min_samples_leaf': 2, 'min_samples_split': 2, 'n_estimators': 500}	0.5460860978102358	0.591935635154711	0.5785675232367414	0.5643097643097642	0.5451923076923078	0.5652182656407521	0.01822045402522019	611
35.11042037010193	0.7754307950966215	0.02854886054992676	0.003804876102368065		15		2	2	600	{'class_weight': None, 'max_depth': 15, 'max_features': None, 'min_samples_leaf': 2, 'min_samples_split': 2, 'n_estimators': 600}	0.5553113553113553	0.5865530363256697	0.5968041620215533	0.5368773946360154	0.5451923076923078	0.5641476511973803	0.02344995116097108	653
1.473803949356079	0.05112519610350433	0.0029668807983398438	0.0011850246978910397		15		2	5	25	{'class_weight': None, 'max_depth': 15, 'max_features': None, 'min_samples_leaf': 2, 'min_samples_split': 5, 'n_estimators': 25}	0.5364527945173106	0.5168323739752311	0.6036471253862559	0.5925925925925926	0.5878067073824066	0.5674663187707594	0.034292118233105344	529
2.9225295066833494	0.08892498076598356	0.004372453689575196	0.0014665132002255146		15		2	5	50	{'class_weight': None, 'max_depth': 15, 'max_features': None, 'min_samples_leaf': 2, 'min_samples_split': 5, 'n_estimators': 50}	0.5415813000558763	0.5168323739752311	0.6134920634920635	0.5785675232367414	0.49534576973808175	0.5491638060995988	0.042430885495255796	1365
5.776881170272827	0.08526819348669734	0.005577993392944336	0.0017338534075723644		15		2	5	100	{'class_weight': None, 'max_depth': 15, 'max_features': None, 'min_samples_leaf': 2, 'min_samples_split': 5, 'n_estimators': 100}	0.5506202480992397	0.5865530363256697	0.6004784337897533	0.5643097643097642	0.5449373737373737	0.5693797712523601	0.021152320537018442	459
8.671427536010743	0.2039511359390221	0.006550741195678711	0.0013526900871545372		15		2	5	150	{'class_weight': None, 'max_depth': 15, 'max_features': None, 'min_samples_leaf': 2, 'min_samples_split': 5, 'n_estimators': 150}	0.5045300171350592	0.5686176714492661	0.5968041620215533	0.5737643998513563	0.5369121312666105	0.5561256763447691	0.032103538961752796	989
11.574011182785034	0.2448469129995421	0.008989572525024414	0.002140736654111228		15		2	5	200	{'class_weight': None, 'max_depth': 15, 'max_features': None, 'min_samples_leaf': 2, 'min_samples_split': 5, 'n_estimators': 200}	0.5645022350530825	0.5541223803518884	0.5872408293460926	0.5925925925925926	0.5279627096316563	0.5652841493950624	0.023434731526388797	608
17.390011024475097	0.3303388567204675	0.017734289169311523	0.0021579820053459317		15		2	5	300	{'class_weight': None, 'max_depth': 15, 'max_features': None, 'min_samples_leaf': 2, 'min_samples_split': 5, 'n_estimators': 300}	0.5506202480992397	0.5865530363256697	0.5872408293460926	0.5737643998513563	0.5704594017094017	0.573727583066352	0.013354634929220423	315
23.32485499382019	0.3970759745211808	0.01878218650817871	0.0025481129786435034		15		2	5	400	{'class_weight': None, 'max_depth': 15, 'max_features': None, 'min_samples_leaf': 2, 'min_samples_split': 5, 'n_estimators': 400}	0.5914774880292122	0.5805128205128205	0.5831896551724138	0.5693121693121693	0.5869756846431933	0.5822935635339619	0.007466690687170658	139
29.24442615509033	0.7294299972303364	0.02472686767578125	0.0015838258437965397		15		2	5	500	{'class_weight': None, 'max_depth': 15, 'max_features': None, 'min_samples_leaf': 2, 'min_samples_split': 5, 'n_estimators': 500}	0.5645022350530825	0.591935635154711	0.606345785440613	0.5643097643097642	0.5279627096316563	0.5710112259179654	0.026932557631180448	400
35.1853404045105	0.796042508055527	0.029011011123657227	0.004793626135801827		15		2	5	600	{'class_weight': None, 'max_depth': 15, 'max_features': None, 'min_samples_leaf': 2, 'min_samples_split': 5, 'n_estimators': 600}	0.5828075150655795	0.591935635154711	0.6198439241917503	0.5507246376811594	0.5451923076923078	0.5781008039571016	0.02752623249566615	212
1.4876022815704346	0.08550237372061972	0.003063344955444336	0.0011198412044145403		15		2	10	25	{'class_weight': None, 'max_depth': 15, 'max_features': None, 'min_samples_leaf': 2, 'min_samples_split': 10, 'n_estimators': 25}	0.5325068094298864	0.5414301947869302	0.5776486300063106	0.5878067073824066	0.5406989025118244	0.5560182488234716	0.02226504418147651	998
2.9379201412200926	0.07681922146392144	0.0033809661865234373	0.0006576114893172991		15		2	10	50	{'class_weight': None, 'max_depth': 15, 'max_features': None, 'min_samples_leaf': 2, 'min_samples_split': 10, 'n_estimators': 50}	0.5325068094298864	0.5241354863156865	0.623308237573196	0.5733333333333334	0.5914703850260662	0.5689508503356338	0.03692599657957298	472
5.711519956588745	0.19340260082335722	0.008192062377929688	0.0024061685883117645		15		2	10	100	{'class_weight': None, 'max_depth': 15, 'max_features': None, 'min_samples_leaf': 2, 'min_samples_split': 10, 'n_estimators': 100}	0.568781792919724	0.5541223803518884	0.6134920634920635	0.5368773946360154	0.5608294930875576	0.5668206248974498	0.025596114837584456	549
8.812386608123779	0.2411826434717697	0.007059335708618164	0.0012108540601611425		15		2	10	150	{'class_weight': None, 'max_depth': 15, 'max_features': None, 'min_samples_leaf': 2, 'min_samples_split': 10, 'n_estimators': 150}	0.5506202480992397	0.5479287119999022	0.6101718943824207	0.5968041620215533	0.5038212815990594	0.5618692596204351	0.038063207461431534	734
11.582819175720214	0.1958950505767242	0.010474395751953126	0.0020446727713926776		15		2	10	200	{'class_weight': None, 'max_depth': 15, 'max_features': None, 'min_samples_leaf': 2, 'min_samples_split': 10, 'n_estimators': 200}	0.5364527945173106	0.5596301547914452	0.5776486300063106	0.5643097643097642	0.5024471804225566	0.5480977048094775	0.02641461628844802	1411
17.362598419189453	0.23890893299487656	0.015191030502319337	0.0016921592557400335		15		2	10	300	{'class_weight': None, 'max_depth': 15, 'max_features': None, 'min_samples_leaf': 2, 'min_samples_split': 10, 'n_estimators': 300}	0.5364527945173106	0.5775896234912629	0.5693121693121693	0.5643097643097642	0.5534782388407559	0.5602285180942526	0.014222718251683314	815
23.088841056823732	0.4941577109321727	0.020149421691894532	0.006242380019309391		15		2	10	400	{'class_weight': None, 'max_depth': 15, 'max_features': None, 'min_samples_leaf': 2, 'min_samples_split': 10, 'n_estimators': 400}	0.5914774880292122	0.5865530363256697	0.5693121693121693	0.5737643998513563	0.5619439079549019	0.5766102002946618	0.010921137306171539	261
28.97253918647766	0.6095152703916247	0.022404003143310546	0.0030554524810661623		15		2	10	500	{'class_weight': None, 'max_depth': 15, 'max_features': None, 'min_samples_leaf': 2, 'min_samples_split': 10, 'n_estimators': 500}	0.5828075150655795	0.6010568666306372	0.5968041620215533	0.5872408293460926	0.5619439079549019	0.5859706562037529	0.013666470110703328	73
34.91935849189758	0.7292529492877836	0.026169013977050782	0.003971805056417209		15		2	10	600	{'class_weight': None, 'max_depth': 15, 'max_features': None, 'min_samples_leaf': 2, 'min_samples_split': 10, 'n_estimators': 600}	0.5828075150655795	0.6010568666306372	0.6101718943824207	0.5600335249042145	0.5451923076923078	0.5798524217350319	0.024379268481986866	174
1.3760286331176759	0.06557121752334011	0.002102231979370117	0.0005949468311448386		15		4	2	25	{'class_weight': None, 'max_depth': 15, 'max_features': None, 'min_samples_leaf': 4, 'min_samples_split': 2, 'n_estimators': 25}	0.5306551372125142	0.5479287119999022	0.6004784337897533	0.5496296296296296	0.5259259259259259	0.550923567711545	0.02646514522257046	1270
2.7032589435577394	0.1528221505264615	0.003248453140258789	0.0013720643422784468		15		4	2	50	{'class_weight': None, 'max_depth': 15, 'max_features': None, 'min_samples_leaf': 4, 'min_samples_split': 2, 'n_estimators': 50}	0.5415813000558763	0.5250434604765313	0.5937662337662337	0.597037037037037	0.5038212815990594	0.5522498625869476	0.03722588902871897	1176
5.345814228057861	0.08279272731512714	0.006825542449951172	0.0018397357698516142		15		4	2	100	{'class_weight': None, 'max_depth': 15, 'max_features': None, 'min_samples_leaf': 4, 'min_samples_split': 2, 'n_estimators': 100}	0.5594141095763419	0.565149136577708	0.5872408293460926	0.5276848755109624	0.5440445898461165	0.5567067081714443	0.02006755185431371	954
8.001022481918335	0.11816861813132112	0.008186721801757812	0.0024102436746561867		15		4	2	150	{'class_weight': None, 'max_depth': 15, 'max_features': None, 'min_samples_leaf': 4, 'min_samples_split': 2, 'n_estimators': 150}	0.5415813000558763	0.565149136577708	0.6134920634920635	0.5406989025118244	0.49193540011424414	0.5505713605503433	0.03946641327575763	1301
10.634632062911987	0.24372454124922557	0.008841943740844727	0.0015287826030008153		15		4	2	200	{'class_weight': None, 'max_depth': 15, 'max_features': None, 'min_samples_leaf': 4, 'min_samples_split': 2, 'n_estimators': 200}	0.5736653635813299	0.5717219376841179	0.6004784337897533	0.5600335249042145	0.4994107744107744	0.5610620068740381	0.03355015849551377	787
16.05338397026062	0.27041715083537554	0.015874099731445313	0.0022885204727318364		15		4	2	300	{'class_weight': None, 'max_depth': 15, 'max_features': None, 'min_samples_leaf': 4, 'min_samples_split': 2, 'n_estimators': 300}	0.5874231700502887	0.6010568666306372	0.5551546078610048	0.5737643998513563	0.5704594017094017	0.5775716892205377	0.015596222973428265	229
21.560772228240968	0.5967018873808863	0.020566940307617188	0.003924679535362345		15		4	2	400	{'class_weight': None, 'max_depth': 15, 'max_features': None, 'min_samples_leaf': 4, 'min_samples_split': 2, 'n_estimators': 400}	0.5781159011928243	0.6193083890525493	0.5831896551724138	0.5600335249042145	0.5534782388407559	0.5788251418325515	0.02303925199528488	192
27.138507556915282	0.7383488524558055	0.024117517471313476	0.004473225797670448		15		4	2	500	{'class_weight': None, 'max_depth': 15, 'max_features': None, 'min_samples_leaf': 4, 'min_samples_split': 2, 'n_estimators': 500}	0.5781159011928243	0.6101785771070599	0.606345785440613	0.5600335249042145	0.5451923076923078	0.5799732192674039	0.025371750986103364	168
33.10340585708618	0.861410169264422	0.028229665756225587	0.008298374272276674		15		4	2	600	{'class_weight': None, 'max_depth': 15, 'max_features': None, 'min_samples_leaf': 4, 'min_samples_split': 2, 'n_estimators': 600}	0.568781792919724	0.6101785771070599	0.6198439241917503	0.5507246376811594	0.5279627096316563	0.57549832830627	0.03489336374982704	278
1.3707627773284912	0.06690581762827826	0.0031754493713378905	0.001141305951944338		15		4	5	25	{'class_weight': None, 'max_depth': 15, 'max_features': None, 'min_samples_leaf': 4, 'min_samples_split': 5, 'n_estimators': 25}	0.5306551372125142	0.5479287119999022	0.6004784337897533	0.5496296296296296	0.5259259259259259	0.550923567711545	0.02646514522257046	1270
2.742584228515625	0.10939563558348757	0.0034755706787109376	0.0015178461203870003		15		4	5	50	{'class_weight': None, 'max_depth': 15, 'max_features': None, 'min_samples_leaf': 4, 'min_samples_split': 5, 'n_estimators': 50}	0.5415813000558763	0.5250434604765313	0.5937662337662337	0.597037037037037	0.5038212815990594	0.5522498625869476	0.03722588902871897	1176
5.449457836151123	0.08437736553116497	0.005623579025268555	0.0025774100244250874		15		4	5	100	{'class_weight': None, 'max_depth': 15, 'max_features': None, 'min_samples_leaf': 4, 'min_samples_split': 5, 'n_estimators': 100}	0.5594141095763419	0.565149136577708	0.5872408293460926	0.5276848755109624	0.5440445898461165	0.5567067081714443	0.02006755185431371	954
8.10353889465332	0.24075108552136976	0.008004999160766602	0.002241393736817083		15		4	5	150	{'class_weight': None, 'max_depth': 15, 'max_features': None, 'min_samples_leaf': 4, 'min_samples_split': 5, 'n_estimators': 150}	0.5415813000558763	0.565149136577708	0.6134920634920635	0.5406989025118244	0.49193540011424414	0.5505713605503433	0.03946641327575763	1301
11.29270625114441	0.20925803205778357	0.012394189834594727	0.002966326164650534		15		4	5	200	{'class_weight': None, 'max_depth': 15, 'max_features': None, 'min_samples_leaf': 4, 'min_samples_split': 5, 'n_estimators': 200}	0.5736653635813299	0.5717219376841179	0.6004784337897533	0.5600335249042145	0.4994107744107744	0.5610620068740381	0.03355015849551377	787
16.75600395202637	0.15210168237942928	0.013471269607543945	0.0035473632828652325		15		4	5	300	{'class_weight': None, 'max_depth': 15, 'max_features': None, 'min_samples_leaf': 4, 'min_samples_split': 5, 'n_estimators': 300}	0.5874231700502887	0.6010568666306372	0.5551546078610048	0.5737643998513563	0.5704594017094017	0.5775716892205377	0.015596222973428265	229
21.620016622543336	0.2557354891723603	0.020406770706176757	0.001192398417422326		15		4	5	400	{'class_weight': None, 'max_depth': 15, 'max_features': None, 'min_samples_leaf': 4, 'min_samples_split': 5, 'n_estimators': 400}	0.5781159011928243	0.6193083890525493	0.5831896551724138	0.5600335249042145	0.5534782388407559	0.5788251418325515	0.02303925199528488	192
26.829779624938965	0.5375560706063192	0.02336597442626953	0.003022465794456166		15		4	5	500	{'class_weight': None, 'max_depth': 15, 'max_features': None, 'min_samples_leaf': 4, 'min_samples_split': 5, 'n_estimators': 500}	0.5781159011928243	0.6101785771070599	0.606345785440613	0.5600335249042145	0.5451923076923078	0.5799732192674039	0.025371750986103364	168
32.744148349761964	0.877471161218394	0.029491281509399413	0.0034893851916045254		15		4	5	600	{'class_weight': None, 'max_depth': 15, 'max_features': None, 'min_samples_leaf': 4, 'min_samples_split': 5, 'n_estimators': 600}	0.568781792919724	0.6101785771070599	0.6198439241917503	0.5507246376811594	0.5279627096316563	0.57549832830627	0.03489336374982704	278
1.3748451709747314	0.09031656264479164	0.0025847911834716796	0.0009049620511965624		15		4	10	25	{'class_weight': None, 'max_depth': 15, 'max_features': None, 'min_samples_leaf': 4, 'min_samples_split': 10, 'n_estimators': 25}	0.5219817440383759	0.5479287119999022	0.5907563025210084	0.601980438612478	0.5193769235600779	0.5564048241463685	0.03430748910531275	973
2.736640739440918	0.08558679136517405	0.0030756473541259767	0.0006449286007525042		15		4	10	50	{'class_weight': None, 'max_depth': 15, 'max_features': None, 'min_samples_leaf': 4, 'min_samples_split': 10, 'n_estimators': 50}	0.5325068094298864	0.5325714285714286	0.6004784337897533	0.5878067073824066	0.49465811965811973	0.5496042997663189	0.03911298261633564	1346
5.415785932540894	0.09234309209929707	0.005016469955444336	0.0013492529628730547		15		4	10	100	{'class_weight': None, 'max_depth': 15, 'max_features': None, 'min_samples_leaf': 4, 'min_samples_split': 10, 'n_estimators': 100}	0.5186603650586702	0.5332404863654864	0.6004784337897533	0.5548188262228679	0.536	0.5486396222873556	0.028358752588746483	1388
8.24645676612854	0.15012313263656543	0.009401178359985352	0.004115425720046169		15		4	10	150	{'class_weight': None, 'max_depth': 15, 'max_features': None, 'min_samples_leaf': 4, 'min_samples_split': 10, 'n_estimators': 150}	0.5553113553113553	0.565149136577708	0.623308237573196	0.5831896551724138	0.5024471804225566	0.5658811130114458	0.03932830949379513	578
10.740809679031372	0.2749767430843624	0.012859106063842773	0.002682883902520379		15		4	10	200	{'class_weight': None, 'max_depth': 15, 'max_features': None, 'min_samples_leaf': 4, 'min_samples_split': 10, 'n_estimators': 200}	0.5415813000558763	0.5805128205128205	0.623308237573196	0.5600335249042145	0.5179899949801804	0.5646851756052575	0.035841441240751025	635
16.135367393493652	0.30300156278043555	0.017148590087890624	0.0023629606875409845		15		4	10	300	{'class_weight': None, 'max_depth': 15, 'max_features': None, 'min_samples_leaf': 4, 'min_samples_split': 10, 'n_estimators': 300}	0.5736653635813299	0.6010568666306372	0.6101718943824207	0.5872408293460926	0.5704594017094017	0.5885188711299765	0.015326181913296006	53
21.376950407028197	0.36500448959643694	0.0181729793548584	0.0034092402160396744		15		4	10	400	{'class_weight': None, 'max_depth': 15, 'max_features': None, 'min_samples_leaf': 4, 'min_samples_split': 10, 'n_estimators': 400}	0.5553113553113553	0.5893075178789464	0.5831896551724138	0.5600335249042145	0.5619439079549019	0.5699571922443664	0.013614151573686555	430
26.715756988525392	0.5681096631006507	0.03074307441711426	0.012011297350187215		15		4	10	500	{'class_weight': None, 'max_depth': 15, 'max_features': None, 'min_samples_leaf': 4, 'min_samples_split': 10, 'n_estimators': 500}	0.5460860978102358	0.643101614736765	0.5831896551724138	0.5600335249042145	0.5279627096316563	0.572074720451057	0.03983623948423946	360
32.21607489585877	0.8641705314273462	0.026435041427612306	0.0046851938175456725		15		4	10	600	{'class_weight': None, 'max_depth': 15, 'max_features': None, 'min_samples_leaf': 4, 'min_samples_split': 10, 'n_estimators': 600}	0.5781159011928243	0.6101785771070599	0.6331029594187488	0.5507246376811594	0.5451923076923078	0.58346287661842	0.033890663474961995	108
0.08453621864318847	0.0043008581302223115	0.002999019622802734	0.001089908669154477		20	sqrt	1	2	25	{'class_weight': None, 'max_depth': 20, 'max_features': 'sqrt', 'min_samples_leaf': 1, 'min_samples_split': 2, 'n_estimators': 25}	0.4520278529220407	0.508712715855573	0.5319890224394253	0.6428836863619473	0.510815395869325	0.5292857346896622	0.06268171217205616	2119
0.16202473640441895	0.009566061046254005	0.004541254043579102	0.0015523669509549427		20	sqrt	1	2	50	{'class_weight': None, 'max_depth': 20, 'max_features': 'sqrt', 'min_samples_leaf': 1, 'min_samples_split': 2, 'n_estimators': 50}	0.4837206509337657	0.5496196111580728	0.5171450000765334	0.5824033867177165	0.5203393939393939	0.5306456085650965	0.03325452303632936	2095
0.3128182411193848	0.004013073114031201	0.0063495635986328125	0.002055178142178144		20	sqrt	1	2	100	{'class_weight': None, 'max_depth': 20, 'max_features': 'sqrt', 'min_samples_leaf': 1, 'min_samples_split': 2, 'n_estimators': 100}	0.545299707743821	0.5737569517097076	0.5346780594854555	0.5674392312040701	0.49465811965811973	0.5431664139602348	0.028123329734978945	1647
0.49652919769287107	0.055205334753828314	0.008717727661132813	0.0024680857651752735		20	sqrt	1	2	150	{'class_weight': None, 'max_depth': 20, 'max_features': 'sqrt', 'min_samples_leaf': 1, 'min_samples_split': 2, 'n_estimators': 150}	0.5686176714492661	0.5479287119999022	0.5406989025118244	0.5941333333333334	0.536431131592422	0.5575619501773496	0.02136992366484453	926
0.6859114170074463	0.03725286764372103	0.009773874282836914	0.0016282444331914103		20	sqrt	1	2	200	{'class_weight': None, 'max_depth': 20, 'max_features': 'sqrt', 'min_samples_leaf': 1, 'min_samples_split': 2, 'n_estimators': 200}	0.5541223803518884	0.539301954762889	0.5434080773820741	0.6005420054200542	0.5449373737373737	0.5564623583308558	0.022566389857642456	971
0.9806830883026123	0.05657939470350494	0.01412510871887207	0.0017733323889639464		20	sqrt	1	2	300	{'class_weight': None, 'max_depth': 20, 'max_features': 'sqrt', 'min_samples_leaf': 1, 'min_samples_split': 2, 'n_estimators': 300}	0.5541223803518884	0.5168323739752311	0.5824033867177165	0.5449373737373737	0.5440445898461165	0.5484680209256652	0.021054344929336874	1397
1.3006348133087158	0.04424151163559709	0.021391010284423827	0.002163377529954691		20	sqrt	1	2	400	{'class_weight': None, 'max_depth': 20, 'max_features': 'sqrt', 'min_samples_leaf': 1, 'min_samples_split': 2, 'n_estimators': 400}	0.5629274955442795	0.5494002060931195	0.5763324299909666	0.5608294930875576	0.536	0.5570979249431847	0.013581251717314545	943
1.6694038391113282	0.05563186758685995	0.022557973861694336	0.0075962147129938415		20	sqrt	1	2	500	{'class_weight': None, 'max_depth': 20, 'max_features': 'sqrt', 'min_samples_leaf': 1, 'min_samples_split': 2, 'n_estimators': 500}	0.5565421245421245	0.5565421245421245	0.5914703850260662	0.5279132791327914	0.5257575757575758	0.5516450978001365	0.02394735166658354	1223
1.9916891574859619	0.06386971967547599	0.028129959106445314	0.002356504345040299		20	sqrt	1	2	600	{'class_weight': None, 'max_depth': 20, 'max_features': 'sqrt', 'min_samples_leaf': 1, 'min_samples_split': 2, 'n_estimators': 600}	0.565149136577708	0.5629274955442795	0.5824033867177165	0.5037037037037037	0.5102222222222222	0.544881188953126	0.031752806093005514	1574
0.08466925621032714	0.0065641222116951305	0.0030529022216796873	0.0011147611368471963		20	sqrt	1	5	25	{'class_weight': None, 'max_depth': 20, 'max_features': 'sqrt', 'min_samples_leaf': 1, 'min_samples_split': 5, 'n_estimators': 25}	0.5132754342431762	0.5775896234912629	0.5809983896940418	0.5368773946360154	0.536431131592422	0.5490343947313836	0.026162707091460336	1374
0.16398816108703612	0.0068713131074132116	0.004139089584350586	0.001989119564691382		20	sqrt	1	5	50	{'class_weight': None, 'max_depth': 20, 'max_features': 'sqrt', 'min_samples_leaf': 1, 'min_samples_split': 5, 'n_estimators': 50}	0.5506202480992397	0.5737569517097076	0.49947089947089945	0.49947089947089945	0.5521228545618789	0.535088370662525	0.030212184716771343	1981
0.31937808990478517	0.00783541897887945	0.00653839111328125	0.002151077676906654		20	sqrt	1	5	100	{'class_weight': None, 'max_depth': 20, 'max_features': 'sqrt', 'min_samples_leaf': 1, 'min_samples_split': 5, 'n_estimators': 100}	0.5306551372125142	0.5737569517097076	0.5521228545618789	0.5733333333333334	0.6155015388480624	0.5690739631330992	0.028138723034954637	468
0.5218522071838378	0.022673057396766016	0.00860300064086914	0.003504102012593071		20	sqrt	1	5	150	{'class_weight': None, 'max_depth': 20, 'max_features': 'sqrt', 'min_samples_leaf': 1, 'min_samples_split': 5, 'n_estimators': 150}	0.5364527945173106	0.5332404863654864	0.5521228545618789	0.5914703850260662	0.5941333333333334	0.5614839707608151	0.026370629906361954	756
0.6683738708496094	0.018076861668404175	0.012686777114868163	0.005516823712441791		20	sqrt	1	5	200	{'class_weight': None, 'max_depth': 20, 'max_features': 'sqrt', 'min_samples_leaf': 1, 'min_samples_split': 5, 'n_estimators': 200}	0.5071878940731399	0.5332404863654864	0.5763324299909666	0.5346780594854555	0.5941333333333334	0.5491144406496764	0.0315776708318233	1370
0.99225754737854	0.016504164252579286	0.015509986877441406	0.00561386546481308		20	sqrt	1	5	300	{'class_weight': None, 'max_depth': 20, 'max_features': 'sqrt', 'min_samples_leaf': 1, 'min_samples_split': 5, 'n_estimators': 300}	0.5219817440383759	0.5325714285714286	0.597037037037037	0.5203393939393939	0.5704594017094017	0.5484778010591275	0.030291958815852952	1395
1.2827244758605958	0.031140130070982625	0.017983770370483397	0.0033672576731952637		20	sqrt	1	5	400	{'class_weight': None, 'max_depth': 20, 'max_features': 'sqrt', 'min_samples_leaf': 1, 'min_samples_split': 5, 'n_estimators': 400}	0.539301954762889	0.5494002060931195	0.5763324299909666	0.5286302175191064	0.5617777777777778	0.551088517228772	0.016719235016781818	1261
1.5867690086364745	0.028405212464130396	0.02578763961791992	0.002075712868282118		20	sqrt	1	5	500	{'class_weight': None, 'max_depth': 20, 'max_features': 'sqrt', 'min_samples_leaf': 1, 'min_samples_split': 5, 'n_estimators': 500}	0.5086007326007326	0.565149136577708	0.6113606098176976	0.5203393939393939	0.5440445898461165	0.5498988925563297	0.0363969434591792	1336
1.9268357753753662	0.09546486978626371	0.029131603240966798	0.003256017312156872		20	sqrt	1	5	600	{'class_weight': None, 'max_depth': 20, 'max_features': 'sqrt', 'min_samples_leaf': 1, 'min_samples_split': 5, 'n_estimators': 600}	0.5479287119999022	0.5332404863654864	0.601980438612478	0.5203393939393939	0.5068771218827209	0.5420732305599963	0.03290076999042932	1710
0.08515830039978027	0.004971463054894219	0.0031898975372314452	0.0007878122742077878		20	sqrt	1	10	25	{'class_weight': None, 'max_depth': 20, 'max_features': 'sqrt', 'min_samples_leaf': 1, 'min_samples_split': 10, 'n_estimators': 25}	0.5506202480992397	0.607788005248567	0.5388522777849564	0.5357009183096141	0.48491586173379503	0.5435754622352345	0.039238107325621906	1639
0.17071900367736817	0.026101750233948506	0.005325841903686524	0.0014350545617659327		20	sqrt	1	10	50	{'class_weight': None, 'max_depth': 20, 'max_features': 'sqrt', 'min_samples_leaf': 1, 'min_samples_split': 10, 'n_estimators': 50}	0.5541223803518884	0.5645022350530825	0.5613472886247147	0.5184476342371079	0.5434080773820741	0.5483655231297735	0.016623582383304695	1400
0.31589570045471194	0.009799495614594006	0.006270647048950195	0.0023160174816481893		20	sqrt	1	10	100	{'class_weight': None, 'max_depth': 20, 'max_features': 'sqrt', 'min_samples_leaf': 1, 'min_samples_split': 10, 'n_estimators': 100}	0.5828075150655795	0.5686176714492661	0.5507246376811594	0.5551546078610048	0.5369121312666105	0.5588433126647241	0.015686409598712005	881
0.48034276962280276	0.012244389353539638	0.00836639404296875	0.0024597141614386897		20	sqrt	1	10	150	{'class_weight': None, 'max_depth': 20, 'max_features': 'sqrt', 'min_samples_leaf': 1, 'min_samples_split': 10, 'n_estimators': 150}	0.5736653635813299	0.5250434604765313	0.6158730158730159	0.5346780594854555	0.5451923076923078	0.5588904414217282	0.03281709475782519	878
0.6439359188079834	0.02393942741033759	0.012400293350219726	0.0015635023723779217		20	sqrt	1	10	200	{'class_weight': None, 'max_depth': 20, 'max_features': 'sqrt', 'min_samples_leaf': 1, 'min_samples_split': 10, 'n_estimators': 200}	0.5645022350530825	0.5409907552764696	0.6526580459770115	0.5642528049471155	0.536	0.5716807682507359	0.042140288572793304	376
0.9557425022125244	0.04522809249379704	0.015045690536499023	0.0029821581355019174		20	sqrt	1	10	300	{'class_weight': None, 'max_depth': 20, 'max_features': 'sqrt', 'min_samples_leaf': 1, 'min_samples_split': 10, 'n_estimators': 300}	0.5506202480992397	0.5565421245421245	0.6295019157088123	0.558540723101586	0.5700991847120528	0.573060839232763	0.02891936496256734	334
1.2470590114593505	0.038551577848392624	0.018252754211425783	0.0027950830517434596		20	sqrt	1	10	400	{'class_weight': None, 'max_depth': 20, 'max_features': 'sqrt', 'min_samples_leaf': 1, 'min_samples_split': 10, 'n_estimators': 400}	0.5364527945173106	0.5250434604765313	0.6158730158730159	0.558540723101586	0.5521043771043772	0.5576028742145642	0.031413257500826734	924
1.576566505432129	0.04566808336911097	0.027875137329101563	0.0025760215613393356		20	sqrt	1	10	500	{'class_weight': None, 'max_depth': 20, 'max_features': 'sqrt', 'min_samples_leaf': 1, 'min_samples_split': 10, 'n_estimators': 500}	0.5541223803518884	0.5494002060931195	0.6295019157088123	0.5674392312040701	0.5521043771043772	0.5705136220924535	0.030141068677450443	411
1.8784983158111572	0.08003275064538673	0.028558778762817382	0.004566236641559379		20	sqrt	1	10	600	{'class_weight': None, 'max_depth': 20, 'max_features': 'sqrt', 'min_samples_leaf': 1, 'min_samples_split': 10, 'n_estimators': 600}	0.5541223803518884	0.5805128205128205	0.6295019157088123	0.5521228545618789	0.536	0.57045199422708	0.03279532591377206	415
0.08523945808410645	0.0047666801490170475	0.0026084423065185548	0.0011804739498297362		20	sqrt	2	2	25	{'class_weight': None, 'max_depth': 20, 'max_features': 'sqrt', 'min_samples_leaf': 2, 'min_samples_split': 2, 'n_estimators': 25}	0.4595416157916158	0.6103441050474949	0.48491586173379503	0.5643097643097642	0.5674392312040701	0.537310115617348	0.05614945351968064	1901
0.15283679962158203	0.011584048475114909	0.003381204605102539	0.0011888627100325388		20	sqrt	2	2	50	{'class_weight': None, 'max_depth': 20, 'max_features': 'sqrt', 'min_samples_leaf': 2, 'min_samples_split': 2, 'n_estimators': 50}	0.46065934065934067	0.5686176714492661	0.49551656920077974	0.5600335249042145	0.5763324299909666	0.5322319072409136	0.0458527168726677	2054
0.3063526630401611	0.018226502027227337	0.005075311660766602	0.0018950376625130184		20	sqrt	2	2	100	{'class_weight': None, 'max_depth': 20, 'max_features': 'sqrt', 'min_samples_leaf': 2, 'min_samples_split': 2, 'n_estimators': 100}	0.5686176714492661	0.5332404863654864	0.5346780594854555	0.5642528049471155	0.6045092972589553	0.5610596639012557	0.026172833079632318	793
0.48419718742370604	0.04942779437784383	0.007691431045532227	0.001755158528302054		20	sqrt	2	2	150	{'class_weight': None, 'max_depth': 20, 'max_features': 'sqrt', 'min_samples_leaf': 2, 'min_samples_split': 2, 'n_estimators': 150}	0.5186603650586702	0.5086741961741962	0.5496296296296296	0.5193769235600779	0.5617777777777778	0.5316237784400704	0.020387217663260473	2065
0.6124724388122559	0.013391430336546408	0.00916118621826172	0.0021236114360998477		20	sqrt	2	2	200	{'class_weight': None, 'max_depth': 20, 'max_features': 'sqrt', 'min_samples_leaf': 2, 'min_samples_split': 2, 'n_estimators': 200}	0.5736653635813299	0.5086741961741962	0.5496296296296296	0.5642528049471155	0.536	0.5464443988664542	0.022820778344538408	1490
0.9798756122589112	0.05243062624428922	0.015863752365112303	0.0038502268251108525		20	sqrt	2	2	300	{'class_weight': None, 'max_depth': 20, 'max_features': 'sqrt', 'min_samples_leaf': 2, 'min_samples_split': 2, 'n_estimators': 300}	0.5775896234912629	0.5332404863654864	0.597037037037037	0.5037037037037037	0.536	0.549514170119498	0.03344463595935589	1351
1.2419203281402589	0.037982792465455356	0.01968517303466797	0.0033611740705606335		20	sqrt	2	2	400	{'class_weight': None, 'max_depth': 20, 'max_features': 'sqrt', 'min_samples_leaf': 2, 'min_samples_split': 2, 'n_estimators': 400}	0.5865530363256697	0.5006867148599432	0.597037037037037	0.5037037037037037	0.5440445898461165	0.546405016354494	0.040235809505842005	1496
1.5591341972351074	0.0291149157283425	0.024980545043945312	0.004587764107157177		20	sqrt	2	2	500	{'class_weight': None, 'max_depth': 20, 'max_features': 'sqrt', 'min_samples_leaf': 2, 'min_samples_split': 2, 'n_estimators': 500}	0.6010568666306372	0.5332404863654864	0.5824033867177165	0.5193769235600779	0.5179899949801804	0.5508135316508197	0.03434171941374447	1284
1.8391723155975341	0.08828168965669268	0.024038028717041016	0.0025084719196252618		20	sqrt	2	2	600	{'class_weight': None, 'max_depth': 20, 'max_features': 'sqrt', 'min_samples_leaf': 2, 'min_samples_split': 2, 'n_estimators': 600}	0.5865530363256697	0.5332404863654864	0.6155015388480624	0.5193769235600779	0.5179899949801804	0.5545323960158954	0.03941359541362616	1065
0.07773523330688477	0.007809188729407646	0.0036048412322998045	0.0012198582105637321		20	sqrt	2	5	25	{'class_weight': None, 'max_depth': 20, 'max_features': 'sqrt', 'min_samples_leaf': 2, 'min_samples_split': 5, 'n_estimators': 25}	0.5156764139814987	0.591935635154711	0.5388522777849564	0.5785675232367414	0.5674392312040701	0.5584942162723955	0.027642175681526607	889
0.14846673011779785	0.012675021830002365	0.003784036636352539	0.0017906529853438213		20	sqrt	2	5	50	{'class_weight': None, 'max_depth': 20, 'max_features': 'sqrt', 'min_samples_leaf': 2, 'min_samples_split': 5, 'n_estimators': 50}	0.5168323739752311	0.5086007326007326	0.5643097643097642	0.5171450000765334	0.5120327700972862	0.5237841282119093	0.020510299901876097	2211
0.30472602844238283	0.007550540627221447	0.007536506652832032	0.0024364470875615964		20	sqrt	2	5	100	{'class_weight': None, 'max_depth': 20, 'max_features': 'sqrt', 'min_samples_leaf': 2, 'min_samples_split': 5, 'n_estimators': 100}	0.5565421245421245	0.4595416157916158	0.6113606098176976	0.5317416924852683	0.5695353535353536	0.5457442792344118	0.0502296389379747	1532
0.4573829650878906	0.02844424077288831	0.00928354263305664	0.002848710559942259		20	sqrt	2	5	150	{'class_weight': None, 'max_depth': 20, 'max_features': 'sqrt', 'min_samples_leaf': 2, 'min_samples_split': 5, 'n_estimators': 150}	0.5494002060931195	0.5006867148599432	0.601980438612478	0.5346780594854555	0.5369121312666105	0.5447315100635214	0.032867598270760995	1585
0.6322102069854736	0.0512836960129123	0.012775087356567382	0.0049777516814805125		20	sqrt	2	5	200	{'class_weight': None, 'max_depth': 20, 'max_features': 'sqrt', 'min_samples_leaf': 2, 'min_samples_split': 5, 'n_estimators': 200}	0.5332404863654864	0.5325714285714286	0.6207407407407407	0.558540723101586	0.5118803545783192	0.5513947466715121	0.037696720087135226	1242
0.9066980838775635	0.017187748209696655	0.01678009033203125	0.0007978227726772409		20	sqrt	2	5	300	{'class_weight': None, 'max_depth': 20, 'max_features': 'sqrt', 'min_samples_leaf': 2, 'min_samples_split': 5, 'n_estimators': 300}	0.5325714285714286	0.4918550807098416	0.606266050333847	0.5203393939393939	0.5118803545783192	0.5325824616265661	0.03915727484255707	2042
1.254434871673584	0.046789773030297334	0.018408727645874024	0.0028960930635836264		20	sqrt	2	5	400	{'class_weight': None, 'max_depth': 20, 'max_features': 'sqrt', 'min_samples_leaf': 2, 'min_samples_split': 5, 'n_estimators': 400}	0.5250434604765313	0.484107905982906	0.6253933539882145	0.5279132791327914	0.5199252136752136	0.5364766426511314	0.047173434867004926	1930
1.5629673957824708	0.01924720862918201	0.024580049514770507	0.007875635681903522		20	sqrt	2	5	500	{'class_weight': None, 'max_depth': 20, 'max_features': 'sqrt', 'min_samples_leaf': 2, 'min_samples_split': 5, 'n_estimators': 500}	0.5325714285714286	0.5325714285714286	0.6253933539882145	0.5434080773820741	0.5199252136752136	0.5507739004376718	0.03804371074571719	1286
1.8465703964233398	0.034857055580124335	0.031091737747192382	0.005747746476403943		20	sqrt	2	5	600	{'class_weight': None, 'max_depth': 20, 'max_features': 'sqrt', 'min_samples_leaf': 2, 'min_samples_split': 5, 'n_estimators': 600}	0.5168323739752311	0.5325714285714286	0.597037037037037	0.5037037037037037	0.5118803545783192	0.5324049795731439	0.03365964964198249	2050
0.07675337791442871	0.004884022303459043	0.002234935760498047	0.0009845747798959753		20	sqrt	2	10	25	{'class_weight': None, 'max_depth': 20, 'max_features': 'sqrt', 'min_samples_leaf': 2, 'min_samples_split': 10, 'n_estimators': 25}	0.5340326340326341	0.5645022350530825	0.5227513227513227	0.5937662337662337	0.5824033867177165	0.5594911624641978	0.027286677604731347	857
0.15599460601806642	0.013539541213652693	0.00371699333190918	0.002166830061523898		20	sqrt	2	10	50	{'class_weight': None, 'max_depth': 20, 'max_features': 'sqrt', 'min_samples_leaf': 2, 'min_samples_split': 10, 'n_estimators': 50}	0.5506202480992397	0.5241354863156865	0.5737643998513563	0.5346780594854555	0.6340245775729646	0.5634445542649406	0.039051800923024085	672
0.31531729698181155	0.011124841240273554	0.006590080261230469	0.0019870676070048022		20	sqrt	2	10	100	{'class_weight': None, 'max_depth': 20, 'max_features': 'sqrt', 'min_samples_leaf': 2, 'min_samples_split': 10, 'n_estimators': 100}	0.5736653635813299	0.5168323739752311	0.5674392312040701	0.5785675232367414	0.5941333333333334	0.5661275650661413	0.02618255279656385	570
0.4616385936737061	0.019894515101883486	0.009908246994018554	0.002718722998393136		20	sqrt	2	10	150	{'class_weight': None, 'max_depth': 20, 'max_features': 'sqrt', 'min_samples_leaf': 2, 'min_samples_split': 10, 'n_estimators': 150}	0.5506202480992397	0.5409907552764696	0.606266050333847	0.5434080773820741	0.5534391534391534	0.5589448569061568	0.024094184000230157	875
0.5991616725921631	0.03168881897293422	0.009523725509643555	0.0022465430125347264		20	sqrt	2	10	200	{'class_weight': None, 'max_depth': 20, 'max_features': 'sqrt', 'min_samples_leaf': 2, 'min_samples_split': 10, 'n_estimators': 200}	0.5364527945173106	0.565149136577708	0.606266050333847	0.558540723101586	0.5534782388407559	0.5639773886742414	0.023182306448619357	661
0.9237196445465088	0.015590015076548586	0.016763973236083984	0.0019569859071670577		20	sqrt	2	10	300	{'class_weight': None, 'max_depth': 20, 'max_features': 'sqrt', 'min_samples_leaf': 2, 'min_samples_split': 10, 'n_estimators': 300}	0.5415813000558763	0.5565421245421245	0.601980438612478	0.5674392312040701	0.5789937680498556	0.5693073724928809	0.02047697296205186	463
1.2130800247192384	0.020344820844396618	0.018419504165649414	0.002879815608979629		20	sqrt	2	10	400	{'class_weight': None, 'max_depth': 20, 'max_features': 'sqrt', 'min_samples_leaf': 2, 'min_samples_split': 10, 'n_estimators': 400}	0.5506202480992397	0.5578067765567766	0.601980438612478	0.5521228545618789	0.5179899949801804	0.5561040625621108	0.026855708891431615	992
1.5168279647827148	0.0492393867962518	0.028182601928710936	0.00711598411111266		20	sqrt	2	10	500	{'class_weight': None, 'max_depth': 20, 'max_features': 'sqrt', 'min_samples_leaf': 2, 'min_samples_split': 10, 'n_estimators': 500}	0.545299707743821	0.565149136577708	0.601980438612478	0.5521228545618789	0.4994107744107744	0.552792582381332	0.033100872375558185	1158
1.8083140850067139	0.027311774426294306	0.0316014289855957	0.005633571619187404		20	sqrt	2	10	600	{'class_weight': None, 'max_depth': 20, 'max_features': 'sqrt', 'min_samples_leaf': 2, 'min_samples_split': 10, 'n_estimators': 600}	0.5775896234912629	0.5494002060931195	0.601980438612478	0.5521228545618789	0.4994107744107744	0.5561007794339027	0.03417950199803607	994
0.08333163261413574	0.017512652921492504	0.0035121917724609377	0.0017154223453342812		20	sqrt	4	2	25	{'class_weight': None, 'max_depth': 20, 'max_features': 'sqrt', 'min_samples_leaf': 4, 'min_samples_split': 2, 'n_estimators': 25}	0.5594141095763419	0.5820082578031961	0.526060606060606	0.5583496540018279	0.5852278545826933	0.562212096404933	0.021219286398601933	715
0.14453721046447754	0.02883475043179385	0.004853343963623047	0.0019081788437751161		20	sqrt	4	2	50	{'class_weight': None, 'max_depth': 20, 'max_features': 'sqrt', 'min_samples_leaf': 4, 'min_samples_split': 2, 'n_estimators': 50}	0.5541223803518884	0.6010568666306372	0.5507246376811594	0.5551546078610048	0.5449373737373737	0.5611991732524126	0.02024556992954878	776
0.27961115837097167	0.012367666801563681	0.004484033584594727	0.00043607543106063187		20	sqrt	4	2	100	{'class_weight': None, 'max_depth': 20, 'max_features': 'sqrt', 'min_samples_leaf': 4, 'min_samples_split': 2, 'n_estimators': 100}	0.5717219376841179	0.5578067765567766	0.5642528049471155	0.5449373737373737	0.5534391534391534	0.5584316092729075	0.009142522323941473	892
0.4261042594909668	0.021417135303406963	0.007921552658081055	0.003367237513581537		20	sqrt	4	2	150	{'class_weight': None, 'max_depth': 20, 'max_features': 'sqrt', 'min_samples_leaf': 4, 'min_samples_split': 2, 'n_estimators': 150}	0.545299707743821	0.5565421245421245	0.546031746031746	0.5608294930875576	0.5279627096316563	0.547333156207381	0.011384190692497471	1443
0.571117639541626	0.022979321226607122	0.008505487442016601	0.0011667472503002455		20	sqrt	4	2	200	{'class_weight': None, 'max_depth': 20, 'max_features': 'sqrt', 'min_samples_leaf': 4, 'min_samples_split': 2, 'n_estimators': 200}	0.545299707743821	0.5325714285714286	0.6101718943824207	0.49574141414141415	0.5369121312666105	0.544139315221139	0.03712156526838167	1609
0.8744592189788818	0.04802334694421803	0.015674781799316407	0.004191114563044898		20	sqrt	4	2	300	{'class_weight': None, 'max_depth': 20, 'max_features': 'sqrt', 'min_samples_leaf': 4, 'min_samples_split': 2, 'n_estimators': 300}	0.5541223803518884	0.5805128205128205	0.5831896551724138	0.5038212815990594	0.5118803545783192	0.5467052984429003	0.03340923690943341	1474
1.110671329498291	0.026170554794711944	0.019163799285888673	0.006517081190971422		20	sqrt	4	2	400	{'class_weight': None, 'max_depth': 20, 'max_features': 'sqrt', 'min_samples_leaf': 4, 'min_samples_split': 2, 'n_estimators': 400}	0.5629274955442795	0.5737569517097076	0.5693121693121693	0.536431131592422	0.5286302175191064	0.5542115931355369	0.01820201630904118	1087
1.4187070846557617	0.047473290076413786	0.02431068420410156	0.005193225538173966		20	sqrt	4	2	500	{'class_weight': None, 'max_depth': 20, 'max_features': 'sqrt', 'min_samples_leaf': 4, 'min_samples_split': 2, 'n_estimators': 500}	0.5629274955442795	0.5578067765567766	0.5785675232367414	0.5286302175191064	0.48444444444444446	0.5424752914602697	0.03321223136007379	1689
1.7463222026824952	0.10366792424233878	0.03170657157897949	0.005547034845984773		20	sqrt	4	2	600	{'class_weight': None, 'max_depth': 20, 'max_features': 'sqrt', 'min_samples_leaf': 4, 'min_samples_split': 2, 'n_estimators': 600}	0.539301954762889	0.5737569517097076	0.5496296296296296	0.5286302175191064	0.49193540011424414	0.5366508307471154	0.02689290562623059	1926
0.08426060676574706	0.008613656463065892	0.0021863937377929687	0.00048799831604800343		20	sqrt	4	5	25	{'class_weight': None, 'max_depth': 20, 'max_features': 'sqrt', 'min_samples_leaf': 4, 'min_samples_split': 5, 'n_estimators': 25}	0.5594141095763419	0.5820082578031961	0.526060606060606	0.5583496540018279	0.5852278545826933	0.562212096404933	0.021219286398601933	715
0.14081215858459473	0.006421968518354685	0.003667879104614258	0.001266039592757227		20	sqrt	4	5	50	{'class_weight': None, 'max_depth': 20, 'max_features': 'sqrt', 'min_samples_leaf': 4, 'min_samples_split': 5, 'n_estimators': 50}	0.5541223803518884	0.6010568666306372	0.5507246376811594	0.5551546078610048	0.5449373737373737	0.5611991732524126	0.02024556992954878	776
0.28392343521118163	0.012102349434080655	0.0066547393798828125	0.003422518924094016		20	sqrt	4	5	100	{'class_weight': None, 'max_depth': 20, 'max_features': 'sqrt', 'min_samples_leaf': 4, 'min_samples_split': 5, 'n_estimators': 100}	0.5717219376841179	0.5578067765567766	0.5642528049471155	0.5449373737373737	0.5534391534391534	0.5584316092729075	0.009142522323941473	892
0.42963228225708006	0.020990037345432994	0.009608125686645508	0.003203957960675841		20	sqrt	4	5	150	{'class_weight': None, 'max_depth': 20, 'max_features': 'sqrt', 'min_samples_leaf': 4, 'min_samples_split': 5, 'n_estimators': 150}	0.545299707743821	0.5565421245421245	0.546031746031746	0.5608294930875576	0.5279627096316563	0.547333156207381	0.011384190692497471	1443
0.5761642456054688	0.011330535358244642	0.009653425216674805	0.0023507652540122517		20	sqrt	4	5	200	{'class_weight': None, 'max_depth': 20, 'max_features': 'sqrt', 'min_samples_leaf': 4, 'min_samples_split': 5, 'n_estimators': 200}	0.545299707743821	0.5325714285714286	0.6101718943824207	0.49574141414141415	0.5369121312666105	0.544139315221139	0.03712156526838167	1609
0.8405418872833252	0.0331707002821035	0.016728544235229494	0.0016461567007105065		20	sqrt	4	5	300	{'class_weight': None, 'max_depth': 20, 'max_features': 'sqrt', 'min_samples_leaf': 4, 'min_samples_split': 5, 'n_estimators': 300}	0.5541223803518884	0.5805128205128205	0.5831896551724138	0.5038212815990594	0.5118803545783192	0.5467052984429003	0.03340923690943341	1474
1.1199007987976075	0.024907373207865294	0.016582965850830078	0.0025624305891614693		20	sqrt	4	5	400	{'class_weight': None, 'max_depth': 20, 'max_features': 'sqrt', 'min_samples_leaf': 4, 'min_samples_split': 5, 'n_estimators': 400}	0.5629274955442795	0.5737569517097076	0.5693121693121693	0.536431131592422	0.5286302175191064	0.5542115931355369	0.01820201630904118	1087
1.4451948642730712	0.06276994932488136	0.026319551467895507	0.0029202707944637495		20	sqrt	4	5	500	{'class_weight': None, 'max_depth': 20, 'max_features': 'sqrt', 'min_samples_leaf': 4, 'min_samples_split': 5, 'n_estimators': 500}	0.5629274955442795	0.5578067765567766	0.5785675232367414	0.5286302175191064	0.48444444444444446	0.5424752914602697	0.03321223136007379	1689
1.7142312049865722	0.07502184536355441	0.026003074645996094	0.004749525175353465		20	sqrt	4	5	600	{'class_weight': None, 'max_depth': 20, 'max_features': 'sqrt', 'min_samples_leaf': 4, 'min_samples_split': 5, 'n_estimators': 600}	0.539301954762889	0.5737569517097076	0.5496296296296296	0.5286302175191064	0.49193540011424414	0.5366508307471154	0.02689290562623059	1926
0.06607012748718262	0.006802632971728931	0.0030986785888671873	0.0008773183722981378		20	sqrt	4	10	25	{'class_weight': None, 'max_depth': 20, 'max_features': 'sqrt', 'min_samples_leaf': 4, 'min_samples_split': 10, 'n_estimators': 25}	0.5050068610440128	0.5233904027007475	0.4967353731916528	0.6113606098176976	0.6444444444444445	0.556187538239711	0.0601049466630721	983
0.1421670913696289	0.0061978487197204245	0.0033173561096191406	0.0014393378946896864		20	sqrt	4	10	50	{'class_weight': None, 'max_depth': 20, 'max_features': 'sqrt', 'min_samples_leaf': 4, 'min_samples_split': 10, 'n_estimators': 50}	0.5325068094298864	0.5325714285714286	0.5184476342371079	0.5824033867177165	0.6187313131313131	0.5569321144174906	0.037786294943127345	946
0.26685004234313964	0.021498029487218778	0.006236362457275391	0.0020914186443893585		20	sqrt	4	10	100	{'class_weight': None, 'max_depth': 20, 'max_features': 'sqrt', 'min_samples_leaf': 4, 'min_samples_split': 10, 'n_estimators': 100}	0.5596301547914452	0.539301954762889	0.546031746031746	0.609626216077829	0.5782480893592005	0.5665676322046218	0.02531301287727808	556
0.42055091857910154	0.008786926493485975	0.007058954238891602	0.0013963247556194628		20	sqrt	4	10	150	{'class_weight': None, 'max_depth': 20, 'max_features': 'sqrt', 'min_samples_leaf': 4, 'min_samples_split': 10, 'n_estimators': 150}	0.5132754342431762	0.539301954762889	0.5642528049471155	0.5763324299909666	0.5286302175191064	0.5443585682926508	0.023053069490848715	1596
0.558769416809082	0.08425062270728835	0.0124908447265625	0.0028055016508797257		20	sqrt	4	10	200	{'class_weight': None, 'max_depth': 20, 'max_features': 'sqrt', 'min_samples_leaf': 4, 'min_samples_split': 10, 'n_estimators': 200}	0.5241354863156865	0.5565421245421245	0.5785675232367414	0.5674392312040701	0.5102222222222222	0.5473813175041691	0.02599994902068038	1438
0.861430549621582	0.055211433693102295	0.014766263961791991	0.002828070005443556		20	sqrt	4	10	300	{'class_weight': None, 'max_depth': 20, 'max_features': 'sqrt', 'min_samples_leaf': 4, 'min_samples_split': 10, 'n_estimators': 300}	0.5364527945173106	0.5241354863156865	0.5733333333333334	0.5193769235600779	0.49193540011424414	0.5290467875681306	0.02649916716964394	2124
1.1257311820983886	0.019451287490769353	0.019352102279663087	0.0009707102004323191		20	sqrt	4	10	400	{'class_weight': None, 'max_depth': 20, 'max_features': 'sqrt', 'min_samples_leaf': 4, 'min_samples_split': 10, 'n_estimators': 400}	0.5629274955442795	0.5250434604765313	0.5521228545618789	0.5193769235600779	0.5279627096316563	0.5374866887548848	0.01694081286929929	1892
1.4104180335998535	0.01985831882113137	0.027610397338867186	0.008013537401711466		20	sqrt	4	10	500	{'class_weight': None, 'max_depth': 20, 'max_features': 'sqrt', 'min_samples_leaf': 4, 'min_samples_split': 10, 'n_estimators': 500}	0.5629274955442795	0.5332404863654864	0.5521228545618789	0.5449373737373737	0.5179899949801804	0.5422436410378398	0.015504664034400727	1702
1.7019354820251464	0.039958962207590744	0.028716850280761718	0.0016773010358932788		20	sqrt	4	10	600	{'class_weight': None, 'max_depth': 20, 'max_features': 'sqrt', 'min_samples_leaf': 4, 'min_samples_split': 10, 'n_estimators': 600}	0.5629274955442795	0.5578067765567766	0.5521228545618789	0.5608294930875576	0.49193540011424414	0.5451244039729473	0.026842097198531305	1564
0.043746232986450195	0.004502532542114223	0.002671623229980469	0.0011637670587603547		20	log2	1	2	25	{'class_weight': None, 'max_depth': 20, 'max_features': 'log2', 'min_samples_leaf': 1, 'min_samples_split': 2, 'n_estimators': 25}	0.4918550807098416	0.5460860978102358	0.623308237573196	0.5600335249042145	0.5878067073824066	0.5618179296759789	0.04382225325486749	743
0.08070321083068847	0.005849274497219342	0.004096031188964844	0.0014001617132919117		20	log2	1	2	50	{'class_weight': None, 'max_depth': 20, 'max_features': 'log2', 'min_samples_leaf': 1, 'min_samples_split': 2, 'n_estimators': 50}	0.47105204140649903	0.5414301947869302	0.5608294930875576	0.5785675232367414	0.6247515808491417	0.555326166673374	0.05036975603309846	1024
0.1694694995880127	0.0019353384905473883	0.00796051025390625	0.003116122865995056		20	log2	1	2	100	{'class_weight': None, 'max_depth': 20, 'max_features': 'log2', 'min_samples_leaf': 1, 'min_samples_split': 2, 'n_estimators': 100}	0.45674546976747243	0.5494002060931195	0.5521228545618789	0.5733333333333334	0.6030570252792475	0.5469317778070103	0.049017743954430225	1469
0.24373288154602052	0.008848681717371526	0.007326793670654297	0.0018112173942625705		20	log2	1	2	150	{'class_weight': None, 'max_depth': 20, 'max_features': 'log2', 'min_samples_leaf': 1, 'min_samples_split': 2, 'n_estimators': 150}	0.5086741961741962	0.5325484274743367	0.5199252136752136	0.5619439079549019	0.5957264957264957	0.5437636482010288	0.031483269041847006	1633
0.31798591613769533	0.0054548476007780684	0.011302757263183593	0.0028051977165100034		20	log2	1	2	200	{'class_weight': None, 'max_depth': 20, 'max_features': 'log2', 'min_samples_leaf': 1, 'min_samples_split': 2, 'n_estimators': 200}	0.4918550807098416	0.49957734573119195	0.5199252136752136	0.5619439079549019	0.5257575757575758	0.519811824765745	0.02450098335074224	2276
0.4951207637786865	0.0144912159362111	0.01645197868347168	0.0020169101429761325		20	log2	1	2	300	{'class_weight': None, 'max_depth': 20, 'max_features': 'log2', 'min_samples_leaf': 1, 'min_samples_split': 2, 'n_estimators': 300}	0.5166426377483858	0.4918550807098416	0.5199252136752136	0.5369121312666105	0.5534782388407559	0.5237626604481614	0.02068544680566237	2213
0.6770122051239014	0.030282644493697518	0.018379592895507814	0.0016155871789462974		20	log2	1	2	400	{'class_weight': None, 'max_depth': 20, 'max_features': 'log2', 'min_samples_leaf': 1, 'min_samples_split': 2, 'n_estimators': 400}	0.4918550807098416	0.5086741961741962	0.5451923076923078	0.5203393939393939	0.536	0.5204121957031479	0.019028023243477833	2270
0.8641527175903321	0.026495059275815337	0.02619595527648926	0.005125475238787299		20	log2	1	2	500	{'class_weight': None, 'max_depth': 20, 'max_features': 'log2', 'min_samples_leaf': 1, 'min_samples_split': 2, 'n_estimators': 500}	0.5168323739752311	0.4918550807098416	0.5608294930875576	0.536431131592422	0.536	0.5283896158730104	0.022992484229388443	2138
1.013685369491577	0.04969638253399044	0.03148012161254883	0.011298502014619453		20	log2	1	2	600	{'class_weight': None, 'max_depth': 20, 'max_features': 'log2', 'min_samples_leaf': 1, 'min_samples_split': 2, 'n_estimators': 600}	0.5565421245421245	0.5332404863654864	0.5695353535353536	0.5203393939393939	0.536	0.5431314716764717	0.017579413379110665	1649
0.042205810546875	0.006163528840192928	0.002462005615234375	0.0010092308705324418		20	log2	1	5	25	{'class_weight': None, 'max_depth': 20, 'max_features': 'log2', 'min_samples_leaf': 1, 'min_samples_split': 5, 'n_estimators': 25}	0.5541223803518884	0.545299707743821	0.5642528049471155	0.536431131592422	0.5137212643678162	0.5427654578006125	0.01720928273158484	1670
0.08791437149047851	0.007466799641742774	0.00404515266418457	0.0018522938031130774		20	log2	1	5	50	{'class_weight': None, 'max_depth': 20, 'max_features': 'log2', 'min_samples_leaf': 1, 'min_samples_split': 5, 'n_estimators': 50}	0.5717219376841179	0.5494002060931195	0.5824033867177165	0.546031746031746	0.5925925925925926	0.5684299738238585	0.01818646808941148	493
0.15653419494628906	0.018070137598087288	0.0057126045227050785	0.0017699720819768523		20	log2	1	5	100	{'class_weight': None, 'max_depth': 20, 'max_features': 'log2', 'min_samples_leaf': 1, 'min_samples_split': 5, 'n_estimators': 100}	0.5086007326007326	0.5865530363256697	0.5763324299909666	0.5193769235600779	0.5619439079549019	0.5505614060864698	0.03105567432519147	1309
0.23949522972106935	0.021817989743452004	0.008601760864257813	0.0024359802517622386		20	log2	1	5	150	{'class_weight': None, 'max_depth': 20, 'max_features': 'log2', 'min_samples_leaf': 1, 'min_samples_split': 5, 'n_estimators': 150}	0.539301954762889	0.565149136577708	0.5120327700972862	0.5286302175191064	0.5789937680498556	0.544821569401369	0.024284482819760422	1580
0.3061399459838867	0.01790176234234848	0.010528564453125	0.003467270595278329		20	log2	1	5	200	{'class_weight': None, 'max_depth': 20, 'max_features': 'log2', 'min_samples_leaf': 1, 'min_samples_split': 5, 'n_estimators': 200}	0.5241354863156865	0.5910053088640188	0.5852278545826933	0.5279132791327914	0.5700991847120528	0.5596762227214486	0.028337481171193828	851
0.5018665790557861	0.020265161239015984	0.01539473533630371	0.002235479765792652		20	log2	1	5	300	{'class_weight': None, 'max_depth': 20, 'max_features': 'log2', 'min_samples_leaf': 1, 'min_samples_split': 5, 'n_estimators': 300}	0.5241354863156865	0.565149136577708	0.6005420054200542	0.5496296296296296	0.5179899949801804	0.5514892505846518	0.02988863321772201	1231
0.6586719036102295	0.020804279677729045	0.018622684478759765	0.003872588730791597		20	log2	1	5	400	{'class_weight': None, 'max_depth': 20, 'max_features': 'log2', 'min_samples_leaf': 1, 'min_samples_split': 5, 'n_estimators': 400}	0.5325714285714286	0.565149136577708	0.5763324299909666	0.5521228545618789	0.5440445898461165	0.5540440879096197	0.015393820167900042	1100
0.8117447376251221	0.0686261812537	0.024647235870361328	0.006006277691981585		20	log2	1	5	500	{'class_weight': None, 'max_depth': 20, 'max_features': 'log2', 'min_samples_leaf': 1, 'min_samples_split': 5, 'n_estimators': 500}	0.5479287119999022	0.5737569517097076	0.5914703850260662	0.5279132791327914	0.536	0.5554138655736935	0.023772881016581787	1022
0.9890676498413086	0.02521680192418413	0.029568576812744142	0.0033836577111333614		20	log2	1	5	600	{'class_weight': None, 'max_depth': 20, 'max_features': 'log2', 'min_samples_leaf': 1, 'min_samples_split': 5, 'n_estimators': 600}	0.5565421245421245	0.5910053088640188	0.5824033867177165	0.5521228545618789	0.536	0.5636147349371478	0.020238160458811792	668
0.044327497482299805	0.00494011488822617	0.003029060363769531	0.0010523899507381654		20	log2	1	10	25	{'class_weight': None, 'max_depth': 20, 'max_features': 'log2', 'min_samples_leaf': 1, 'min_samples_split': 10, 'n_estimators': 25}	0.5541223803518884	0.5629274955442795	0.48695273225319446	0.606345785440613	0.5925925925925926	0.5605881972365137	0.04144272917709929	806
0.08322033882141114	0.006984388597211451	0.004435300827026367	0.0015876105747528585		20	log2	1	10	50	{'class_weight': None, 'max_depth': 20, 'max_features': 'log2', 'min_samples_leaf': 1, 'min_samples_split': 10, 'n_estimators': 50}	0.5219817440383759	0.5494002060931195	0.5203393939393939	0.5733333333333334	0.6207407407407407	0.5571590836289927	0.037302998337138696	939
0.169221830368042	0.008085473661430436	0.005722141265869141	0.0018985119958800326		20	log2	1	10	100	{'class_weight': None, 'max_depth': 20, 'max_features': 'log2', 'min_samples_leaf': 1, 'min_samples_split': 10, 'n_estimators': 100}	0.5306551372125142	0.5578067765567766	0.5449373737373737	0.597037037037037	0.5534391534391534	0.5567750955965709	0.022161230512033295	949
0.24314470291137696	0.027641616936846438	0.008071660995483398	0.0021821674239062864		20	log2	1	10	150	{'class_weight': None, 'max_depth': 20, 'max_features': 'log2', 'min_samples_leaf': 1, 'min_samples_split': 10, 'n_estimators': 150}	0.5132754342431762	0.565149136577708	0.536431131592422	0.5346780594854555	0.5449373737373737	0.538894227127227	0.01676905095249981	1838
0.31283936500549314	0.03307727893622042	0.013675785064697266	0.004343985657006189		20	log2	1	10	200	{'class_weight': None, 'max_depth': 20, 'max_features': 'log2', 'min_samples_leaf': 1, 'min_samples_split': 10, 'n_estimators': 200}	0.5156764139814987	0.5717219376841179	0.5852278545826933	0.5763324299909666	0.5199252136752136	0.553776769982898	0.029723803782872975	1114
0.500706672668457	0.01783530542239377	0.01676764488220215	0.0038700554231952027		20	log2	1	10	300	{'class_weight': None, 'max_depth': 20, 'max_features': 'log2', 'min_samples_leaf': 1, 'min_samples_split': 10, 'n_estimators': 300}	0.4763299692433551	0.5494002060931195	0.5286302175191064	0.5763324299909666	0.5619439079549019	0.5385273461602899	0.03482024027352969	1852
0.6259218215942383	0.009165284292152093	0.02352480888366699	0.005730790476634664		20	log2	1	10	400	{'class_weight': None, 'max_depth': 20, 'max_features': 'log2', 'min_samples_leaf': 1, 'min_samples_split': 10, 'n_estimators': 400}	0.5241354863156865	0.5409907552764696	0.5286302175191064	0.5695353535353536	0.5257575757575758	0.5378098776808383	0.016930073372643854	1878
0.8398731708526611	0.02393709092159448	0.02732739448547363	0.004649463838432649		20	log2	1	10	500	{'class_weight': None, 'max_depth': 20, 'max_features': 'log2', 'min_samples_leaf': 1, 'min_samples_split': 10, 'n_estimators': 500}	0.5241354863156865	0.5479287119999022	0.5449373737373737	0.5534391534391534	0.5179899949801804	0.5376861440944593	0.013980031818384642	1888
0.9651852130889893	0.0592427596324946	0.02967181205749512	0.005139081734308969		20	log2	1	10	600	{'class_weight': None, 'max_depth': 20, 'max_features': 'log2', 'min_samples_leaf': 1, 'min_samples_split': 10, 'n_estimators': 600}	0.5241354863156865	0.5805128205128205	0.5449373737373737	0.5763324299909666	0.5179899949801804	0.5487816211074056	0.02583118473247832	1385
0.03956971168518066	0.0026329023039739323	0.0031543254852294924	0.0010565383083980463		20	log2	2	2	25	{'class_weight': None, 'max_depth': 20, 'max_features': 'log2', 'min_samples_leaf': 2, 'min_samples_split': 2, 'n_estimators': 25}	0.539301954762889	0.5629637772769747	0.5643097643097642	0.5434080773820741	0.6584684146882798	0.5736903976839963	0.04356593339856988	318
0.09319801330566406	0.01919353791361122	0.005482149124145508	0.0015446839673365683		20	log2	2	2	50	{'class_weight': None, 'max_depth': 20, 'max_features': 'log2', 'min_samples_leaf': 2, 'min_samples_split': 2, 'n_estimators': 50}	0.5332404863654864	0.5250434604765313	0.5317416924852683	0.5346780594854555	0.6340245775729646	0.5517456552771411	0.04127161467950519	1213
0.16383538246154786	0.012353754276129171	0.005478668212890625	0.0017381026117384334		20	log2	2	2	100	{'class_weight': None, 'max_depth': 20, 'max_features': 'log2', 'min_samples_leaf': 2, 'min_samples_split': 2, 'n_estimators': 100}	0.5496196111580728	0.5086741961741962	0.5346780594854555	0.5434080773820741	0.5869756846431933	0.5446711257685983	0.0253432389974693	1587
0.23151617050170897	0.025462389577612363	0.009497499465942383	0.0019824937476222064		20	log2	2	2	150	{'class_weight': None, 'max_depth': 20, 'max_features': 'log2', 'min_samples_leaf': 2, 'min_samples_split': 2, 'n_estimators': 150}	0.5414301947869302	0.5494002060931195	0.6005420054200542	0.5824033867177165	0.5704594017094017	0.5688470389454443	0.021544409158900324	477
0.3199188232421875	0.016782366751606517	0.009982776641845704	0.0020194529659511447		20	log2	2	2	200	{'class_weight': None, 'max_depth': 20, 'max_features': 'log2', 'min_samples_leaf': 2, 'min_samples_split': 2, 'n_estimators': 200}	0.5332404863654864	0.5494002060931195	0.5824033867177165	0.5824033867177165	0.5704594017094017	0.5635813735206882	0.019377918238636375	670
0.48186211585998534	0.015635890774081614	0.01331334114074707	0.0027298922826108608		20	log2	2	2	300	{'class_weight': None, 'max_depth': 20, 'max_features': 'log2', 'min_samples_leaf': 2, 'min_samples_split': 2, 'n_estimators': 300}	0.5166426377483858	0.5332404863654864	0.5824033867177165	0.5763324299909666	0.5199252136752136	0.5457088308995538	0.028104780251396178	1536
0.6923165798187256	0.07883105949894913	0.02460141181945801	0.013376648247848996		20	log2	2	2	400	{'class_weight': None, 'max_depth': 20, 'max_features': 'log2', 'min_samples_leaf': 2, 'min_samples_split': 2, 'n_estimators': 400}	0.49957734573119195	0.5332404863654864	0.5763324299909666	0.5521228545618789	0.5102222222222222	0.5342990677743492	0.027824104595343634	2002
0.7226834297180176	0.058418897334923135	0.026450634002685547	0.0030721575045667276		20	log2	2	2	500	{'class_weight': None, 'max_depth': 20, 'max_features': 'log2', 'min_samples_leaf': 2, 'min_samples_split': 2, 'n_estimators': 500}	0.5494002060931195	0.5414301947869302	0.5824033867177165	0.5608294930875576	0.49193540011424414	0.5451997361599136	0.029991144695235453	1556
0.9878859996795655	0.052842337725084156	0.028847980499267577	0.0058749227839763225		20	log2	2	2	600	{'class_weight': None, 'max_depth': 20, 'max_features': 'log2', 'min_samples_leaf': 2, 'min_samples_split': 2, 'n_estimators': 600}	0.5168323739752311	0.5578067765567766	0.5914703850260662	0.536431131592422	0.5102222222222222	0.5425525778745436	0.02956313692341627	1679
0.03727545738220215	0.0026371392905275098	0.001736927032470703	4.4909200989285375e-05		20	log2	2	5	25	{'class_weight': None, 'max_depth': 20, 'max_features': 'log2', 'min_samples_leaf': 2, 'min_samples_split': 5, 'n_estimators': 25}	0.5629274955442795	0.5967104790634203	0.5642528049471155	0.5968041620215533	0.5941333333333334	0.5829656549819404	0.015854589846170004	120
0.07693109512329102	0.01414722362753792	0.0038170814514160156	0.0014396256022494221		20	log2	2	5	50	{'class_weight': None, 'max_depth': 20, 'max_features': 'log2', 'min_samples_leaf': 2, 'min_samples_split': 5, 'n_estimators': 50}	0.5629274955442795	0.5132754342431762	0.5852278545826933	0.5227513227513227	0.5521228545618789	0.54726099233667	0.02632983751552067	1453
0.15232181549072266	0.005847571035545328	0.00563197135925293	0.0016865635268461668		20	log2	2	5	100	{'class_weight': None, 'max_depth': 20, 'max_features': 'log2', 'min_samples_leaf': 2, 'min_samples_split': 5, 'n_estimators': 100}	0.5168323739752311	0.484107905982906	0.5608294930875576	0.5259259259259259	0.5179899949801804	0.5211371387903602	0.024486792637943313	2264
0.23365039825439454	0.023132251102391248	0.008904838562011718	0.003114390327144032		20	log2	2	5	150	{'class_weight': None, 'max_depth': 20, 'max_features': 'log2', 'min_samples_leaf': 2, 'min_samples_split': 5, 'n_estimators': 150}	0.5717219376841179	0.5325714285714286	0.5763324299909666	0.5521228545618789	0.5024471804225566	0.5470391662461898	0.027169611799545218	1463
0.29405884742736815	0.02913307429953999	0.009948110580444336	0.0026174651927323525		20	log2	2	5	200	{'class_weight': None, 'max_depth': 20, 'max_features': 'log2', 'min_samples_leaf': 2, 'min_samples_split': 5, 'n_estimators': 200}	0.5565421245421245	0.5325714285714286	0.5521228545618789	0.5695353535353536	0.5102222222222222	0.5441987966866015	0.02072048672367022	1606
0.46625518798828125	0.023477604352529102	0.014655399322509765	0.0025833501388181856		20	log2	2	5	300	{'class_weight': None, 'max_depth': 20, 'max_features': 'log2', 'min_samples_leaf': 2, 'min_samples_split': 5, 'n_estimators': 300}	0.5629274955442795	0.5332404863654864	0.536431131592422	0.5521228545618789	0.5279627096316563	0.5425369355391446	0.012990593910288735	1687
0.6459663391113282	0.05381666858596516	0.01745305061340332	0.002794383914746825		20	log2	2	5	400	{'class_weight': None, 'max_depth': 20, 'max_features': 'log2', 'min_samples_leaf': 2, 'min_samples_split': 5, 'n_estimators': 400}	0.5717219376841179	0.5332404863654864	0.5608294930875576	0.5279132791327914	0.5102222222222222	0.540785483698435	0.022430158647663824	1772
0.7866014003753662	0.04746954895184597	0.025285911560058594	0.00528785521801511		20	log2	2	5	500	{'class_weight': None, 'max_depth': 20, 'max_features': 'log2', 'min_samples_leaf': 2, 'min_samples_split': 5, 'n_estimators': 500}	0.5629274955442795	0.5717219376841179	0.5608294930875576	0.5434080773820741	0.5102222222222222	0.5498218451840502	0.02182570498921072	1338
0.9640232563018799	0.034137530124136686	0.03796939849853516	0.010495424970271214		20	log2	2	5	600	{'class_weight': None, 'max_depth': 20, 'max_features': 'log2', 'min_samples_leaf': 2, 'min_samples_split': 5, 'n_estimators': 600}	0.5565421245421245	0.5737569517097076	0.5608294930875576	0.5521228545618789	0.49193540011424414	0.5470373648031026	0.028483638473445903	1465
0.041859674453735354	0.0035319467180941356	0.0017210006713867187	4.4882916513356495e-05		20	log2	2	10	25	{'class_weight': None, 'max_depth': 20, 'max_features': 'log2', 'min_samples_leaf': 2, 'min_samples_split': 10, 'n_estimators': 25}	0.5914774880292122	0.595005613581465	0.5227513227513227	0.5346780594854555	0.6113606098176976	0.5710546187330305	0.03541688616246412	397
0.07877516746520996	0.006089401901167775	0.0036806106567382813	0.0014452168143244699		20	log2	2	10	50	{'class_weight': None, 'max_depth': 20, 'max_features': 'log2', 'min_samples_leaf': 2, 'min_samples_split': 10, 'n_estimators': 50}	0.6009204470742932	0.5874231700502887	0.601980438612478	0.5346780594854555	0.6187313131313131	0.5887466856707657	0.028801314548973497	50
0.15790696144104005	0.0067397302692434125	0.005940771102905274	0.0009939600346537524		20	log2	2	10	100	{'class_weight': None, 'max_depth': 20, 'max_features': 'log2', 'min_samples_leaf': 2, 'min_samples_split': 10, 'n_estimators': 100}	0.5781159011928243	0.5565421245421245	0.5733333333333334	0.5695353535353536	0.5782480893592005	0.5711549603925672	0.007995881214662402	394
0.25473899841308595	0.008477792852935557	0.009958219528198243	0.0017342753969164348		20	log2	2	10	150	{'class_weight': None, 'max_depth': 20, 'max_features': 'log2', 'min_samples_leaf': 2, 'min_samples_split': 10, 'n_estimators': 150}	0.5241354863156865	0.6338041178884503	0.558540723101586	0.5449373737373737	0.5782480893592005	0.5679331580804593	0.03736479931088069	512
0.32197256088256837	0.02034244287820211	0.011155414581298827	0.002188607717410529		20	log2	2	10	200	{'class_weight': None, 'max_depth': 20, 'max_features': 'log2', 'min_samples_leaf': 2, 'min_samples_split': 10, 'n_estimators': 200}	0.5071878940731399	0.6224704429428839	0.5914703850260662	0.5619439079549019	0.609626216077829	0.5785397692149641	0.04106089330547666	203
0.45694684982299805	0.015087338902282595	0.019170761108398438	0.002872409687793156		20	log2	2	10	300	{'class_weight': None, 'max_depth': 20, 'max_features': 'log2', 'min_samples_leaf': 2, 'min_samples_split': 10, 'n_estimators': 300}	0.5325714285714286	0.5981136973262957	0.5674392312040701	0.5695353535353536	0.5619439079549019	0.5659207237184101	0.020879413372185216	576
0.6182752132415772	0.016407916694344563	0.020464181900024414	0.005265871720218552		20	log2	2	10	400	{'class_weight': None, 'max_depth': 20, 'max_features': 'log2', 'min_samples_leaf': 2, 'min_samples_split': 10, 'n_estimators': 400}	0.5325714285714286	0.5737569517097076	0.5674392312040701	0.5608294930875576	0.49193540011424414	0.5453065009374016	0.03016920832484846	1549
0.7592251777648926	0.019959155474848122	0.0259246826171875	0.003945013766213597		20	log2	2	10	500	{'class_weight': None, 'max_depth': 20, 'max_features': 'log2', 'min_samples_leaf': 2, 'min_samples_split': 10, 'n_estimators': 500}	0.539301954762889	0.5893075178789464	0.558540723101586	0.5695353535353536	0.4994107744107744	0.5512192647379098	0.030548125427790774	1247
0.9540117740631103	0.045408533630913704	0.03264398574829101	0.004614596180629008		20	log2	2	10	600	{'class_weight': None, 'max_depth': 20, 'max_features': 'log2', 'min_samples_leaf': 2, 'min_samples_split': 10, 'n_estimators': 600}	0.539301954762889	0.5893075178789464	0.5521228545618789	0.5695353535353536	0.5068771218827209	0.5514289605243577	0.027910709984369612	1236
0.03639383316040039	0.007060485456044321	0.0028100013732910156	0.0009819966422067528		20	log2	4	2	25	{'class_weight': None, 'max_depth': 20, 'max_features': 'log2', 'min_samples_leaf': 4, 'min_samples_split': 2, 'n_estimators': 25}	0.5967104790634203	0.5219817440383759	0.5852278545826933	0.5925925925925926	0.6005420054200542	0.5794109351394272	0.02915990736173923	178
0.0738443374633789	0.0035316263870360924	0.004580211639404297	0.0017154212982145507		20	log2	4	2	50	{'class_weight': None, 'max_depth': 20, 'max_features': 'log2', 'min_samples_leaf': 4, 'min_samples_split': 2, 'n_estimators': 50}	0.539301954762889	0.5686176714492661	0.5449373737373737	0.46309006863706403	0.5619439079549019	0.5355781953082989	0.0377961556264144	1947
0.1552278995513916	0.006358301584028112	0.004405689239501953	0.0005753862300126791		20	log2	4	2	100	{'class_weight': None, 'max_depth': 20, 'max_features': 'log2', 'min_samples_leaf': 4, 'min_samples_split': 2, 'n_estimators': 100}	0.5717219376841179	0.5893075178789464	0.5608294930875576	0.5521228545618789	0.536	0.5619963606425001	0.017973005465175298	724
0.21534767150878906	0.010330320419250418	0.00839838981628418	0.0025112812740001327		20	log2	4	2	150	{'class_weight': None, 'max_depth': 20, 'max_features': 'log2', 'min_samples_leaf': 4, 'min_samples_split': 2, 'n_estimators': 150}	0.5865530363256697	0.5805128205128205	0.6005420054200542	0.536431131592422	0.5451923076923078	0.5698462603086548	0.024736648302255058	438
0.29442877769470216	0.013504445445695571	0.009805011749267577	0.002981241064604875		20	log2	4	2	200	{'class_weight': None, 'max_depth': 20, 'max_features': 'log2', 'min_samples_leaf': 4, 'min_samples_split': 2, 'n_estimators': 200}	0.5865530363256697	0.5737569517097076	0.5521228545618789	0.5038212815990594	0.536	0.5504508248392631	0.029094609633500457	1314
0.43756780624389646	0.007885189742486197	0.013408517837524414	0.0018936583796014602		20	log2	4	2	300	{'class_weight': None, 'max_depth': 20, 'max_features': 'log2', 'min_samples_leaf': 4, 'min_samples_split': 2, 'n_estimators': 300}	0.5629274955442795	0.5737569517097076	0.5878067073824066	0.5369121312666105	0.5451923076923078	0.5613191187190624	0.018518390800014977	768
0.6225262641906738	0.04976370074567102	0.017858076095581054	0.0029331664829912295		20	log2	4	2	400	{'class_weight': None, 'max_depth': 20, 'max_features': 'log2', 'min_samples_leaf': 4, 'min_samples_split': 2, 'n_estimators': 400}	0.5479287119999022	0.5414301947869302	0.5733333333333334	0.5449373737373737	0.5279627096316563	0.5471184646978392	0.014777904877075681	1457
0.7321116924285889	0.047590184330165236	0.023925113677978515	0.0048069457245599285		20	log2	4	2	500	{'class_weight': None, 'max_depth': 20, 'max_features': 'log2', 'min_samples_leaf': 4, 'min_samples_split': 2, 'n_estimators': 500}	0.5479287119999022	0.5496196111580728	0.6113606098176976	0.5118803545783192	0.5534782388407559	0.5548535052789495	0.03199056833472703	1052
0.8686049461364747	0.03918670780354985	0.0228729248046875	0.002582430286497219		20	log2	4	2	600	{'class_weight': None, 'max_depth': 20, 'max_features': 'log2', 'min_samples_leaf': 4, 'min_samples_split': 2, 'n_estimators': 600}	0.5241354863156865	0.5578160800432915	0.5674392312040701	0.5118803545783192	0.536	0.5394542304282735	0.020626352310251565	1818
0.03912191390991211	0.005187383737472751	0.002884578704833984	0.0011308586784123207		20	log2	4	5	25	{'class_weight': None, 'max_depth': 20, 'max_features': 'log2', 'min_samples_leaf': 4, 'min_samples_split': 5, 'n_estimators': 25}	0.5967104790634203	0.5219817440383759	0.5852278545826933	0.5925925925925926	0.6005420054200542	0.5794109351394272	0.02915990736173923	178
0.07937784194946289	0.006154116098709296	0.004125833511352539	0.0014183728908609874		20	log2	4	5	50	{'class_weight': None, 'max_depth': 20, 'max_features': 'log2', 'min_samples_leaf': 4, 'min_samples_split': 5, 'n_estimators': 50}	0.539301954762889	0.5686176714492661	0.5449373737373737	0.46309006863706403	0.5619439079549019	0.5355781953082989	0.0377961556264144	1947
0.1607304573059082	0.006740587576315573	0.0058936595916748045	0.001674538693520161		20	log2	4	5	100	{'class_weight': None, 'max_depth': 20, 'max_features': 'log2', 'min_samples_leaf': 4, 'min_samples_split': 5, 'n_estimators': 100}	0.5717219376841179	0.5893075178789464	0.5608294930875576	0.5521228545618789	0.536	0.5619963606425001	0.017973005465175298	724
0.2329378604888916	0.05430976712611044	0.00921316146850586	0.0030610076392531874		20	log2	4	5	150	{'class_weight': None, 'max_depth': 20, 'max_features': 'log2', 'min_samples_leaf': 4, 'min_samples_split': 5, 'n_estimators': 150}	0.5865530363256697	0.5805128205128205	0.6005420054200542	0.536431131592422	0.5451923076923078	0.5698462603086548	0.024736648302255058	438
0.2947862148284912	0.00811324118180633	0.009804344177246094	0.002177588250513691		20	log2	4	5	200	{'class_weight': None, 'max_depth': 20, 'max_features': 'log2', 'min_samples_leaf': 4, 'min_samples_split': 5, 'n_estimators': 200}	0.5865530363256697	0.5737569517097076	0.5521228545618789	0.5038212815990594	0.536	0.5504508248392631	0.029094609633500457	1314
0.43418178558349607	0.03280032555365534	0.015981435775756836	0.0021459412610143865		20	log2	4	5	300	{'class_weight': None, 'max_depth': 20, 'max_features': 'log2', 'min_samples_leaf': 4, 'min_samples_split': 5, 'n_estimators': 300}	0.5629274955442795	0.5737569517097076	0.5878067073824066	0.5369121312666105	0.5451923076923078	0.5613191187190624	0.018518390800014977	768
0.6075718402862549	0.05661982972181498	0.019945716857910155	0.004794970690887295		20	log2	4	5	400	{'class_weight': None, 'max_depth': 20, 'max_features': 'log2', 'min_samples_leaf': 4, 'min_samples_split': 5, 'n_estimators': 400}	0.5479287119999022	0.5414301947869302	0.5733333333333334	0.5449373737373737	0.5279627096316563	0.5471184646978392	0.014777904877075681	1457
0.731854248046875	0.04153978435105373	0.024557161331176757	0.005960354585397491		20	log2	4	5	500	{'class_weight': None, 'max_depth': 20, 'max_features': 'log2', 'min_samples_leaf': 4, 'min_samples_split': 5, 'n_estimators': 500}	0.5479287119999022	0.5496196111580728	0.6113606098176976	0.5118803545783192	0.5534782388407559	0.5548535052789495	0.03199056833472703	1052
0.8638444423675538	0.033392477730155724	0.028549909591674805	0.0037701999189540076		20	log2	4	5	600	{'class_weight': None, 'max_depth': 20, 'max_features': 'log2', 'min_samples_leaf': 4, 'min_samples_split': 5, 'n_estimators': 600}	0.5241354863156865	0.5578160800432915	0.5674392312040701	0.5118803545783192	0.536	0.5394542304282735	0.020626352310251565	1818
0.03899016380310059	0.005040381497465238	0.0029961585998535155	0.0010852864463097558		20	log2	4	10	25	{'class_weight': None, 'max_depth': 20, 'max_features': 'log2', 'min_samples_leaf': 4, 'min_samples_split': 10, 'n_estimators': 25}	0.5893075178789464	0.5415813000558763	0.5925925925925926	0.5496296296296296	0.536	0.561822208031409	0.024196688099131017	741
0.07753934860229492	0.011229364680236782	0.003050565719604492	0.0010364798286021301		20	log2	4	10	50	{'class_weight': None, 'max_depth': 20, 'max_features': 'log2', 'min_samples_leaf': 4, 'min_samples_split': 10, 'n_estimators': 50}	0.5594141095763419	0.5717219376841179	0.5551546078610048	0.5346780594854555	0.5619439079549019	0.5565825245123643	0.012229543504610653	962
0.1712646484375	0.03452590671166113	0.006679010391235351	0.002077126406524255		20	log2	4	10	100	{'class_weight': None, 'max_depth': 20, 'max_features': 'log2', 'min_samples_leaf': 4, 'min_samples_split': 10, 'n_estimators': 100}	0.5717219376841179	0.5565421245421245	0.5203393939393939	0.5279132791327914	0.5521043771043772	0.545724222480561	0.01894852921387066	1534
0.22483696937561035	0.006749804649464354	0.00866556167602539	0.0028059983372584877		20	log2	4	10	150	{'class_weight': None, 'max_depth': 20, 'max_features': 'log2', 'min_samples_leaf': 4, 'min_samples_split': 10, 'n_estimators': 150}	0.5775896234912629	0.5737569517097076	0.536431131592422	0.5824033867177165	0.533532412591763	0.5607427012205745	0.02123123654920907	796
0.29997100830078127	0.011239918821425646	0.009885168075561524	0.0020147408768996546		20	log2	4	10	200	{'class_weight': None, 'max_depth': 20, 'max_features': 'log2', 'min_samples_leaf': 4, 'min_samples_split': 10, 'n_estimators': 200}	0.5686176714492661	0.5737569517097076	0.5203393939393939	0.5286302175191064	0.5617777777777778	0.5506244024790503	0.021836649271336776	1298
0.4381683349609375	0.01676892405201217	0.01578388214111328	0.0028941142656075803		20	log2	4	10	300	{'class_weight': None, 'max_depth': 20, 'max_features': 'log2', 'min_samples_leaf': 4, 'min_samples_split': 10, 'n_estimators': 300}	0.5541223803518884	0.5494002060931195	0.5608294930875576	0.5534391534391534	0.5534782388407559	0.554253894362495	0.0036899736748349896	1084
0.6123569011688232	0.010127917883456959	0.01895604133605957	0.004644022554672052		20	log2	4	10	400	{'class_weight': None, 'max_depth': 20, 'max_features': 'log2', 'min_samples_leaf': 4, 'min_samples_split': 10, 'n_estimators': 400}	0.539301954762889	0.5578067765567766	0.536431131592422	0.5608294930875576	0.5179899949801804	0.5424718701959652	0.01560809259413347	1695
0.750065279006958	0.03593952377175931	0.02573118209838867	0.003970548064545014		20	log2	4	10	500	{'class_weight': None, 'max_depth': 20, 'max_features': 'log2', 'min_samples_leaf': 4, 'min_samples_split': 10, 'n_estimators': 500}	0.539301954762889	0.5737569517097076	0.5521228545618789	0.5279132791327914	0.5440445898461165	0.5474279260026766	0.015320311768707432	1431
0.8815754413604736	0.03132673963405878	0.03265256881713867	0.005477730400746283		20	log2	4	10	600	{'class_weight': None, 'max_depth': 20, 'max_features': 'log2', 'min_samples_leaf': 4, 'min_samples_split': 10, 'n_estimators': 600}	0.5541223803518884	0.5737569517097076	0.5203393939393939	0.5203393939393939	0.5068771218827209	0.535087048364621	0.02485353843133761	1983
1.5478322505950928	0.10805445391950105	0.0023507595062255858	0.0010692561115005139		20		1	2	25	{'class_weight': None, 'max_depth': 20, 'max_features': None, 'min_samples_leaf': 1, 'min_samples_split': 2, 'n_estimators': 25}	0.49866378033293085	0.545299707743821	0.6411522633744856	0.5521228545618789	0.5600335249042145	0.5594544261834662	0.046096599823613874	860
3.0419901847839355	0.1059763647234412	0.004128932952880859	0.001670097800845896		20		1	2	50	{'class_weight': None, 'max_depth': 20, 'max_features': None, 'min_samples_leaf': 1, 'min_samples_split': 2, 'n_estimators': 50}	0.5186603650586702	0.5168323739752311	0.606345785440613	0.5369121312666105	0.558540723101586	0.5474582757685422	0.03307278675899824	1428
5.952994441986084	0.17577954367013676	0.0063419342041015625	0.002711597434098168		20		1	2	100	{'class_weight': None, 'max_depth': 20, 'max_features': None, 'min_samples_leaf': 1, 'min_samples_split': 2, 'n_estimators': 100}	0.5506202480992397	0.5332404863654864	0.5831896551724138	0.5037037037037037	0.5279132791327914	0.539733474494727	0.02640826300649908	1811
8.94502682685852	0.22895045571072695	0.008286190032958985	0.0013865266066776078		20		1	2	150	{'class_weight': None, 'max_depth': 20, 'max_features': None, 'min_samples_leaf': 1, 'min_samples_split': 2, 'n_estimators': 150}	0.5186603650586702	0.6245241097700115	0.5831896551724138	0.4876344086021505	0.5534391534391534	0.5534895384084799	0.04791237677467599	1126
12.126942110061645	0.21983466778677815	0.010153579711914062	0.0020818219581006433		20		1	2	200	{'class_weight': None, 'max_depth': 20, 'max_features': None, 'min_samples_leaf': 1, 'min_samples_split': 2, 'n_estimators': 200}	0.5415813000558763	0.6010568666306372	0.5693121693121693	0.5346780594854555	0.536	0.5565256790968277	0.025567469351451752	967
18.230548048019408	0.36418180703881253	0.015895271301269533	0.004529565043149188		20		1	2	300	{'class_weight': None, 'max_depth': 20, 'max_features': None, 'min_samples_leaf': 1, 'min_samples_split': 2, 'n_estimators': 300}	0.5506202480992397	0.5565421245421245	0.5600335249042145	0.5406989025118244	0.5619439079549019	0.553967741602461	0.007672134094669978	1102
24.252957391738892	0.5181603443909647	0.017147016525268555	0.0022536759677884216		20		1	2	400	{'class_weight': None, 'max_depth': 20, 'max_features': None, 'min_samples_leaf': 1, 'min_samples_split': 2, 'n_estimators': 400}	0.5645022350530825	0.5565421245421245	0.5733333333333334	0.5496296296296296	0.6120074613314845	0.5712029567779309	0.021885128347152723	390
30.816546583175658	0.5144933476627647	0.02633657455444336	0.0055227014783567575		20		1	2	500	{'class_weight': None, 'max_depth': 20, 'max_features': None, 'min_samples_leaf': 1, 'min_samples_split': 2, 'n_estimators': 500}	0.5506202480992397	0.5775896234912629	0.5878067073824066	0.546031746031746	0.5534782388407559	0.5631053127690822	0.016492533015311703	685
37.04461784362793	0.7697415166162617	0.029837512969970705	0.003689189100691565		20		1	2	600	{'class_weight': None, 'max_depth': 20, 'max_features': None, 'min_samples_leaf': 1, 'min_samples_split': 2, 'n_estimators': 600}	0.5596301547914452	0.5775896234912629	0.5925925925925926	0.546031746031746	0.5451923076923078	0.5642072849198708	0.018426515516317594	651
1.5848494529724122	0.09989147314418373	0.0033231258392333986	0.001271293082008963		20		1	5	25	{'class_weight': None, 'max_depth': 20, 'max_features': None, 'min_samples_leaf': 1, 'min_samples_split': 5, 'n_estimators': 25}	0.5506202480992397	0.5168323739752311	0.6163347763347763	0.5785675232367414	0.5452847805788983	0.5615279404449774	0.03368871709865043	750
3.192714977264404	0.07453094334971258	0.005202960968017578	0.002194965810726668		20		1	5	50	{'class_weight': None, 'max_depth': 20, 'max_features': None, 'min_samples_leaf': 1, 'min_samples_split': 5, 'n_estimators': 50}	0.5541223803518884	0.4685156113727542	0.623308237573196	0.5785675232367414	0.5083287771095316	0.5465685059288223	0.053897153448166486	1482
6.106436061859131	0.1152911521491437	0.005283737182617187	0.0022809260294160754		20		1	5	100	{'class_weight': None, 'max_depth': 20, 'max_features': None, 'min_samples_leaf': 1, 'min_samples_split': 5, 'n_estimators': 100}	0.545299707743821	0.5003422606314708	0.5507246376811594	0.5507246376811594	0.5674392312040701	0.5429060949883361	0.02254570189388944	1661
9.18345775604248	0.22543839968995877	0.00948033332824707	0.002615112347858646		20		1	5	150	{'class_weight': None, 'max_depth': 20, 'max_features': None, 'min_samples_leaf': 1, 'min_samples_split': 5, 'n_estimators': 150}	0.5306551372125142	0.5541223803518884	0.5872408293460926	0.5872408293460926	0.5369121312666105	0.5592342615046397	0.02412430665160742	867
12.057151556015015	0.2999439487359052	0.01138167381286621	0.0033540464117674937		20		1	5	200	{'class_weight': None, 'max_depth': 20, 'max_features': None, 'min_samples_leaf': 1, 'min_samples_split': 5, 'n_estimators': 200}	0.5736653635813299	0.5541223803518884	0.5872408293460926	0.5551546078610048	0.536	0.5612366362280631	0.017636228832596763	774
18.015779209136962	0.3982372103030902	0.013301372528076172	0.0016046255360644458		20		1	5	300	{'class_weight': None, 'max_depth': 20, 'max_features': None, 'min_samples_leaf': 1, 'min_samples_split': 5, 'n_estimators': 300}	0.5645022350530825	0.5168323739752311	0.5551546078610048	0.5643097643097642	0.5451923076923078	0.5491982577782781	0.017672835238469818	1362
24.119773435592652	0.4261438064716298	0.015697383880615236	0.0022756174024574803		20		1	5	400	{'class_weight': None, 'max_depth': 20, 'max_features': None, 'min_samples_leaf': 1, 'min_samples_split': 5, 'n_estimators': 400}	0.5645022350530825	0.5409907552764696	0.5693121693121693	0.5368773946360154	0.6120074613314845	0.5647380031218443	0.026816135246460045	632
30.34596643447876	0.8021351094907785	0.026775598526000977	0.0016387714727088968		20		1	5	500	{'class_weight': None, 'max_depth': 20, 'max_features': None, 'min_samples_leaf': 1, 'min_samples_split': 5, 'n_estimators': 500}	0.5553113553113553	0.545299707743821	0.5925925925925926	0.5600335249042145	0.5279627096316563	0.556239978036728	0.021241748259422925	978
36.60620255470276	0.9227235759914004	0.03084077835083008	0.004433002896039847		20		1	5	600	{'class_weight': None, 'max_depth': 20, 'max_features': None, 'min_samples_leaf': 1, 'min_samples_split': 5, 'n_estimators': 600}	0.5553113553113553	0.545299707743821	0.6198439241917503	0.5368773946360154	0.5102222222222222	0.5535109208210328	0.03639043429380654	1122
1.5971410751342774	0.12281511331718736	0.0031804561614990233	0.0017567911425971263		20		1	10	25	{'class_weight': None, 'max_depth': 20, 'max_features': None, 'min_samples_leaf': 1, 'min_samples_split': 10, 'n_estimators': 25}	0.49866378033293085	0.5717219376841179	0.5907563025210084	0.5674392312040701	0.5785675232367414	0.5614297549957739	0.03235849160327452	760
3.0430570602416993	0.16200652908081967	0.004127311706542969	0.001497771499114468		20		1	10	50	{'class_weight': None, 'max_depth': 20, 'max_features': None, 'min_samples_leaf': 1, 'min_samples_split': 10, 'n_estimators': 50}	0.5275751326171494	0.5325714285714286	0.6101718943824207	0.5037037037037037	0.5037037037037037	0.5355451725956811	0.039164449639473145	1955
5.941396045684814	0.14925225755507726	0.0067174434661865234	0.002080792703924646		20		1	10	100	{'class_weight': None, 'max_depth': 20, 'max_features': None, 'min_samples_leaf': 1, 'min_samples_split': 10, 'n_estimators': 100}	0.5415813000558763	0.5479287119999022	0.5737643998513563	0.5276848755109624	0.5346780594854555	0.5451274693807107	0.015836226267243073	1562
8.881955289840699	0.24012361590246178	0.008690547943115235	0.002675571878182558		20		1	10	150	{'class_weight': None, 'max_depth': 20, 'max_features': None, 'min_samples_leaf': 1, 'min_samples_split': 10, 'n_estimators': 150}	0.5541223803518884	0.5775896234912629	0.5831896551724138	0.5551546078610048	0.49465811965811973	0.5529428773069379	0.03138702159293325	1153
11.954848623275756	0.24808410938048758	0.00975332260131836	0.0013701902805705259		20		1	10	200	{'class_weight': None, 'max_depth': 20, 'max_features': None, 'min_samples_leaf': 1, 'min_samples_split': 10, 'n_estimators': 200}	0.5686176714492661	0.5686176714492661	0.5872408293460926	0.5693121693121693	0.5279627096316563	0.56435021023769	0.019540082557458614	647
17.83648238182068	0.461422303431639	0.01475682258605957	0.002271248048216224		20		1	10	300	{'class_weight': None, 'max_depth': 20, 'max_features': None, 'min_samples_leaf': 1, 'min_samples_split': 10, 'n_estimators': 300}	0.5506202480992397	0.5828075150655795	0.5600335249042145	0.5831896551724138	0.5451923076923078	0.5643686501867511	0.01593590881832223	645
23.81625156402588	0.43380088009341844	0.02000274658203125	0.003871010731065301		20		1	10	400	{'class_weight': None, 'max_depth': 20, 'max_features': None, 'min_samples_leaf': 1, 'min_samples_split': 10, 'n_estimators': 400}	0.5736653635813299	0.5775896234912629	0.5642528049471155	0.5693121693121693	0.5619439079549019	0.5693527738573558	0.0057852700471797075	461
30.00634422302246	0.6660245158877216	0.02358860969543457	0.005200937632482364		20		1	10	500	{'class_weight': None, 'max_depth': 20, 'max_features': None, 'min_samples_leaf': 1, 'min_samples_split': 10, 'n_estimators': 500}	0.5645022350530825	0.591935635154711	0.5831896551724138	0.5872408293460926	0.5619439079549019	0.5777624525362404	0.012216652416374865	224
36.06232352256775	0.9284730542244991	0.027535152435302735	0.0036251017053279748		20		1	10	600	{'class_weight': None, 'max_depth': 20, 'max_features': None, 'min_samples_leaf': 1, 'min_samples_split': 10, 'n_estimators': 600}	0.5645022350530825	0.591935635154711	0.6198439241917503	0.5737643998513563	0.5619439079549019	0.5823980204411604	0.021477109018058858	135
1.4960037231445313	0.05367861891194885	0.0027994155883789063	0.0009786951189633185		20		2	2	25	{'class_weight': None, 'max_depth': 20, 'max_features': None, 'min_samples_leaf': 2, 'min_samples_split': 2, 'n_estimators': 25}	0.5071878940731399	0.5250434604765313	0.6288323211439892	0.5642528049471155	0.5600335249042145	0.5570700011089981	0.04177111353144908	944
2.9491461753845214	0.10483100759243717	0.0044590473175048825	0.001294671522747972		20		2	2	50	{'class_weight': None, 'max_depth': 20, 'max_features': None, 'min_samples_leaf': 2, 'min_samples_split': 2, 'n_estimators': 50}	0.5506202480992397	0.4763299692433551	0.623308237573196	0.6113606098176976	0.5137212643678162	0.5550680658202609	0.056133057062581024	1037
5.8376548290252686	0.14916379375145186	0.007997608184814453	0.0021196441314284497		20		2	2	100	{'class_weight': None, 'max_depth': 20, 'max_features': None, 'min_samples_leaf': 2, 'min_samples_split': 2, 'n_estimators': 100}	0.5553113553113553	0.5325714285714286	0.5600335249042145	0.5227513227513227	0.5279132791327914	0.5397161821342225	0.015060984830175752	1812
8.788777446746826	0.1467561734168971	0.006380844116210938	0.0008587481556484989		20		2	2	150	{'class_weight': None, 'max_depth': 20, 'max_features': None, 'min_samples_leaf': 2, 'min_samples_split': 2, 'n_estimators': 150}	0.5506202480992397	0.5686176714492661	0.5737643998513563	0.5551546078610048	0.5449373737373737	0.5586188601996481	0.010886004862785478	885
11.704294729232789	0.24830021074287345	0.01052718162536621	0.0020237139684045366		20		2	2	200	{'class_weight': None, 'max_depth': 20, 'max_features': None, 'min_samples_leaf': 2, 'min_samples_split': 2, 'n_estimators': 200}	0.5645022350530825	0.5955151633683335	0.5872408293460926	0.5925925925925926	0.5102222222222222	0.5700146085164647	0.0318191831030461	428
17.443804836273195	0.2918463865134272	0.015644645690917967	0.002063097243113684		20		2	2	300	{'class_weight': None, 'max_depth': 20, 'max_features': None, 'min_samples_leaf': 2, 'min_samples_split': 2, 'n_estimators': 300}	0.5553113553113553	0.5565421245421245	0.5968041620215533	0.5831896551724138	0.5704594017094017	0.5724613397513697	0.01586959913133307	346
23.95437035560608	0.4563988193006427	0.019135475158691406	0.0025809924936380474		20		2	2	400	{'class_weight': None, 'max_depth': 20, 'max_features': None, 'min_samples_leaf': 2, 'min_samples_split': 2, 'n_estimators': 400}	0.5645022350530825	0.5805128205128205	0.5831896551724138	0.5406989025118244	0.5869756846431933	0.5711758595786669	0.01705594777481757	392
30.927169275283813	0.7796386037591506	0.02354574203491211	0.0035992405523279296		20		2	2	500	{'class_weight': None, 'max_depth': 20, 'max_features': None, 'min_samples_leaf': 2, 'min_samples_split': 2, 'n_estimators': 500}	0.5460860978102358	0.591935635154711	0.5785675232367414	0.5643097643097642	0.5451923076923078	0.5652182656407521	0.01822045402522019	611
36.954008150100705	0.6632153951215007	0.02948751449584961	0.004794881297748638		20		2	2	600	{'class_weight': None, 'max_depth': 20, 'max_features': None, 'min_samples_leaf': 2, 'min_samples_split': 2, 'n_estimators': 600}	0.5553113553113553	0.5865530363256697	0.5968041620215533	0.5368773946360154	0.5451923076923078	0.5641476511973803	0.02344995116097108	653
1.6630911350250244	0.07517727482686254	0.002626991271972656	0.0010436210990258407		20		2	5	25	{'class_weight': None, 'max_depth': 20, 'max_features': None, 'min_samples_leaf': 2, 'min_samples_split': 5, 'n_estimators': 25}	0.5364527945173106	0.5168323739752311	0.6036471253862559	0.5785675232367414	0.5878067073824066	0.5646613048995891	0.03265674036062048	638
3.2577927112579346	0.16729395353300652	0.003962802886962891	0.0017230294157488148		20		2	5	50	{'class_weight': None, 'max_depth': 20, 'max_features': None, 'min_samples_leaf': 2, 'min_samples_split': 5, 'n_estimators': 50}	0.5415813000558763	0.5168323739752311	0.6134920634920635	0.5785675232367414	0.49534576973808175	0.5491638060995988	0.042430885495255796	1365
6.040419054031372	0.10652935339336726	0.004819345474243164	0.001355961004716348		20		2	5	100	{'class_weight': None, 'max_depth': 20, 'max_features': None, 'min_samples_leaf': 2, 'min_samples_split': 5, 'n_estimators': 100}	0.5506202480992397	0.5865530363256697	0.6004784337897533	0.5737643998513563	0.5449373737373737	0.5712706983606786	0.021036850008554788	388
9.00419478416443	0.2182771654542077	0.008343696594238281	0.0034278134698278364		20		2	5	150	{'class_weight': None, 'max_depth': 20, 'max_features': None, 'min_samples_leaf': 2, 'min_samples_split': 5, 'n_estimators': 150}	0.5045300171350592	0.5686176714492661	0.5968041620215533	0.5737643998513563	0.5369121312666105	0.5561256763447691	0.032103538961752796	989
11.80577039718628	0.2015897857281933	0.010530996322631835	0.0009498960323324812		20		2	5	200	{'class_weight': None, 'max_depth': 20, 'max_features': None, 'min_samples_leaf': 2, 'min_samples_split': 5, 'n_estimators': 200}	0.5645022350530825	0.5686176714492661	0.5872408293460926	0.5785675232367414	0.5279627096316563	0.5653781937433677	0.020313115067513113	601
17.805658960342406	0.47216715776825924	0.015705204010009764	0.004635046892247261		20		2	5	300	{'class_weight': None, 'max_depth': 20, 'max_features': None, 'min_samples_leaf': 2, 'min_samples_split': 5, 'n_estimators': 300}	0.5506202480992397	0.5865530363256697	0.5872408293460926	0.5737643998513563	0.5704594017094017	0.573727583066352	0.013354634929220423	315
23.63177857398987	0.3887007156435646	0.021340370178222656	0.004625049270959563		20		2	5	400	{'class_weight': None, 'max_depth': 20, 'max_features': None, 'min_samples_leaf': 2, 'min_samples_split': 5, 'n_estimators': 400}	0.5914774880292122	0.5805128205128205	0.5831896551724138	0.5693121693121693	0.5869756846431933	0.5822935635339619	0.007466690687170658	139
29.50074944496155	0.7699498813390957	0.02426438331604004	0.007045741726012331		20		2	5	500	{'class_weight': None, 'max_depth': 20, 'max_features': None, 'min_samples_leaf': 2, 'min_samples_split': 5, 'n_estimators': 500}	0.5645022350530825	0.591935635154711	0.5925925925925926	0.5643097643097642	0.5279627096316563	0.5682605873483613	0.023690536215824634	496
35.44494338035584	0.7246897902831331	0.028081178665161133	0.0022441284241337014		20		2	5	600	{'class_weight': None, 'max_depth': 20, 'max_features': None, 'min_samples_leaf': 2, 'min_samples_split': 5, 'n_estimators': 600}	0.5828075150655795	0.591935635154711	0.6198439241917503	0.5507246376811594	0.5451923076923078	0.5781008039571016	0.02752623249566615	212
1.4927080154418946	0.05141795956868453	0.0029045581817626954	0.0013400918239746921		20		2	10	25	{'class_weight': None, 'max_depth': 20, 'max_features': None, 'min_samples_leaf': 2, 'min_samples_split': 10, 'n_estimators': 25}	0.5325068094298864	0.5414301947869302	0.5776486300063106	0.5878067073824066	0.5406989025118244	0.5560182488234716	0.02226504418147651	998
2.932898664474487	0.08462058083461328	0.003045988082885742	0.0009142174066649535		20		2	10	50	{'class_weight': None, 'max_depth': 20, 'max_features': None, 'min_samples_leaf': 2, 'min_samples_split': 10, 'n_estimators': 50}	0.5325068094298864	0.5241354863156865	0.623308237573196	0.5733333333333334	0.5914703850260662	0.5689508503356338	0.03692599657957298	472
5.906339883804321	0.16128486852057147	0.005390453338623047	0.0017227452988475534		20		2	10	100	{'class_weight': None, 'max_depth': 20, 'max_features': None, 'min_samples_leaf': 2, 'min_samples_split': 10, 'n_estimators': 100}	0.568781792919724	0.5541223803518884	0.6134920634920635	0.5368773946360154	0.5608294930875576	0.5668206248974498	0.025596114837584456	549
8.705827617645264	0.22739382452617438	0.008974123001098632	0.0028500892389233985		20		2	10	150	{'class_weight': None, 'max_depth': 20, 'max_features': None, 'min_samples_leaf': 2, 'min_samples_split': 10, 'n_estimators': 150}	0.5506202480992397	0.5479287119999022	0.6101718943824207	0.5968041620215533	0.5038212815990594	0.5618692596204351	0.038063207461431534	734
11.532259845733643	0.1274488666603095	0.013736343383789063	0.002195321397819617		20		2	10	200	{'class_weight': None, 'max_depth': 20, 'max_features': None, 'min_samples_leaf': 2, 'min_samples_split': 10, 'n_estimators': 200}	0.5364527945173106	0.5596301547914452	0.5776486300063106	0.5643097643097642	0.5024471804225566	0.5480977048094775	0.02641461628844802	1411
17.343561792373656	0.25864535647486026	0.013255596160888672	0.0017876913017992068		20		2	10	300	{'class_weight': None, 'max_depth': 20, 'max_features': None, 'min_samples_leaf': 2, 'min_samples_split': 10, 'n_estimators': 300}	0.5364527945173106	0.5775896234912629	0.5693121693121693	0.5643097643097642	0.5534782388407559	0.5602285180942526	0.014222718251683314	815
23.022272682189943	0.4688838585062875	0.017855358123779298	0.0023232460217710578		20		2	10	400	{'class_weight': None, 'max_depth': 20, 'max_features': None, 'min_samples_leaf': 2, 'min_samples_split': 10, 'n_estimators': 400}	0.5914774880292122	0.5865530363256697	0.5693121693121693	0.5737643998513563	0.5619439079549019	0.5766102002946618	0.010921137306171539	261
28.83957495689392	0.5691502551225001	0.02692546844482422	0.003328238255251532		20		2	10	500	{'class_weight': None, 'max_depth': 20, 'max_features': None, 'min_samples_leaf': 2, 'min_samples_split': 10, 'n_estimators': 500}	0.5828075150655795	0.6010568666306372	0.5968041620215533	0.5872408293460926	0.5619439079549019	0.5859706562037529	0.013666470110703328	73
34.73659429550171	0.7401173779315228	0.02742290496826172	0.0033626133751931356		20		2	10	600	{'class_weight': None, 'max_depth': 20, 'max_features': None, 'min_samples_leaf': 2, 'min_samples_split': 10, 'n_estimators': 600}	0.5686176714492661	0.6010568666306372	0.6101718943824207	0.5600335249042145	0.5619439079549019	0.5803647730642881	0.02101099491652296	165
1.3424705982208252	0.05169628810952792	0.0023069858551025392	0.0009682190462268011		20		4	2	25	{'class_weight': None, 'max_depth': 20, 'max_features': None, 'min_samples_leaf': 4, 'min_samples_split': 2, 'n_estimators': 25}	0.5306551372125142	0.5479287119999022	0.6004784337897533	0.5496296296296296	0.5259259259259259	0.550923567711545	0.02646514522257046	1270
2.6768714427947997	0.056635007132478495	0.007543134689331055	0.007879743474184237		20		4	2	50	{'class_weight': None, 'max_depth': 20, 'max_features': None, 'min_samples_leaf': 4, 'min_samples_split': 2, 'n_estimators': 50}	0.5415813000558763	0.5250434604765313	0.5937662337662337	0.597037037037037	0.5038212815990594	0.5522498625869476	0.03722588902871897	1176
5.341188716888428	0.08096613202092388	0.006326055526733399	0.002538434501374159		20		4	2	100	{'class_weight': None, 'max_depth': 20, 'max_features': None, 'min_samples_leaf': 4, 'min_samples_split': 2, 'n_estimators': 100}	0.5594141095763419	0.565149136577708	0.5872408293460926	0.5276848755109624	0.5440445898461165	0.5567067081714443	0.02006755185431371	954
7.992827987670898	0.18090183063251936	0.008809041976928712	0.001848252204406215		20		4	2	150	{'class_weight': None, 'max_depth': 20, 'max_features': None, 'min_samples_leaf': 4, 'min_samples_split': 2, 'n_estimators': 150}	0.5415813000558763	0.565149136577708	0.6134920634920635	0.5406989025118244	0.49193540011424414	0.5505713605503433	0.03946641327575763	1301
10.619075345993043	0.23826560856643642	0.010979557037353515	0.001133374024372598		20		4	2	200	{'class_weight': None, 'max_depth': 20, 'max_features': None, 'min_samples_leaf': 4, 'min_samples_split': 2, 'n_estimators': 200}	0.5736653635813299	0.5717219376841179	0.6004784337897533	0.5600335249042145	0.4994107744107744	0.5610620068740381	0.03355015849551377	787
15.963161611557007	0.2940693271916367	0.01424093246459961	0.0021489995526786437		20		4	2	300	{'class_weight': None, 'max_depth': 20, 'max_features': None, 'min_samples_leaf': 4, 'min_samples_split': 2, 'n_estimators': 300}	0.5874231700502887	0.6010568666306372	0.5551546078610048	0.5737643998513563	0.5704594017094017	0.5775716892205377	0.015596222973428265	229
21.186895990371703	0.400579815501875	0.01840076446533203	0.0019534193665547025		20		4	2	400	{'class_weight': None, 'max_depth': 20, 'max_features': None, 'min_samples_leaf': 4, 'min_samples_split': 2, 'n_estimators': 400}	0.5781159011928243	0.6193083890525493	0.5831896551724138	0.5600335249042145	0.5534782388407559	0.5788251418325515	0.02303925199528488	192
26.524875354766845	0.6981964041332919	0.02207026481628418	0.003021496676238716		20		4	2	500	{'class_weight': None, 'max_depth': 20, 'max_features': None, 'min_samples_leaf': 4, 'min_samples_split': 2, 'n_estimators': 500}	0.5781159011928243	0.6101785771070599	0.606345785440613	0.5600335249042145	0.5451923076923078	0.5799732192674039	0.025371750986103364	168
31.952321672439574	0.6887056634561921	0.03274931907653809	0.01023861437364397		20		4	2	600	{'class_weight': None, 'max_depth': 20, 'max_features': None, 'min_samples_leaf': 4, 'min_samples_split': 2, 'n_estimators': 600}	0.568781792919724	0.6101785771070599	0.6198439241917503	0.5507246376811594	0.5279627096316563	0.57549832830627	0.03489336374982704	278
1.3808613300323487	0.06646902799924619	0.002538728713989258	0.0014532128333492127		20		4	5	25	{'class_weight': None, 'max_depth': 20, 'max_features': None, 'min_samples_leaf': 4, 'min_samples_split': 5, 'n_estimators': 25}	0.5306551372125142	0.5479287119999022	0.6004784337897533	0.5496296296296296	0.5259259259259259	0.550923567711545	0.02646514522257046	1270
2.7347005367279054	0.09355395233605543	0.003619813919067383	0.001251751985728204		20		4	5	50	{'class_weight': None, 'max_depth': 20, 'max_features': None, 'min_samples_leaf': 4, 'min_samples_split': 5, 'n_estimators': 50}	0.5415813000558763	0.5250434604765313	0.5937662337662337	0.597037037037037	0.5038212815990594	0.5522498625869476	0.03722588902871897	1176
5.321009635925293	0.15163811114118	0.006773662567138672	0.0015461955793669355		20		4	5	100	{'class_weight': None, 'max_depth': 20, 'max_features': None, 'min_samples_leaf': 4, 'min_samples_split': 5, 'n_estimators': 100}	0.5594141095763419	0.565149136577708	0.5872408293460926	0.5276848755109624	0.5440445898461165	0.5567067081714443	0.02006755185431371	954
7.934176778793335	0.14397491177164992	0.006980276107788086	0.0011494094923225006		20		4	5	150	{'class_weight': None, 'max_depth': 20, 'max_features': None, 'min_samples_leaf': 4, 'min_samples_split': 5, 'n_estimators': 150}	0.5415813000558763	0.565149136577708	0.6134920634920635	0.5406989025118244	0.49193540011424414	0.5505713605503433	0.03946641327575763	1301
10.666721296310424	0.22039068048564128	0.009227705001831055	0.001419715174298052		20		4	5	200	{'class_weight': None, 'max_depth': 20, 'max_features': None, 'min_samples_leaf': 4, 'min_samples_split': 5, 'n_estimators': 200}	0.5736653635813299	0.5717219376841179	0.6004784337897533	0.5600335249042145	0.4994107744107744	0.5610620068740381	0.03355015849551377	787
15.915652704238891	0.35474003651040203	0.012507343292236328	0.002176631109872772		20		4	5	300	{'class_weight': None, 'max_depth': 20, 'max_features': None, 'min_samples_leaf': 4, 'min_samples_split': 5, 'n_estimators': 300}	0.5874231700502887	0.6010568666306372	0.5551546078610048	0.5737643998513563	0.5704594017094017	0.5775716892205377	0.015596222973428265	229
21.230086898803712	0.41802074558556956	0.015011024475097657	0.0022068944489795944		20		4	5	400	{'class_weight': None, 'max_depth': 20, 'max_features': None, 'min_samples_leaf': 4, 'min_samples_split': 5, 'n_estimators': 400}	0.5781159011928243	0.6193083890525493	0.5831896551724138	0.5600335249042145	0.5534782388407559	0.5788251418325515	0.02303925199528488	192
26.540609788894653	0.6865630576591024	0.02510061264038086	0.003561668103945005		20		4	5	500	{'class_weight': None, 'max_depth': 20, 'max_features': None, 'min_samples_leaf': 4, 'min_samples_split': 5, 'n_estimators': 500}	0.5781159011928243	0.6101785771070599	0.606345785440613	0.5600335249042145	0.5451923076923078	0.5799732192674039	0.025371750986103364	168
32.08085026741028	0.6771303575281291	0.026456832885742188	0.003764627398079086		20		4	5	600	{'class_weight': None, 'max_depth': 20, 'max_features': None, 'min_samples_leaf': 4, 'min_samples_split': 5, 'n_estimators': 600}	0.568781792919724	0.6101785771070599	0.6198439241917503	0.5507246376811594	0.5279627096316563	0.57549832830627	0.03489336374982704	278
1.3354538917541503	0.06513987762340748	0.0036934852600097657	0.0006740534986869913		20		4	10	25	{'class_weight': None, 'max_depth': 20, 'max_features': None, 'min_samples_leaf': 4, 'min_samples_split': 10, 'n_estimators': 25}	0.5219817440383759	0.5479287119999022	0.5907563025210084	0.601980438612478	0.5193769235600779	0.5564048241463685	0.03430748910531275	973
2.6653903484344483	0.04708044987697578	0.003057050704956055	0.000692275437881983		20		4	10	50	{'class_weight': None, 'max_depth': 20, 'max_features': None, 'min_samples_leaf': 4, 'min_samples_split': 10, 'n_estimators': 50}	0.5325068094298864	0.5325714285714286	0.6004784337897533	0.5878067073824066	0.49465811965811973	0.5496042997663189	0.03911298261633564	1346
5.255476474761963	0.11237136921147214	0.0066927909851074215	0.0020566307835289534		20		4	10	100	{'class_weight': None, 'max_depth': 20, 'max_features': None, 'min_samples_leaf': 4, 'min_samples_split': 10, 'n_estimators': 100}	0.5186603650586702	0.5332404863654864	0.6004784337897533	0.5548188262228679	0.536	0.5486396222873556	0.028358752588746483	1388
7.909561061859131	0.1417128315419658	0.007485055923461914	0.0020746500917552474		20		4	10	150	{'class_weight': None, 'max_depth': 20, 'max_features': None, 'min_samples_leaf': 4, 'min_samples_split': 10, 'n_estimators': 150}	0.5553113553113553	0.565149136577708	0.623308237573196	0.5831896551724138	0.5024471804225566	0.5658811130114458	0.03932830949379513	578
10.530124950408936	0.24112703016790202	0.011451482772827148	0.006045116157683075		20		4	10	200	{'class_weight': None, 'max_depth': 20, 'max_features': None, 'min_samples_leaf': 4, 'min_samples_split': 10, 'n_estimators': 200}	0.5415813000558763	0.5805128205128205	0.623308237573196	0.5600335249042145	0.5179899949801804	0.5646851756052575	0.035841441240751025	635
15.880107116699218	0.3898254285488538	0.014908409118652344	0.0019897978083349326		20		4	10	300	{'class_weight': None, 'max_depth': 20, 'max_features': None, 'min_samples_leaf': 4, 'min_samples_split': 10, 'n_estimators': 300}	0.5736653635813299	0.6010568666306372	0.6101718943824207	0.5872408293460926	0.5704594017094017	0.5885188711299765	0.015326181913296006	53
21.044517230987548	0.4358749886026378	0.018771934509277343	0.00314943872801253		20		4	10	400	{'class_weight': None, 'max_depth': 20, 'max_features': None, 'min_samples_leaf': 4, 'min_samples_split': 10, 'n_estimators': 400}	0.5553113553113553	0.5893075178789464	0.5831896551724138	0.5600335249042145	0.5619439079549019	0.5699571922443664	0.013614151573686555	430
26.431956624984743	0.5910454306487801	0.02418689727783203	0.004244623203370539		20		4	10	500	{'class_weight': None, 'max_depth': 20, 'max_features': None, 'min_samples_leaf': 4, 'min_samples_split': 10, 'n_estimators': 500}	0.5460860978102358	0.643101614736765	0.5831896551724138	0.5600335249042145	0.5279627096316563	0.572074720451057	0.03983623948423946	360
31.99800338745117	0.7661840118342629	0.027827739715576172	0.004767284028485074		20		4	10	600	{'class_weight': None, 'max_depth': 20, 'max_features': None, 'min_samples_leaf': 4, 'min_samples_split': 10, 'n_estimators': 600}	0.5781159011928243	0.6101785771070599	0.6331029594187488	0.5507246376811594	0.5451923076923078	0.58346287661842	0.033890663474961995	108
0.08071780204772949	0.006216104934213635	0.0031325817108154297	0.0013720670268828237	balanced		sqrt	1	2	25	{'class_weight': 'balanced', 'max_depth': None, 'max_features': 'sqrt', 'min_samples_leaf': 1, 'min_samples_split': 2, 'n_estimators': 25}	0.49009807396904165	0.5865530363256697	0.5693121693121693	0.5276848755109624	0.558540723101586	0.5464377756438858	0.03407282380616192	1492
0.16352519989013672	0.011476279509752241	0.004453229904174805	0.0015770786148451735	balanced		sqrt	1	2	50	{'class_weight': 'balanced', 'max_depth': None, 'max_features': 'sqrt', 'min_samples_leaf': 1, 'min_samples_split': 2, 'n_estimators': 50}	0.5072807749053819	0.5226567202936698	0.5496296296296296	0.5824033867177165	0.6030570252792475	0.5530055073651292	0.03575635983051372	1149
0.2965092182159424	0.007040210036129861	0.005282163619995117	0.0017058540004215542	balanced		sqrt	1	2	100	{'class_weight': 'balanced', 'max_depth': None, 'max_features': 'sqrt', 'min_samples_leaf': 1, 'min_samples_split': 2, 'n_estimators': 100}	0.5003422606314708	0.5245984784446323	0.5102222222222222	0.5286302175191064	0.5789937680498556	0.5285573893734574	0.02717270107317568	2134
0.451768159866333	0.027649780320033998	0.007009363174438477	0.0018844623592208728	balanced		sqrt	1	2	150	{'class_weight': 'balanced', 'max_depth': None, 'max_features': 'sqrt', 'min_samples_leaf': 1, 'min_samples_split': 2, 'n_estimators': 150}	0.49866378033293085	0.5250434604765313	0.45356654046463674	0.5199252136752136	0.5869756846431933	0.5168349359185012	0.0431966088537408	2310
0.6166253089904785	0.015198500360541276	0.010882902145385741	0.0018696779585771627	balanced		sqrt	1	2	200	{'class_weight': 'balanced', 'max_depth': None, 'max_features': 'sqrt', 'min_samples_leaf': 1, 'min_samples_split': 2, 'n_estimators': 200}	0.539301954762889	0.5578067765567766	0.45866666666666667	0.5038212815990594	0.5521043771043772	0.5223402113379538	0.036956067436581995	2232
0.9330194473266602	0.02585165674839946	0.015935659408569336	0.003965903105054998	balanced		sqrt	1	2	300	{'class_weight': 'balanced', 'max_depth': None, 'max_features': 'sqrt', 'min_samples_leaf': 1, 'min_samples_split': 2, 'n_estimators': 300}	0.5241354863156865	0.5245984784446323	0.5024471804225566	0.5451923076923078	0.5521043771043772	0.529695565995912	0.017559459686503978	2111
1.221592903137207	0.06573141420095799	0.01738276481628418	0.003881731567051849	balanced		sqrt	1	2	400	{'class_weight': 'balanced', 'max_depth': None, 'max_features': 'sqrt', 'min_samples_leaf': 1, 'min_samples_split': 2, 'n_estimators': 400}	0.5241354863156865	0.5245984784446323	0.5199252136752136	0.5369121312666105	0.5143413367942894	0.5239825292992865	0.007443007446237117	2203
1.538563108444214	0.024770977840052416	0.0254638671875	0.0014395210220030025	balanced		sqrt	1	2	500	{'class_weight': 'balanced', 'max_depth': None, 'max_features': 'sqrt', 'min_samples_leaf': 1, 'min_samples_split': 2, 'n_estimators': 500}	0.5003422606314708	0.5414301947869302	0.5024471804225566	0.5279627096316563	0.5143413367942894	0.5173047364533806	0.015574879947082298	2306
1.800454044342041	0.05896762414672596	0.032586193084716795	0.009212880650442163	balanced		sqrt	1	2	600	{'class_weight': 'balanced', 'max_depth': None, 'max_features': 'sqrt', 'min_samples_leaf': 1, 'min_samples_split': 2, 'n_estimators': 600}	0.539301954762889	0.5496196111580728	0.5024471804225566	0.5451923076923078	0.5143413367942894	0.5301804781660231	0.01847403830047738	2101
0.0776827335357666	0.001164218882673389	0.003916406631469726	0.001281080799337087	balanced		sqrt	1	5	25	{'class_weight': 'balanced', 'max_depth': None, 'max_features': 'sqrt', 'min_samples_leaf': 1, 'min_samples_split': 5, 'n_estimators': 25}	0.5368199613494875	0.5506202480992397	0.546031746031746	0.5120327700972862	0.5083287771095316	0.5307667005374582	0.01742554153352914	2085
0.15313897132873536	0.0031138285243497727	0.0036201953887939455	0.0010980237076976499	balanced		sqrt	1	5	50	{'class_weight': 'balanced', 'max_depth': None, 'max_features': 'sqrt', 'min_samples_leaf': 1, 'min_samples_split': 5, 'n_estimators': 50}	0.5168323739752311	0.5629274955442795	0.606266050333847	0.5037037037037037	0.5118803545783192	0.5403219956270761	0.03888757012711068	1790
0.30588655471801757	0.006893341159853382	0.004725217819213867	0.0006780538042004241	balanced		sqrt	1	5	100	{'class_weight': 'balanced', 'max_depth': None, 'max_features': 'sqrt', 'min_samples_leaf': 1, 'min_samples_split': 5, 'n_estimators': 100}	0.5086007326007326	0.5409907552764696	0.558540723101586	0.43883768561187914	0.5789937680498556	0.5251927329281045	0.048966735669744174	2184
0.4565600872039795	0.019438807115725657	0.008736753463745117	0.003980252819657457	balanced		sqrt	1	5	150	{'class_weight': 'balanced', 'max_depth': None, 'max_features': 'sqrt', 'min_samples_leaf': 1, 'min_samples_split': 5, 'n_estimators': 150}	0.49267399267399264	0.5241354863156865	0.5449373737373737	0.49534576973808175	0.5683034104838128	0.5250792065897895	0.028974969779560752	2189
0.6458162784576416	0.019597114092137217	0.010606813430786132	0.0014197218126836828	balanced		sqrt	1	5	200	{'class_weight': 'balanced', 'max_depth': None, 'max_features': 'sqrt', 'min_samples_leaf': 1, 'min_samples_split': 5, 'n_estimators': 200}	0.49267399267399264	0.5578067765567766	0.5369121312666105	0.5037037037037037	0.5413223736390511	0.5264837955680269	0.024380722219467826	2172
0.9147687435150147	0.0336728724600592	0.015379714965820312	0.002306873782687668	balanced		sqrt	1	5	300	{'class_weight': 'balanced', 'max_depth': None, 'max_features': 'sqrt', 'min_samples_leaf': 1, 'min_samples_split': 5, 'n_estimators': 300}	0.5241354863156865	0.5578067765567766	0.5521228545618789	0.4876344086021505	0.5601877033008051	0.5363774458674595	0.02756741454436068	1932
1.2430134296417237	0.028406297447904048	0.020590972900390626	0.0014265120977703446	balanced		sqrt	1	5	400	{'class_weight': 'balanced', 'max_depth': None, 'max_features': 'sqrt', 'min_samples_leaf': 1, 'min_samples_split': 5, 'n_estimators': 400}	0.5156764139814987	0.5737569517097076	0.5286302175191064	0.5279132791327914	0.5087232878779305	0.530940030044207	0.02269073310267017	2081
1.5510652542114258	0.05326878052026143	0.02270994186401367	0.002084625607667061	balanced		sqrt	1	5	500	{'class_weight': 'balanced', 'max_depth': None, 'max_features': 'sqrt', 'min_samples_leaf': 1, 'min_samples_split': 5, 'n_estimators': 500}	0.5086007326007326	0.5662177518254745	0.5534391534391534	0.5203393939393939	0.5292929292929294	0.5355779922195367	0.02124761341373729	1953
1.8650415420532227	0.03735498117396732	0.027150487899780272	0.0028668600959983154	balanced		sqrt	1	5	600	{'class_weight': 'balanced', 'max_depth': None, 'max_features': 'sqrt', 'min_samples_leaf': 1, 'min_samples_split': 5, 'n_estimators': 600}	0.5086007326007326	0.5662177518254745	0.5534391534391534	0.49574141414141415	0.5292929292929294	0.5306583962599408	0.026423592989222967	2093
0.07939000129699707	0.0033382130347725113	0.0030214786529541016	0.001316533775977612	balanced		sqrt	1	10	25	{'class_weight': 'balanced', 'max_depth': None, 'max_features': 'sqrt', 'min_samples_leaf': 1, 'min_samples_split': 10, 'n_estimators': 25}	0.5562215562215562	0.5874231700502887	0.5551546078610048	0.6584684146882798	0.6005420054200542	0.5915619508482368	0.037811860324360465	39
0.1615933895111084	0.006088193039586746	0.00431060791015625	0.0015294674235840648	balanced		sqrt	1	10	50	{'class_weight': 'balanced', 'max_depth': None, 'max_features': 'sqrt', 'min_samples_leaf': 1, 'min_samples_split': 10, 'n_estimators': 50}	0.6152535988601562	0.5967104790634203	0.5785675232367414	0.5674392312040701	0.609626216077829	0.5935194096884434	0.018142335753778892	29
0.30013723373413087	0.013715292000845094	0.0046425342559814455	0.0008128842962660299	balanced		sqrt	1	10	100	{'class_weight': 'balanced', 'max_depth': None, 'max_features': 'sqrt', 'min_samples_leaf': 1, 'min_samples_split': 10, 'n_estimators': 100}	0.5364527945173106	0.5479287119999022	0.5642528049471155	0.5733333333333334	0.609626216077829	0.5663187721750982	0.0251363399122493	562
0.44359450340270995	0.025305720949059696	0.010573387145996094	0.0029893323740744753	balanced		sqrt	1	10	150	{'class_weight': 'balanced', 'max_depth': None, 'max_features': 'sqrt', 'min_samples_leaf': 1, 'min_samples_split': 10, 'n_estimators': 150}	0.5306551372125142	0.5241354863156865	0.5434080773820741	0.5878067073824066	0.6120074613314845	0.5596025739248331	0.03435076558727171	853
0.6199629306793213	0.026109539378267127	0.009825658798217774	0.0023329228721331325	balanced		sqrt	1	10	200	{'class_weight': 'balanced', 'max_depth': None, 'max_features': 'sqrt', 'min_samples_leaf': 1, 'min_samples_split': 10, 'n_estimators': 200}	0.5865530363256697	0.5325714285714286	0.5551546078610048	0.5733333333333334	0.5521043771043772	0.5599433566391628	0.018552469862750033	840
0.9065584659576416	0.03179970744542323	0.015467119216918946	0.0019649655175921978	balanced		sqrt	1	10	300	{'class_weight': 'balanced', 'max_depth': None, 'max_features': 'sqrt', 'min_samples_leaf': 1, 'min_samples_split': 10, 'n_estimators': 300}	0.5306551372125142	0.5494002060931195	0.5406989025118244	0.5434080773820741	0.5087232878779305	0.5345771222154926	0.014275773149721737	1998
1.2212364196777343	0.04047171897107271	0.016711997985839843	0.0024195400673086465	balanced		sqrt	1	10	400	{'class_weight': 'balanced', 'max_depth': None, 'max_features': 'sqrt', 'min_samples_leaf': 1, 'min_samples_split': 10, 'n_estimators': 400}	0.545299707743821	0.565149136577708	0.5925925925925926	0.5600335249042145	0.5087232878779305	0.5543596499392534	0.027477714161660723	1075
1.5510169982910156	0.0023636771585474063	0.023862028121948244	0.0027786280912780407	balanced		sqrt	1	10	500	{'class_weight': 'balanced', 'max_depth': None, 'max_features': 'sqrt', 'min_samples_leaf': 1, 'min_samples_split': 10, 'n_estimators': 500}	0.539301954762889	0.5805128205128205	0.5733333333333334	0.5434080773820741	0.5292929292929294	0.5531698230568093	0.02005952223757219	1141
1.8661088943481445	0.057404181935584504	0.029978275299072266	0.0058185579569185126	balanced		sqrt	1	10	600	{'class_weight': 'balanced', 'max_depth': None, 'max_features': 'sqrt', 'min_samples_leaf': 1, 'min_samples_split': 10, 'n_estimators': 600}	0.5306551372125142	0.565149136577708	0.558540723101586	0.5914703850260662	0.5218106995884774	0.5535252163012704	0.02501582598461303	1119
0.08236551284790039	0.007851081965902883	0.0029971122741699217	0.0009815232488727431	balanced		sqrt	2	2	25	{'class_weight': 'balanced', 'max_depth': None, 'max_features': 'sqrt', 'min_samples_leaf': 2, 'min_samples_split': 2, 'n_estimators': 25}	0.5275751326171494	0.5006947075912592	0.5643097643097642	0.5368773946360154	0.546031746031746	0.5350977490371868	0.021053362123675076	1979
0.15083861351013184	0.008440651826689786	0.002504253387451172	1.3527896230280588e-05	balanced		sqrt	2	2	50	{'class_weight': 'balanced', 'max_depth': None, 'max_features': 'sqrt', 'min_samples_leaf': 2, 'min_samples_split': 2, 'n_estimators': 50}	0.5156764139814987	0.4837206509337657	0.5600335249042145	0.546031746031746	0.5695353535353536	0.5349995378773157	0.03144531777436529	1988
0.2936220645904541	0.014232666389386564	0.006824350357055664	0.0014398672261718857	balanced		sqrt	2	2	100	{'class_weight': 'balanced', 'max_depth': None, 'max_features': 'sqrt', 'min_samples_leaf': 2, 'min_samples_split': 2, 'n_estimators': 100}	0.5132754342431762	0.5241354863156865	0.5733333333333334	0.5434080773820741	0.6370392380197758	0.5582383138588092	0.04436675459233057	906
0.45021944046020507	0.034797210716027996	0.007012128829956055	0.00228606446313159	balanced		sqrt	2	2	150	{'class_weight': 'balanced', 'max_depth': None, 'max_features': 'sqrt', 'min_samples_leaf': 2, 'min_samples_split': 2, 'n_estimators': 150}	0.5045300171350592	0.5479287119999022	0.5608294930875576	0.5496296296296296	0.5957264957264957	0.5517288695157289	0.029206821576046975	1215
0.6049463748931885	0.05910769731426083	0.010838699340820313	0.002478570181124803	balanced		sqrt	2	2	200	{'class_weight': 'balanced', 'max_depth': None, 'max_features': 'sqrt', 'min_samples_leaf': 2, 'min_samples_split': 2, 'n_estimators': 200}	0.5045300171350592	0.565149136577708	0.5521228545618789	0.48695273225319446	0.5521043771043772	0.5321718235264437	0.03063230054616339	2056
0.8922852993011474	0.011293250785677167	0.014371204376220702	0.0034762806479178366	balanced		sqrt	2	2	300	{'class_weight': 'balanced', 'max_depth': None, 'max_features': 'sqrt', 'min_samples_leaf': 2, 'min_samples_split': 2, 'n_estimators': 300}	0.5364527945173106	0.5737569517097076	0.558540723101586	0.5259259259259259	0.5617777777777778	0.5512908346064616	0.017497481556075906	1245
1.2002027034759521	0.0401918313971795	0.021858787536621092	0.002494694866702362	balanced		sqrt	2	2	400	{'class_weight': 'balanced', 'max_depth': None, 'max_features': 'sqrt', 'min_samples_leaf': 2, 'min_samples_split': 2, 'n_estimators': 400}	0.5364527945173106	0.5409907552764696	0.5434080773820741	0.510815395869325	0.5521043771043772	0.5367542800299112	0.01393386397898658	1920
1.520929479598999	0.03187641515304736	0.023647499084472657	0.00572644635987202	balanced		sqrt	2	2	500	{'class_weight': 'balanced', 'max_depth': None, 'max_features': 'sqrt', 'min_samples_leaf': 2, 'min_samples_split': 2, 'n_estimators': 500}	0.5506202480992397	0.5823730667480668	0.5279132791327914	0.5193769235600779	0.5700991847120528	0.5500765404504457	0.023991432393990732	1331
1.7981040477752686	0.07989209102715969	0.03244481086730957	0.0034884866320013747	balanced		sqrt	2	2	600	{'class_weight': 'balanced', 'max_depth': None, 'max_features': 'sqrt', 'min_samples_leaf': 2, 'min_samples_split': 2, 'n_estimators': 600}	0.5645022350530825	0.5737569517097076	0.5674392312040701	0.4876344086021505	0.5218106995884774	0.5430287052314976	0.033226324670083796	1654
0.07557158470153809	0.010611510004000922	0.0036956787109375	0.0020461676490515454	balanced		sqrt	2	5	25	{'class_weight': 'balanced', 'max_depth': None, 'max_features': 'sqrt', 'min_samples_leaf': 2, 'min_samples_split': 5, 'n_estimators': 25}	0.5775896234912629	0.45530331737228286	0.5925925925925926	0.5693121693121693	0.5083287771095316	0.5406252959755677	0.05140584264817234	1781
0.14023208618164062	0.011339204368506755	0.004058933258056641	0.0014582424428625671	balanced		sqrt	2	5	50	{'class_weight': 'balanced', 'max_depth': None, 'max_features': 'sqrt', 'min_samples_leaf': 2, 'min_samples_split': 5, 'n_estimators': 50}	0.539301954762889	0.47534581662748576	0.597037037037037	0.5037037037037037	0.5286302175191064	0.5288037459300444	0.040629513512176016	2128
0.31323795318603515	0.010208515499761739	0.005362606048583985	0.0016579971085016363	balanced		sqrt	2	5	100	{'class_weight': 'balanced', 'max_depth': None, 'max_features': 'sqrt', 'min_samples_leaf': 2, 'min_samples_split': 5, 'n_estimators': 100}	0.49009807396904165	0.5086741961741962	0.5878067073824066	0.5037037037037037	0.5869756846431933	0.5354516731745083	0.04284317720628776	1958
0.4588594436645508	0.021142941739673158	0.007453536987304688	0.0020489299607051904	balanced		sqrt	2	5	150	{'class_weight': 'balanced', 'max_depth': None, 'max_features': 'sqrt', 'min_samples_leaf': 2, 'min_samples_split': 5, 'n_estimators': 150}	0.5415813000558763	0.5156764139814987	0.6395326926700584	0.510815395869325	0.5179899949801804	0.5451191595113878	0.04838604494178045	1567
0.5931350231170655	0.019505988235567734	0.01201930046081543	0.0023292570798604333	balanced		sqrt	2	5	200	{'class_weight': 'balanced', 'max_depth': None, 'max_features': 'sqrt', 'min_samples_leaf': 2, 'min_samples_split': 5, 'n_estimators': 200}	0.5275751326171494	0.5578067765567766	0.5852278545826933	0.5434080773820741	0.5440445898461165	0.5516124861969619	0.019342915866383738	1224
0.8736506938934326	0.06861648455059882	0.015566349029541016	0.0036822846813133812	balanced		sqrt	2	5	300	{'class_weight': 'balanced', 'max_depth': None, 'max_features': 'sqrt', 'min_samples_leaf': 2, 'min_samples_split': 5, 'n_estimators': 300}	0.5364527945173106	0.5409907552764696	0.5733333333333334	0.5120327700972862	0.5068771218827209	0.5339373550214243	0.02374947602111467	2007
1.236214542388916	0.05378110232408678	0.021621894836425782	0.004787590694777291	balanced		sqrt	2	5	400	{'class_weight': 'balanced', 'max_depth': None, 'max_features': 'sqrt', 'min_samples_leaf': 2, 'min_samples_split': 5, 'n_estimators': 400}	0.5596301547914452	0.5494002060931195	0.5674392312040701	0.5608294930875576	0.49448559670781894	0.5463569363768023	0.026570636987599625	1500
1.5197964191436768	0.0580328203091051	0.02344517707824707	0.003572134775057967	balanced		sqrt	2	5	500	{'class_weight': 'balanced', 'max_depth': None, 'max_features': 'sqrt', 'min_samples_leaf': 2, 'min_samples_split': 5, 'n_estimators': 500}	0.5596301547914452	0.5494002060931195	0.5674392312040701	0.5286302175191064	0.48065033289952663	0.5371500285014535	0.031105181278002044	1903
1.8381035804748536	0.048049349190585955	0.02626457214355469	0.0013801313996027224	balanced		sqrt	2	5	600	{'class_weight': 'balanced', 'max_depth': None, 'max_features': 'sqrt', 'min_samples_leaf': 2, 'min_samples_split': 5, 'n_estimators': 600}	0.5506202480992397	0.5332404863654864	0.5449373737373737	0.5534391534391534	0.5218106995884774	0.5408095922459462	0.011756212402685939	1769
0.0880589485168457	0.010851737357239802	0.003405475616455078	0.0006988186202032494	balanced		sqrt	2	10	25	{'class_weight': 'balanced', 'max_depth': None, 'max_features': 'sqrt', 'min_samples_leaf': 2, 'min_samples_split': 10, 'n_estimators': 25}	0.5368199613494875	0.531043956043956	0.5548188262228679	0.5776486300063106	0.5824033867177165	0.5565469520680677	0.020767182825576217	964
0.166087007522583	0.013604691681558919	0.004307794570922852	0.0014903789395299871	balanced		sqrt	2	10	50	{'class_weight': 'balanced', 'max_depth': None, 'max_features': 'sqrt', 'min_samples_leaf': 2, 'min_samples_split': 10, 'n_estimators': 50}	0.5781159011928243	0.5553113553113553	0.5809983896940418	0.5878067073824066	0.5914703850260662	0.5787405477213389	0.012638505445250348	198
0.3122115612030029	0.026216230308777105	0.005830049514770508	0.0009993008986374215	balanced		sqrt	2	10	100	{'class_weight': 'balanced', 'max_depth': None, 'max_features': 'sqrt', 'min_samples_leaf': 2, 'min_samples_split': 10, 'n_estimators': 100}	0.5874231700502887	0.5686176714492661	0.6101718943824207	0.5521228545618789	0.6207407407407407	0.587815266236919	0.025402973564404133	59
0.44733242988586425	0.00632957033701767	0.007766580581665039	0.0021061782445803987	balanced		sqrt	2	10	150	{'class_weight': 'balanced', 'max_depth': None, 'max_features': 'sqrt', 'min_samples_leaf': 2, 'min_samples_split': 10, 'n_estimators': 150}	0.5775896234912629	0.5409907552764696	0.5600335249042145	0.5785675232367414	0.609626216077829	0.5733615285973035	0.022740313861115326	328
0.5899349212646484	0.011678145952469604	0.00910634994506836	0.001224025635944421	balanced		sqrt	2	10	200	{'class_weight': 'balanced', 'max_depth': None, 'max_features': 'sqrt', 'min_samples_leaf': 2, 'min_samples_split': 10, 'n_estimators': 200}	0.5686176714492661	0.5006867148599432	0.5600335249042145	0.5878067073824066	0.5449373737373737	0.5524163984666408	0.02934236460657828	1169
0.8894877910614014	0.020167372683765138	0.01727614402770996	0.000678337798428376	balanced		sqrt	2	10	300	{'class_weight': 'balanced', 'max_depth': None, 'max_features': 'sqrt', 'min_samples_leaf': 2, 'min_samples_split': 10, 'n_estimators': 300}	0.5874231700502887	0.5565421245421245	0.5693121693121693	0.5674392312040701	0.5695353535353536	0.5700504097288012	0.009918821552539524	425
1.20241060256958	0.024982363817589025	0.017868804931640624	0.0026547343205669777	balanced		sqrt	2	10	400	{'class_weight': 'balanced', 'max_depth': None, 'max_features': 'sqrt', 'min_samples_leaf': 2, 'min_samples_split': 10, 'n_estimators': 400}	0.5686176714492661	0.5717219376841179	0.5785675232367414	0.5496296296296296	0.5704594017094017	0.5677992327418314	0.009687357868436516	517
1.4695917606353759	0.02982781755147903	0.02593369483947754	0.003956101975325025	balanced		sqrt	2	10	500	{'class_weight': 'balanced', 'max_depth': None, 'max_features': 'sqrt', 'min_samples_leaf': 2, 'min_samples_split': 10, 'n_estimators': 500}	0.5686176714492661	0.5717219376841179	0.5824033867177165	0.5824033867177165	0.5617777777777778	0.573384832069319	0.008035961713855608	326
1.8264968872070313	0.06723645745764832	0.029754018783569335	0.007767785997725075	balanced		sqrt	2	10	600	{'class_weight': 'balanced', 'max_depth': None, 'max_features': 'sqrt', 'min_samples_leaf': 2, 'min_samples_split': 10, 'n_estimators': 600}	0.545299707743821	0.5805128205128205	0.5406989025118244	0.5824033867177165	0.5257575757575758	0.5549344786487516	0.022607806544104537	1042
0.06641769409179688	0.006293823121112927	0.0022364139556884767	0.0008727568938648464	balanced		sqrt	4	2	25	{'class_weight': 'balanced', 'max_depth': None, 'max_features': 'sqrt', 'min_samples_leaf': 4, 'min_samples_split': 2, 'n_estimators': 25}	0.5806410806410808	0.4868977176669485	0.4935910976412422	0.5046451133407656	0.5968041620215533	0.5325158342623181	0.04652301192423248	2044
0.14016270637512207	0.012055253243288556	0.0032070159912109377	0.0005845849974265858	balanced		sqrt	4	2	50	{'class_weight': 'balanced', 'max_depth': None, 'max_features': 'sqrt', 'min_samples_leaf': 4, 'min_samples_split': 2, 'n_estimators': 50}	0.5820082578031961	0.5097022635484174	0.5184476342371079	0.546031746031746	0.5496296296296296	0.5411639062500193	0.025571426889901844	1751
0.2789104461669922	0.007276059416379525	0.004600381851196289	0.000881227342006325	balanced		sqrt	4	2	100	{'class_weight': 'balanced', 'max_depth': None, 'max_features': 'sqrt', 'min_samples_leaf': 4, 'min_samples_split': 2, 'n_estimators': 100}	0.5874231700502887	0.5914774880292122	0.49551656920077974	0.5733333333333334	0.5521228545618789	0.5599746830350985	0.03504511192495068	834
0.41579790115356446	0.0440110345874232	0.008403158187866211	0.0028826457726469695	balanced		sqrt	4	2	150	{'class_weight': 'balanced', 'max_depth': None, 'max_features': 'sqrt', 'min_samples_leaf': 4, 'min_samples_split': 2, 'n_estimators': 150}	0.5415813000558763	0.5736653635813299	0.5413786992734361	0.5317416924852683	0.5674392312040701	0.5511612573199962	0.016346258005298188	1254
0.5337814331054688	0.02331712722956965	0.008587980270385742	0.0024214236626085156	balanced		sqrt	4	2	200	{'class_weight': 'balanced', 'max_depth': None, 'max_features': 'sqrt', 'min_samples_leaf': 4, 'min_samples_split': 2, 'n_estimators': 200}	0.5686176714492661	0.5541223803518884	0.5413786992734361	0.546031746031746	0.5674392312040701	0.5555179456620813	0.011005214573768853	1015
0.836983585357666	0.03073047348813691	0.01264657974243164	0.002057465900669819	balanced		sqrt	4	2	300	{'class_weight': 'balanced', 'max_depth': None, 'max_features': 'sqrt', 'min_samples_leaf': 4, 'min_samples_split': 2, 'n_estimators': 300}	0.5736653635813299	0.5596301547914452	0.546031746031746	0.5406989025118244	0.5914703850260662	0.5622993103884824	0.01853900980545546	704
1.1671472072601319	0.026124951943103387	0.020174837112426756	0.003102011926443465	balanced		sqrt	4	2	400	{'class_weight': 'balanced', 'max_depth': None, 'max_features': 'sqrt', 'min_samples_leaf': 4, 'min_samples_split': 2, 'n_estimators': 400}	0.5736653635813299	0.5541223803518884	0.546031746031746	0.5259259259259259	0.5608294930875576	0.5521149817956894	0.015920199218827057	1184
1.4352789402008057	0.08648937633046647	0.024228525161743165	0.0005570980045311532	balanced		sqrt	4	2	500	{'class_weight': 'balanced', 'max_depth': None, 'max_features': 'sqrt', 'min_samples_leaf': 4, 'min_samples_split': 2, 'n_estimators': 500}	0.5967104790634203	0.6010568666306372	0.5551546078610048	0.5317416924852683	0.5782480893592005	0.5725823470799062	0.026064346583924855	339
1.6876363277435302	0.01147659646044263	0.028930473327636718	0.002530954386223396	balanced		sqrt	4	2	600	{'class_weight': 'balanced', 'max_depth': None, 'max_features': 'sqrt', 'min_samples_leaf': 4, 'min_samples_split': 2, 'n_estimators': 600}	0.5736653635813299	0.5805128205128205	0.5693121693121693	0.5496296296296296	0.5869756846431933	0.5720191335358285	0.012705658214566587	365
0.07286877632141113	0.0033883983351368167	0.002277660369873047	0.0006846867611118363	balanced		sqrt	4	5	25	{'class_weight': 'balanced', 'max_depth': None, 'max_features': 'sqrt', 'min_samples_leaf': 4, 'min_samples_split': 5, 'n_estimators': 25}	0.5806410806410808	0.4868977176669485	0.4935910976412422	0.5046451133407656	0.5968041620215533	0.5325158342623181	0.04652301192423248	2044
0.14339036941528321	0.004515133293663542	0.005151033401489258	0.0007614415484700077	balanced		sqrt	4	5	50	{'class_weight': 'balanced', 'max_depth': None, 'max_features': 'sqrt', 'min_samples_leaf': 4, 'min_samples_split': 5, 'n_estimators': 50}	0.5820082578031961	0.5097022635484174	0.5184476342371079	0.546031746031746	0.5496296296296296	0.5411639062500193	0.025571426889901844	1751
0.27491259574890137	0.008656399145933255	0.005896377563476563	0.001823178461907704	balanced		sqrt	4	5	100	{'class_weight': 'balanced', 'max_depth': None, 'max_features': 'sqrt', 'min_samples_leaf': 4, 'min_samples_split': 5, 'n_estimators': 100}	0.5874231700502887	0.5914774880292122	0.49551656920077974	0.5733333333333334	0.5521228545618789	0.5599746830350985	0.03504511192495068	834
0.4398005962371826	0.039401612470763056	0.010161018371582032	0.0019152845665950098	balanced		sqrt	4	5	150	{'class_weight': 'balanced', 'max_depth': None, 'max_features': 'sqrt', 'min_samples_leaf': 4, 'min_samples_split': 5, 'n_estimators': 150}	0.5415813000558763	0.5736653635813299	0.5413786992734361	0.5317416924852683	0.5674392312040701	0.5511612573199962	0.016346258005298188	1254
0.540503740310669	0.02938510140463272	0.010117626190185547	0.002571375311699448	balanced		sqrt	4	5	200	{'class_weight': 'balanced', 'max_depth': None, 'max_features': 'sqrt', 'min_samples_leaf': 4, 'min_samples_split': 5, 'n_estimators': 200}	0.5686176714492661	0.5541223803518884	0.5413786992734361	0.546031746031746	0.5674392312040701	0.5555179456620813	0.011005214573768853	1015
0.8188602447509765	0.021624116549313274	0.015577983856201173	0.0025492657181262696	balanced		sqrt	4	5	300	{'class_weight': 'balanced', 'max_depth': None, 'max_features': 'sqrt', 'min_samples_leaf': 4, 'min_samples_split': 5, 'n_estimators': 300}	0.5736653635813299	0.5596301547914452	0.546031746031746	0.5406989025118244	0.5914703850260662	0.5622993103884824	0.01853900980545546	704
1.1569535732269287	0.05358456766661011	0.02043905258178711	0.003929993604044174	balanced		sqrt	4	5	400	{'class_weight': 'balanced', 'max_depth': None, 'max_features': 'sqrt', 'min_samples_leaf': 4, 'min_samples_split': 5, 'n_estimators': 400}	0.5736653635813299	0.5541223803518884	0.546031746031746	0.5259259259259259	0.5608294930875576	0.5521149817956894	0.015920199218827057	1184
1.3879365921020508	0.049151450869391176	0.025072193145751952	0.003877096467040132	balanced		sqrt	4	5	500	{'class_weight': 'balanced', 'max_depth': None, 'max_features': 'sqrt', 'min_samples_leaf': 4, 'min_samples_split': 5, 'n_estimators': 500}	0.5967104790634203	0.6010568666306372	0.5551546078610048	0.5317416924852683	0.5782480893592005	0.5725823470799062	0.026064346583924855	339
1.7221928596496583	0.02107820549546963	0.03369603157043457	0.004344020137279855	balanced		sqrt	4	5	600	{'class_weight': 'balanced', 'max_depth': None, 'max_features': 'sqrt', 'min_samples_leaf': 4, 'min_samples_split': 5, 'n_estimators': 600}	0.5736653635813299	0.5805128205128205	0.5693121693121693	0.5496296296296296	0.5869756846431933	0.5720191335358285	0.012705658214566587	365
0.07252063751220703	0.009470824090502298	0.002722311019897461	0.0011423083971099635	balanced		sqrt	4	10	25	{'class_weight': 'balanced', 'max_depth': None, 'max_features': 'sqrt', 'min_samples_leaf': 4, 'min_samples_split': 10, 'n_estimators': 25}	0.6105043288141879	0.5736653635813299	0.5314295427502975	0.5551546078610048	0.5346780594854555	0.5610863804984552	0.02902577406962396	784
0.13960447311401367	0.005550508906586369	0.0031869888305664064	0.0008909435347328875	balanced		sqrt	4	10	50	{'class_weight': 'balanced', 'max_depth': None, 'max_features': 'sqrt', 'min_samples_leaf': 4, 'min_samples_split': 10, 'n_estimators': 50}	0.5460860978102358	0.5781159011928243	0.5357009183096141	0.5496296296296296	0.5914703850260662	0.560200586393674	0.02102358895132522	823
0.27551660537719724	0.020976933587781944	0.0051575183868408205	0.0015115991855016565	balanced		sqrt	4	10	100	{'class_weight': 'balanced', 'max_depth': None, 'max_features': 'sqrt', 'min_samples_leaf': 4, 'min_samples_split': 10, 'n_estimators': 100}	0.6009204470742932	0.6291622356138484	0.5091592186559826	0.5642528049471155	0.609626216077829	0.5826241844738137	0.04234208763897102	130
0.4256618499755859	0.022659421180721867	0.009392976760864258	0.0034783669311340337	balanced		sqrt	4	10	150	{'class_weight': 'balanced', 'max_depth': None, 'max_features': 'sqrt', 'min_samples_leaf': 4, 'min_samples_split': 10, 'n_estimators': 150}	0.605984875339714	0.5775896234912629	0.5319890224394253	0.5831896551724138	0.6113606098176976	0.5820227572521027	0.02813994186706315	144
0.5709087371826171	0.016196038345220487	0.010242366790771484	0.0023551600423732826	balanced		sqrt	4	10	200	{'class_weight': 'balanced', 'max_depth': None, 'max_features': 'sqrt', 'min_samples_leaf': 4, 'min_samples_split': 10, 'n_estimators': 200}	0.591935635154711	0.5775896234912629	0.5368773946360154	0.5600335249042145	0.5824033867177165	0.569767912980784	0.019435980893485583	447
0.8334014415740967	0.04401142849227781	0.016410970687866212	0.004046301978169534	balanced		sqrt	4	10	300	{'class_weight': 'balanced', 'max_depth': None, 'max_features': 'sqrt', 'min_samples_leaf': 4, 'min_samples_split': 10, 'n_estimators': 300}	0.5596301547914452	0.5717219376841179	0.5548188262228679	0.5171450000765334	0.597037037037037	0.5600705911624002	0.025971728420032446	826
1.1219109535217284	0.033875500208631476	0.019134950637817384	0.0019841663386675843	balanced		sqrt	4	10	400	{'class_weight': 'balanced', 'max_depth': None, 'max_features': 'sqrt', 'min_samples_leaf': 4, 'min_samples_split': 10, 'n_estimators': 400}	0.5736653635813299	0.5629274955442795	0.5413786992734361	0.5551546078610048	0.5914703850260662	0.5649193102572234	0.016940661878192487	627
1.3953983783721924	0.06767951452347155	0.025315475463867188	0.0053356700790808745	balanced		sqrt	4	10	500	{'class_weight': 'balanced', 'max_depth': None, 'max_features': 'sqrt', 'min_samples_leaf': 4, 'min_samples_split': 10, 'n_estimators': 500}	0.5553113553113553	0.5717219376841179	0.5317416924852683	0.5551546078610048	0.5852278545826933	0.5598314895848879	0.01798721573067936	847
1.720048427581787	0.08270675352257224	0.02803936004638672	0.0016911764389781999	balanced		sqrt	4	10	600	{'class_weight': 'balanced', 'max_depth': None, 'max_features': 'sqrt', 'min_samples_leaf': 4, 'min_samples_split': 10, 'n_estimators': 600}	0.5736653635813299	0.5629274955442795	0.5600335249042145	0.5693121693121693	0.5914703850260662	0.5714817876736119	0.01107481743387896	385
0.045249319076538085	0.005151340881321872	0.0026813507080078124	0.0013956289089594326	balanced		log2	1	2	25	{'class_weight': 'balanced', 'max_depth': None, 'max_features': 'log2', 'min_samples_leaf': 1, 'min_samples_split': 2, 'n_estimators': 25}	0.5364527945173106	0.5086741961741962	0.5171450000765334	0.46939102564102564	0.5038212815990594	0.5070968596016251	0.021898325773244926	2378
0.08369078636169433	0.002966664591329546	0.004305839538574219	0.001478572674205592	balanced		log2	1	2	50	{'class_weight': 'balanced', 'max_depth': None, 'max_features': 'log2', 'min_samples_leaf': 1, 'min_samples_split': 2, 'n_estimators': 50}	0.47654903494725526	0.5644350920946666	0.5037037037037037	0.49193540011424414	0.5369121312666105	0.514707072425296	0.03181697529817803	2331
0.1777928352355957	0.025485913956710043	0.006055164337158203	0.0023108807895202	balanced		log2	1	2	100	{'class_weight': 'balanced', 'max_depth': None, 'max_features': 'log2', 'min_samples_leaf': 1, 'min_samples_split': 2, 'n_estimators': 100}	0.46842533241871814	0.5742613991808406	0.536431131592422	0.49465811965811973	0.5102222222222222	0.5167996410144645	0.036223838040555664	2314
0.23775215148925782	0.02471293162192234	0.010097742080688477	0.004187234341284465	balanced		log2	1	2	150	{'class_weight': 'balanced', 'max_depth': None, 'max_features': 'log2', 'min_samples_leaf': 1, 'min_samples_split': 2, 'n_estimators': 150}	0.49267399267399264	0.5404995004995006	0.5763324299909666	0.49465811965811973	0.5704594017094017	0.5349246889063963	0.0358187473012851	1992
0.3263493537902832	0.008332992899632687	0.012088966369628907	0.001581475055093287	balanced		log2	1	2	200	{'class_weight': 'balanced', 'max_depth': None, 'max_features': 'log2', 'min_samples_leaf': 1, 'min_samples_split': 2, 'n_estimators': 200}	0.5086007326007326	0.5660273060273061	0.5449373737373737	0.4868485778900279	0.5700991847120528	0.5353026349934986	0.03258349494542732	1965
0.48256969451904297	0.011691489028407167	0.01571621894836426	0.004520690685807015	balanced		log2	1	2	300	{'class_weight': 'balanced', 'max_depth': None, 'max_features': 'log2', 'min_samples_leaf': 1, 'min_samples_split': 2, 'n_estimators': 300}	0.5006867148599432	0.5457477305303392	0.5763324299909666	0.4868485778900279	0.5440445898461165	0.5307320086234787	0.03259009150757531	2088
0.6314520835876465	0.026533696480553662	0.01997547149658203	0.004386342462346874	balanced		log2	1	2	400	{'class_weight': 'balanced', 'max_depth': None, 'max_features': 'log2', 'min_samples_leaf': 1, 'min_samples_split': 2, 'n_estimators': 400}	0.5086741961741962	0.5303427915368214	0.5279627096316563	0.49465811965811973	0.5491358024691358	0.5221547238939859	0.018796508309996938	2246
0.8195852756500244	0.03486226313905688	0.023243045806884764	0.0026860134211579598	balanced		log2	1	2	500	{'class_weight': 'balanced', 'max_depth': None, 'max_features': 'log2', 'min_samples_leaf': 1, 'min_samples_split': 2, 'n_estimators': 500}	0.4918550807098416	0.5149716949716949	0.5279627096316563	0.49465811965811973	0.5016042780748663	0.5062103766092357	0.013495702990943022	2385
0.9686761856079101	0.01588992132603573	0.0313056468963623	0.0033178375472453286	balanced		log2	1	2	600	{'class_weight': 'balanced', 'max_depth': None, 'max_features': 'log2', 'min_samples_leaf': 1, 'min_samples_split': 2, 'n_estimators': 600}	0.5086741961741962	0.5484590597372552	0.5440445898461165	0.5199252136752136	0.5292929292929294	0.5300791977451421	0.014796940266194117	2106
0.03896174430847168	0.003790108920919713	0.002583599090576172	0.001071256724410448	balanced		log2	1	5	25	{'class_weight': 'balanced', 'max_depth': None, 'max_features': 'log2', 'min_samples_leaf': 1, 'min_samples_split': 5, 'n_estimators': 25}	0.591935635154711	0.5186603650586702	0.5711976911976913	0.47949412827461607	0.5534391534391534	0.5429453946249684	0.03981000066652786	1659
0.08459973335266113	0.0040811963634495635	0.003879404067993164	0.0014580518144185854	balanced		log2	1	5	50	{'class_weight': 'balanced', 'max_depth': None, 'max_features': 'log2', 'min_samples_leaf': 1, 'min_samples_split': 5, 'n_estimators': 50}	0.5168323739752311	0.5168323739752311	0.606345785440613	0.5434080773820741	0.5203393939393939	0.5407516009425086	0.03426534966757995	1775
0.16374821662902833	0.003600894287153181	0.00663447380065918	0.0021141855871791826	balanced		log2	1	5	100	{'class_weight': 'balanced', 'max_depth': None, 'max_features': 'log2', 'min_samples_leaf': 1, 'min_samples_split': 5, 'n_estimators': 100}	0.4763299692433551	0.5245984784446323	0.6113606098176976	0.5346780594854555	0.476931651213457	0.5247797536409194	0.049459228642735865	2191
0.2398909091949463	0.02358319343902942	0.00932316780090332	0.0024969024724015667	balanced		log2	1	5	150	{'class_weight': 'balanced', 'max_depth': None, 'max_features': 'log2', 'min_samples_leaf': 1, 'min_samples_split': 5, 'n_estimators': 150}	0.49267399267399264	0.5496196111580728	0.6301287139499774	0.5914703850260662	0.49465811965811973	0.5517101644932457	0.053805055249307544	1218
0.30554895401000975	0.02282026330293112	0.009183835983276368	0.002005530062952702	balanced		log2	1	5	200	{'class_weight': 'balanced', 'max_depth': None, 'max_features': 'log2', 'min_samples_leaf': 1, 'min_samples_split': 5, 'n_estimators': 200}	0.4763299692433551	0.5737569517097076	0.6155015388480624	0.5199252136752136	0.4994107744107744	0.5369848895774226	0.050791563865126885	1908
0.4999692440032959	0.03834419487603481	0.012440919876098633	0.0009623834741928423	balanced		log2	1	5	300	{'class_weight': 'balanced', 'max_depth': None, 'max_features': 'log2', 'min_samples_leaf': 1, 'min_samples_split': 5, 'n_estimators': 300}	0.4685156113727542	0.5737569517097076	0.5914703850260662	0.536431131592422	0.5257575757575758	0.5391863310917052	0.04268728926840943	1828
0.6730119228363037	0.006273060494615972	0.018552112579345702	0.00282908768428337	balanced		log2	1	5	400	{'class_weight': 'balanced', 'max_depth': None, 'max_features': 'log2', 'min_samples_leaf': 1, 'min_samples_split': 5, 'n_estimators': 400}	0.48463003663003656	0.5578160800432915	0.5449373737373737	0.5286302175191064	0.48736029994952773	0.5206748015758672	0.029801062784835613	2268
0.8352602481842041	0.05112419520689891	0.022847700119018554	0.0030029768771683563	balanced		log2	1	5	500	{'class_weight': 'balanced', 'max_depth': None, 'max_features': 'log2', 'min_samples_leaf': 1, 'min_samples_split': 5, 'n_estimators': 500}	0.484107905982906	0.5496196111580728	0.5521228545618789	0.5038212815990594	0.4802218311736789	0.5139786968951192	0.03117760334650171	2336
0.9401979923248291	0.03973001728944584	0.02605152130126953	0.00340538357878952	balanced		log2	1	5	600	{'class_weight': 'balanced', 'max_depth': None, 'max_features': 'log2', 'min_samples_leaf': 1, 'min_samples_split': 5, 'n_estimators': 600}	0.5006867148599432	0.606939356939357	0.536431131592422	0.5120327700972862	0.4994107744107744	0.5311001495799565	0.040181496270142086	2076
0.04280343055725098	0.004598294440190796	0.001893329620361328	0.0003322404569303633	balanced		log2	1	10	25	{'class_weight': 'balanced', 'max_depth': None, 'max_features': 'log2', 'min_samples_leaf': 1, 'min_samples_split': 10, 'n_estimators': 25}	0.5186603650586702	0.5460860978102358	0.49040344692518606	0.48160535117056863	0.4994107744107744	0.5072332070750869	0.022984104663061524	2375
0.08131742477416992	0.00415484522380542	0.0033759593963623045	0.0015077102289479019	balanced		log2	1	10	50	{'class_weight': 'balanced', 'max_depth': None, 'max_features': 'log2', 'min_samples_leaf': 1, 'min_samples_split': 10, 'n_estimators': 50}	0.5306551372125142	0.5645022350530825	0.6247515808491417	0.47851851851851845	0.465880805248308	0.532861655376313	0.05811947043032386	2037
0.15520281791687013	0.008823675581984273	0.005534744262695313	0.001542232664131042	balanced		log2	1	10	100	{'class_weight': 'balanced', 'max_depth': None, 'max_features': 'log2', 'min_samples_leaf': 1, 'min_samples_split': 10, 'n_estimators': 100}	0.539301954762889	0.5874231700502887	0.5878067073824066	0.5406989025118244	0.5617777777777778	0.5634017024970372	0.021314254696699095	676
0.25022544860839846	0.031988278722715015	0.007732486724853516	0.0024731715434288294	balanced		log2	1	10	150	{'class_weight': 'balanced', 'max_depth': None, 'max_features': 'log2', 'min_samples_leaf': 1, 'min_samples_split': 10, 'n_estimators': 150}	0.5086007326007326	0.5629274955442795	0.5434080773820741	0.6113606098176976	0.5440445898461165	0.5540683010381799	0.03359258521358115	1098
0.3145462989807129	0.01035595103032076	0.007831811904907227	0.0005231746172793877	balanced		log2	1	10	200	{'class_weight': 'balanced', 'max_depth': None, 'max_features': 'log2', 'min_samples_leaf': 1, 'min_samples_split': 10, 'n_estimators': 200}	0.5156764139814987	0.539301954762889	0.5279132791327914	0.5914703850260662	0.5068771218827209	0.5362478309571933	0.029712437302075838	1937
0.48104634284973147	0.034894382193804724	0.015396213531494141	0.0018701151980188434	balanced		log2	1	10	300	{'class_weight': 'balanced', 'max_depth': None, 'max_features': 'log2', 'min_samples_leaf': 1, 'min_samples_split': 10, 'n_estimators': 300}	0.49267399267399264	0.539301954762889	0.5203393939393939	0.606266050333847	0.533532412591763	0.5384227608603771	0.03754293106420443	1856
0.6165262222290039	0.018127405481371137	0.01967935562133789	0.003176423309773031	balanced		log2	1	10	400	{'class_weight': 'balanced', 'max_depth': None, 'max_features': 'log2', 'min_samples_leaf': 1, 'min_samples_split': 10, 'n_estimators': 400}	0.539301954762889	0.5409907552764696	0.5286302175191064	0.5642528049471155	0.4802218311736789	0.5306795127358519	0.027777729996020125	2090
0.7881572246551514	0.02261478871137672	0.02844071388244629	0.004556713484615198	balanced		log2	1	10	500	{'class_weight': 'balanced', 'max_depth': None, 'max_features': 'log2', 'min_samples_leaf': 1, 'min_samples_split': 10, 'n_estimators': 500}	0.539301954762889	0.5578067765567766	0.5120327700972862	0.5733333333333334	0.5257575757575758	0.5416464821015723	0.02190953103005899	1731
0.9866708755493164	0.054576374426904536	0.02894768714904785	0.004368219026540565	balanced		log2	1	10	600	{'class_weight': 'balanced', 'max_depth': None, 'max_features': 'log2', 'min_samples_leaf': 1, 'min_samples_split': 10, 'n_estimators': 600}	0.5325714285714286	0.5662177518254745	0.5118803545783192	0.5496296296296296	0.5143413367942894	0.5349281002798283	0.020764125665884186	1990
0.04242067337036133	0.006266916866396568	0.0022765159606933593	0.0009867017070459715	balanced		log2	2	2	25	{'class_weight': 'balanced', 'max_depth': None, 'max_features': 'log2', 'min_samples_leaf': 2, 'min_samples_split': 2, 'n_estimators': 25}	0.5717219376841179	0.5874231700502887	0.5962962962962963	0.606266050333847	0.5619439079549019	0.5847302724638903	0.016082596273275348	90
0.08093500137329102	0.006278693764887777	0.003274393081665039	0.0006571265767213657	balanced		log2	2	2	50	{'class_weight': 'balanced', 'max_depth': None, 'max_features': 'log2', 'min_samples_leaf': 2, 'min_samples_split': 2, 'n_estimators': 50}	0.545299707743821	0.5686176714492661	0.5693121693121693	0.5279132791327914	0.5601877033008051	0.5542661061877705	0.015762515968034803	1079
0.16341519355773926	0.008330317219074316	0.006251764297485351	0.0016493484673869166	balanced		log2	2	2	100	{'class_weight': 'balanced', 'max_depth': None, 'max_features': 'log2', 'min_samples_leaf': 2, 'min_samples_split': 2, 'n_estimators': 100}	0.5596301547914452	0.5325484274743367	0.5733333333333334	0.5763324299909666	0.5218106995884774	0.5527310090357118	0.021874565982092777	1164
0.2575441837310791	0.006505157546403688	0.008334875106811523	0.0029166061664239106	balanced		log2	2	2	150	{'class_weight': 'balanced', 'max_depth': None, 'max_features': 'log2', 'min_samples_leaf': 2, 'min_samples_split': 2, 'n_estimators': 150}	0.5736653635813299	0.5149716949716949	0.5434080773820741	0.5878067073824066	0.5102222222222222	0.5460148131079455	0.03086323115167113	1518
0.32190713882446287	0.021996069319622794	0.010928821563720704	0.0026399659013166183	balanced		log2	2	2	200	{'class_weight': 'balanced', 'max_depth': None, 'max_features': 'log2', 'min_samples_leaf': 2, 'min_samples_split': 2, 'n_estimators': 200}	0.5775896234912629	0.5166426377483858	0.558540723101586	0.5763324299909666	0.48736029994952773	0.5432931428563458	0.035606359319055314	1643
0.46000008583068847	0.03248340854677995	0.016129112243652342	0.004241526258046903	balanced		log2	2	2	300	{'class_weight': 'balanced', 'max_depth': None, 'max_features': 'log2', 'min_samples_leaf': 2, 'min_samples_split': 2, 'n_estimators': 300}	0.5541223803518884	0.5166426377483858	0.5521228545618789	0.5521228545618789	0.536	0.5422021454448064	0.014357492683703966	1705
0.6841133117675782	0.04521413406048627	0.02423720359802246	0.003530498202072661	balanced		log2	2	2	400	{'class_weight': 'balanced', 'max_depth': None, 'max_features': 'log2', 'min_samples_leaf': 2, 'min_samples_split': 2, 'n_estimators': 400}	0.5306551372125142	0.5414301947869302	0.536431131592422	0.5674392312040701	0.533532412591763	0.54189762147754	0.013257790154845612	1716
0.8242783069610595	0.03893426573470153	0.029866933822631836	0.008170255037689273	balanced		log2	2	2	500	{'class_weight': 'balanced', 'max_depth': None, 'max_features': 'log2', 'min_samples_leaf': 2, 'min_samples_split': 2, 'n_estimators': 500}	0.5086007326007326	0.5746407438715131	0.5674392312040701	0.5496296296296296	0.5218106995884774	0.5444242073788845	0.02555198191867105	1593
0.920427942276001	0.024364185084546387	0.027896881103515625	0.0039963113988169575	balanced		log2	2	2	600	{'class_weight': 'balanced', 'max_depth': None, 'max_features': 'log2', 'min_samples_leaf': 2, 'min_samples_split': 2, 'n_estimators': 600}	0.5086007326007326	0.5578160800432915	0.5449373737373737	0.5496296296296296	0.49448559670781894	0.5310938825437692	0.02488131987603724	2078
0.042609643936157224	0.003731758060033671	0.002268409729003906	0.0009489255764142948	balanced		log2	2	5	25	{'class_weight': 'balanced', 'max_depth': None, 'max_features': 'log2', 'min_samples_leaf': 2, 'min_samples_split': 5, 'n_estimators': 25}	0.5736653635813299	0.5275751326171494	0.6085719569268411	0.49574141414141415	0.5496296296296296	0.5510366993792728	0.03855478137503715	1264
0.0811551570892334	0.006768314301676866	0.004456663131713867	0.001584478566018844	balanced		log2	2	5	50	{'class_weight': 'balanced', 'max_depth': None, 'max_features': 'log2', 'min_samples_leaf': 2, 'min_samples_split': 5, 'n_estimators': 50}	0.5541223803518884	0.5717219376841179	0.6134920634920635	0.48695273225319446	0.536	0.5524578227562529	0.04161930376599344	1167
0.1596578598022461	0.006622503745981799	0.006240224838256836	0.0018141743701031606	balanced		log2	2	5	100	{'class_weight': 'balanced', 'max_depth': None, 'max_features': 'log2', 'min_samples_leaf': 2, 'min_samples_split': 5, 'n_estimators': 100}	0.5364527945173106	0.5828075150655795	0.6113606098176976	0.48695273225319446	0.5118803545783192	0.5458908012464203	0.04553816426646579	1524
0.22993311882019044	0.010557856844190807	0.008563661575317382	0.0027191917442256925	balanced		log2	2	5	150	{'class_weight': 'balanced', 'max_depth': None, 'max_features': 'log2', 'min_samples_leaf': 2, 'min_samples_split': 5, 'n_estimators': 150}	0.5506202480992397	0.5805128205128205	0.6155015388480624	0.48695273225319446	0.5789937680498556	0.5625162215526345	0.04302135762876267	694
0.31798291206359863	0.013219948420548924	0.012844705581665039	0.0007336301944365068	balanced		log2	2	5	200	{'class_weight': 'balanced', 'max_depth': None, 'max_features': 'log2', 'min_samples_leaf': 2, 'min_samples_split': 5, 'n_estimators': 200}	0.5364527945173106	0.565149136577708	0.5763324299909666	0.5346780594854555	0.4802218311736789	0.538566850349024	0.033336436929723476	1850
0.46366062164306643	0.009821112802383153	0.015049600601196289	0.0034222904598377514	balanced		log2	2	5	300	{'class_weight': 'balanced', 'max_depth': None, 'max_features': 'log2', 'min_samples_leaf': 2, 'min_samples_split': 5, 'n_estimators': 300}	0.5132754342431762	0.5578067765567766	0.5852278545826933	0.5203393939393939	0.5440445898461165	0.5441388098336313	0.02605414339365566	1615
0.6257092952728271	0.013927995435685661	0.018894338607788087	0.001959964703569978	balanced		log2	2	5	400	{'class_weight': 'balanced', 'max_depth': None, 'max_features': 'log2', 'min_samples_leaf': 2, 'min_samples_split': 5, 'n_estimators': 400}	0.5506202480992397	0.5409907552764696	0.5695353535353536	0.4876344086021505	0.5521043771043772	0.5401770285235182	0.027837466789226287	1795
0.7762410163879394	0.010967417963926496	0.02481541633605957	0.0026378517924675526	balanced		log2	2	5	500	{'class_weight': 'balanced', 'max_depth': None, 'max_features': 'log2', 'min_samples_leaf': 2, 'min_samples_split': 5, 'n_estimators': 500}	0.539301954762889	0.5578067765567766	0.5534391534391534	0.510815395869325	0.5143413367942894	0.5351409234844866	0.019443427663389825	1973
0.9249804019927979	0.07259609382881793	0.028148460388183593	0.005492725690926715	balanced		log2	2	5	600	{'class_weight': 'balanced', 'max_depth': None, 'max_features': 'log2', 'min_samples_leaf': 2, 'min_samples_split': 5, 'n_estimators': 600}	0.5479287119999022	0.5578067765567766	0.5449373737373737	0.5037037037037037	0.5143413367942894	0.5337435805584091	0.020901663215782185	2011
0.040428781509399415	0.003291612918278518	0.0028435707092285155	0.001352671521486737	balanced		log2	2	10	25	{'class_weight': 'balanced', 'max_depth': None, 'max_features': 'log2', 'min_samples_leaf': 2, 'min_samples_split': 10, 'n_estimators': 25}	0.545299707743821	0.5306551372125142	0.5583496540018279	0.5642528049471155	0.5869756846431933	0.5571065977096943	0.01888839979546505	940
0.07861862182617188	0.005772310953582433	0.003911638259887695	0.0008630828778051582	balanced		log2	2	10	50	{'class_weight': 'balanced', 'max_depth': None, 'max_features': 'log2', 'min_samples_leaf': 2, 'min_samples_split': 10, 'n_estimators': 50}	0.5460860978102358	0.5006867148599432	0.5191026899386904	0.5785675232367414	0.6155015388480624	0.5519889129387346	0.04120324888315713	1190
0.1563106060028076	0.007040275978679007	0.007600736618041992	0.0019588273733649954	balanced		log2	2	10	100	{'class_weight': 'balanced', 'max_depth': None, 'max_features': 'log2', 'min_samples_leaf': 2, 'min_samples_split': 10, 'n_estimators': 100}	0.5415813000558763	0.5565421245421245	0.5319890224394253	0.6005420054200542	0.5451923076923078	0.5551693520299577	0.024008608581587893	1033
0.23629817962646485	0.0173148905677964	0.009546899795532226	0.0024710982054683256	balanced		log2	2	10	150	{'class_weight': 'balanced', 'max_depth': None, 'max_features': 'log2', 'min_samples_leaf': 2, 'min_samples_split': 10, 'n_estimators': 150}	0.5364527945173106	0.5565421245421245	0.5171450000765334	0.6444444444444445	0.5534782388407559	0.5616125204842338	0.043734140580912816	748
0.29765625	0.00938911253190374	0.010586309432983398	0.0018918457037172774	balanced		log2	2	10	200	{'class_weight': 'balanced', 'max_depth': None, 'max_features': 'log2', 'min_samples_leaf': 2, 'min_samples_split': 10, 'n_estimators': 200}	0.568781792919724	0.5737569517097076	0.49534576973808175	0.6005420054200542	0.49193540011424414	0.5460723839803623	0.04416581170798221	1508
0.46398158073425294	0.037284188840670814	0.02185678482055664	0.012773855795603091	balanced		log2	2	10	300	{'class_weight': 'balanced', 'max_depth': None, 'max_features': 'log2', 'min_samples_leaf': 2, 'min_samples_split': 10, 'n_estimators': 300}	0.5541223803518884	0.5479287119999022	0.49534576973808175	0.6349145122529887	0.4994107744107744	0.5463444297507271	0.050420823688058565	1502
0.6181946754455566	0.026632937758104772	0.021098756790161134	0.005919201438468062	balanced		log2	2	10	400	{'class_weight': 'balanced', 'max_depth': None, 'max_features': 'log2', 'min_samples_leaf': 2, 'min_samples_split': 10, 'n_estimators': 400}	0.5596301547914452	0.539301954762889	0.5120327700972862	0.597037037037037	0.5068771218827209	0.5429758077142757	0.03308796664558022	1657
0.793879222869873	0.03170349751601885	0.023427820205688475	0.0031522260698320886	balanced		log2	2	10	500	{'class_weight': 'balanced', 'max_depth': None, 'max_features': 'log2', 'min_samples_leaf': 2, 'min_samples_split': 10, 'n_estimators': 500}	0.5828075150655795	0.5865530363256697	0.5521228545618789	0.5925925925925926	0.5257575757575758	0.5679667148606593	0.025317084679646336	509
0.8941686153411865	0.009800997418689119	0.02566680908203125	0.004049201504563507	balanced		log2	2	10	600	{'class_weight': 'balanced', 'max_depth': None, 'max_features': 'log2', 'min_samples_leaf': 2, 'min_samples_split': 10, 'n_estimators': 600}	0.5686176714492661	0.5717219376841179	0.5674392312040701	0.5600335249042145	0.5440445898461165	0.5623713910175571	0.009934475381141698	699
0.03585968017578125	0.005638641394767241	0.0027744293212890623	0.0009439792090835574	balanced		log2	4	2	25	{'class_weight': 'balanced', 'max_depth': None, 'max_features': 'log2', 'min_samples_leaf': 4, 'min_samples_split': 2, 'n_estimators': 25}	0.5275751326171494	0.5686176714492661	0.5388522777849564	0.5191026899386904	0.558540723101586	0.5425376989783296	0.018562985295192104	1681
0.077532958984375	0.006831555102980788	0.004045009613037109	0.0013061890007884647	balanced		log2	4	2	50	{'class_weight': 'balanced', 'max_depth': None, 'max_features': 'log2', 'min_samples_leaf': 4, 'min_samples_split': 2, 'n_estimators': 50}	0.49009807396904165	0.591935635154711	0.5406989025118244	0.4809235209235209	0.5733333333333334	0.5353978931784862	0.04400737538287235	1961
0.14843153953552246	0.00594072627134752	0.005701637268066407	0.002155648677610939	balanced		log2	4	2	100	{'class_weight': 'balanced', 'max_depth': None, 'max_features': 'log2', 'min_samples_leaf': 4, 'min_samples_split': 2, 'n_estimators': 100}	0.49866378033293085	0.5717219376841179	0.558540723101586	0.5643097643097642	0.5369121312666105	0.5460296673390019	0.026372098638313708	1510
0.22726502418518066	0.007532114493268483	0.008230829238891601	0.0017592297767186416	balanced		log2	4	2	150	{'class_weight': 'balanced', 'max_depth': None, 'max_features': 'log2', 'min_samples_leaf': 4, 'min_samples_split': 2, 'n_estimators': 150}	0.5275751326171494	0.5805128205128205	0.5737643998513563	0.5368773946360154	0.5534391534391534	0.554433780211299	0.02041760077084262	1069
0.2916621208190918	0.014109383701285085	0.014095115661621093	0.0043262715592772465	balanced		log2	4	2	200	{'class_weight': 'balanced', 'max_depth': None, 'max_features': 'log2', 'min_samples_leaf': 4, 'min_samples_split': 2, 'n_estimators': 200}	0.5415813000558763	0.5865530363256697	0.5968041620215533	0.5368773946360154	0.5534391534391534	0.5630510092956535	0.024207498365818224	688
0.4741692066192627	0.011444789195070141	0.015866422653198244	0.0026864886943770887	balanced		log2	4	2	300	{'class_weight': 'balanced', 'max_depth': None, 'max_features': 'log2', 'min_samples_leaf': 4, 'min_samples_split': 2, 'n_estimators': 300}	0.5306551372125142	0.6010568666306372	0.6158730158730159	0.5831896551724138	0.5782480893592005	0.5818045528495563	0.028851833285668125	148
0.6078278064727783	0.047498368735516446	0.017064857482910156	0.002410034685975211	balanced		log2	4	2	400	{'class_weight': 'balanced', 'max_depth': None, 'max_features': 'log2', 'min_samples_leaf': 4, 'min_samples_split': 2, 'n_estimators': 400}	0.545299707743821	0.5775896234912629	0.5831896551724138	0.6004784337897533	0.5782480893592005	0.5769611019112902	0.017868156206524807	248
0.7878679275512696	0.07836617097832231	0.027184057235717773	0.006586974201265758	balanced		log2	4	2	500	{'class_weight': 'balanced', 'max_depth': None, 'max_features': 'log2', 'min_samples_leaf': 4, 'min_samples_split': 2, 'n_estimators': 500}	0.5736653635813299	0.591935635154711	0.5785675232367414	0.5680205415499533	0.5695353535353536	0.5763448834116178	0.008612268676643709	265
0.9263500213623047	0.05301942209922272	0.025838327407836915	0.004191495566608552	balanced		log2	4	2	600	{'class_weight': 'balanced', 'max_depth': None, 'max_features': 'log2', 'min_samples_leaf': 4, 'min_samples_split': 2, 'n_estimators': 600}	0.5596301547914452	0.6010568666306372	0.5785675232367414	0.5413786992734361	0.5451923076923078	0.5651651103249135	0.022195426425445985	617
0.04298624992370605	0.003809460567006943	0.0026300430297851564	0.0011064873601902838	balanced		log2	4	5	25	{'class_weight': 'balanced', 'max_depth': None, 'max_features': 'log2', 'min_samples_leaf': 4, 'min_samples_split': 5, 'n_estimators': 25}	0.5275751326171494	0.5686176714492661	0.5388522777849564	0.5191026899386904	0.558540723101586	0.5425376989783296	0.018562985295192104	1681
0.08564605712890624	0.0059612139432835025	0.004787349700927734	0.0012838463888427327	balanced		log2	4	5	50	{'class_weight': 'balanced', 'max_depth': None, 'max_features': 'log2', 'min_samples_leaf': 4, 'min_samples_split': 5, 'n_estimators': 50}	0.49009807396904165	0.591935635154711	0.5406989025118244	0.4809235209235209	0.5733333333333334	0.5353978931784862	0.04400737538287235	1961
0.15587778091430665	0.016826904603826638	0.006160593032836914	0.0018617191926046113	balanced		log2	4	5	100	{'class_weight': 'balanced', 'max_depth': None, 'max_features': 'log2', 'min_samples_leaf': 4, 'min_samples_split': 5, 'n_estimators': 100}	0.49866378033293085	0.5717219376841179	0.558540723101586	0.5643097643097642	0.5369121312666105	0.5460296673390019	0.026372098638313708	1510
0.2359854221343994	0.01705409022562572	0.007999086380004882	0.0027061004575312094	balanced		log2	4	5	150	{'class_weight': 'balanced', 'max_depth': None, 'max_features': 'log2', 'min_samples_leaf': 4, 'min_samples_split': 5, 'n_estimators': 150}	0.5275751326171494	0.5805128205128205	0.5737643998513563	0.5368773946360154	0.5534391534391534	0.554433780211299	0.02041760077084262	1069
0.29958338737487794	0.011557415964334483	0.01148362159729004	0.0030085149003316906	balanced		log2	4	5	200	{'class_weight': 'balanced', 'max_depth': None, 'max_features': 'log2', 'min_samples_leaf': 4, 'min_samples_split': 5, 'n_estimators': 200}	0.5415813000558763	0.5865530363256697	0.5968041620215533	0.5368773946360154	0.5534391534391534	0.5630510092956535	0.024207498365818224	688
0.46088876724243166	0.04179695481513883	0.0161379337310791	0.0035634863072019044	balanced		log2	4	5	300	{'class_weight': 'balanced', 'max_depth': None, 'max_features': 'log2', 'min_samples_leaf': 4, 'min_samples_split': 5, 'n_estimators': 300}	0.5306551372125142	0.6010568666306372	0.6158730158730159	0.5831896551724138	0.5782480893592005	0.5818045528495563	0.028851833285668125	148
0.6283838748931885	0.03611060951585955	0.01802654266357422	0.0012990097634761528	balanced		log2	4	5	400	{'class_weight': 'balanced', 'max_depth': None, 'max_features': 'log2', 'min_samples_leaf': 4, 'min_samples_split': 5, 'n_estimators': 400}	0.545299707743821	0.5775896234912629	0.5831896551724138	0.6004784337897533	0.5782480893592005	0.5769611019112902	0.017868156206524807	248
0.746213722229004	0.01309832672289091	0.026677608489990234	0.002537580967565525	balanced		log2	4	5	500	{'class_weight': 'balanced', 'max_depth': None, 'max_features': 'log2', 'min_samples_leaf': 4, 'min_samples_split': 5, 'n_estimators': 500}	0.5736653635813299	0.591935635154711	0.5785675232367414	0.5680205415499533	0.5695353535353536	0.5763448834116178	0.008612268676643709	265
0.8820791244506836	0.01603706049530961	0.02753448486328125	0.0011273031997280955	balanced		log2	4	5	600	{'class_weight': 'balanced', 'max_depth': None, 'max_features': 'log2', 'min_samples_leaf': 4, 'min_samples_split': 5, 'n_estimators': 600}	0.5596301547914452	0.6010568666306372	0.5785675232367414	0.5413786992734361	0.5451923076923078	0.5651651103249135	0.022195426425445985	617
0.04496750831604004	0.00571112508437216	0.0019298076629638671	0.0002273211516550643	balanced		log2	4	10	25	{'class_weight': 'balanced', 'max_depth': None, 'max_features': 'log2', 'min_samples_leaf': 4, 'min_samples_split': 10, 'n_estimators': 25}	0.5021385551736187	0.5853758912627709	0.4713672452656818	0.5368773946360154	0.606266050333847	0.5404050273343868	0.05020564786964136	1787
0.0705453872680664	0.00286065211833319	0.003122901916503906	0.0011391936765768036	balanced		log2	4	10	50	{'class_weight': 'balanced', 'max_depth': None, 'max_features': 'log2', 'min_samples_leaf': 4, 'min_samples_split': 10, 'n_estimators': 50}	0.5186603650586702	0.5775896234912629	0.5548188262228679	0.5227513227513227	0.6005420054200542	0.5548724285888356	0.03144793491066948	1047
0.14471120834350587	0.010236269789423696	0.005923032760620117	0.002020459524864989	balanced		log2	4	10	100	{'class_weight': 'balanced', 'max_depth': None, 'max_features': 'log2', 'min_samples_leaf': 4, 'min_samples_split': 10, 'n_estimators': 100}	0.5553113553113553	0.5775896234912629	0.5872408293460926	0.5413786992734361	0.6005420054200542	0.5724125025684402	0.02141726859902934	350
0.2138927936553955	0.007998096407868867	0.010332965850830078	0.0029163857723050707	balanced		log2	4	10	150	{'class_weight': 'balanced', 'max_depth': None, 'max_features': 'log2', 'min_samples_leaf': 4, 'min_samples_split': 10, 'n_estimators': 150}	0.5364527945173106	0.6193083890525493	0.6004784337897533	0.5551546078610048	0.5608294930875576	0.5744447436616351	0.030631266009210862	299
0.297777795791626	0.015459533400164552	0.010239362716674805	0.0019653817632462596	balanced		log2	4	10	200	{'class_weight': 'balanced', 'max_depth': None, 'max_features': 'log2', 'min_samples_leaf': 4, 'min_samples_split': 10, 'n_estimators': 200}	0.5415813000558763	0.6245241097700115	0.5785675232367414	0.5693121693121693	0.5695353535353536	0.5767040911820305	0.026943898461974057	258
0.43740315437316896	0.03981168843152299	0.016364145278930663	0.0022167179090499855	balanced		log2	4	10	300	{'class_weight': 'balanced', 'max_depth': None, 'max_features': 'log2', 'min_samples_leaf': 4, 'min_samples_split': 10, 'n_estimators': 300}	0.5596301547914452	0.6009204470742932	0.5968041620215533	0.5785675232367414	0.5852278545826933	0.5842300283413453	0.014662143876169955	96
0.5662376880645752	0.021920260277245397	0.0177976131439209	0.002209550103883754	balanced		log2	4	10	400	{'class_weight': 'balanced', 'max_depth': None, 'max_features': 'log2', 'min_samples_leaf': 4, 'min_samples_split': 10, 'n_estimators': 400}	0.5506202480992397	0.6103441050474949	0.5925925925925926	0.5693121693121693	0.6005420054200542	0.5846822240943101	0.021767386247453925	92
0.7072075843811035	0.02066560579977941	0.020397377014160157	0.0031260637160320202	balanced		log2	4	10	500	{'class_weight': 'balanced', 'max_depth': None, 'max_features': 'log2', 'min_samples_leaf': 4, 'min_samples_split': 10, 'n_estimators': 500}	0.5553113553113553	0.6103441050474949	0.606345785440613	0.5693121693121693	0.5824033867177165	0.5847433603658698	0.021127720903601852	86
0.9215675354003906	0.058246032220726794	0.027630996704101563	0.004186549990803628	balanced		log2	4	10	600	{'class_weight': 'balanced', 'max_depth': None, 'max_features': 'log2', 'min_samples_leaf': 4, 'min_samples_split': 10, 'n_estimators': 600}	0.5781159011928243	0.5967104790634203	0.5785675232367414	0.546031746031746	0.5914703850260662	0.5781792069101597	0.017627691292052074	208
1.4029977798461915	0.0627833674675715	0.0023694515228271486	0.0008033464035787759	balanced			1	2	25	{'class_weight': 'balanced', 'max_depth': None, 'max_features': None, 'min_samples_leaf': 1, 'min_samples_split': 2, 'n_estimators': 25}	0.4584397861708786	0.5955151633683335	0.6198439241917503	0.5091592186559826	0.5785675232367414	0.5523051231247373	0.059649947931166035	1172
2.915465259552002	0.09567510630489437	0.003696632385253906	0.0009585076091850909	balanced			1	2	50	{'class_weight': 'balanced', 'max_depth': None, 'max_features': None, 'min_samples_leaf': 1, 'min_samples_split': 2, 'n_estimators': 50}	0.49866378033293085	0.5332404863654864	0.5521228545618789	0.546031746031746	0.5763324299909666	0.5412782594566018	0.02549351045547023	1744
5.809559488296509	0.12949722635472763	0.007065677642822265	0.00247167754013341	balanced			1	2	100	{'class_weight': 'balanced', 'max_depth': None, 'max_features': None, 'min_samples_leaf': 1, 'min_samples_split': 2, 'n_estimators': 100}	0.49267399267399264	0.5578160800432915	0.5878067073824066	0.5776486300063106	0.48444444444444446	0.5400779709100891	0.0432352949461472	1797
8.711359739303589	0.2411751948106236	0.0074617862701416016	0.0017024171885450929	balanced			1	2	150	{'class_weight': 'balanced', 'max_depth': None, 'max_features': None, 'min_samples_leaf': 1, 'min_samples_split': 2, 'n_estimators': 150}	0.47654903494725526	0.5414301947869302	0.5496296296296296	0.5600335249042145	0.5102222222222222	0.5275729212980503	0.03045224764842584	2154
11.802377891540527	0.17110903807219774	0.00872197151184082	0.0009757535627587579	balanced			1	2	200	{'class_weight': 'balanced', 'max_depth': None, 'max_features': None, 'min_samples_leaf': 1, 'min_samples_split': 2, 'n_estimators': 200}	0.48463003663003656	0.5245984784446323	0.5642528049471155	0.5551546078610048	0.5179899949801804	0.5293251845725939	0.02840979512760258	2116
17.835273647308348	0.4603120163523906	0.02237215042114258	0.008743704081670564	balanced			1	2	300	{'class_weight': 'balanced', 'max_depth': None, 'max_features': None, 'min_samples_leaf': 1, 'min_samples_split': 2, 'n_estimators': 300}	0.5086007326007326	0.5166426377483858	0.5852278545826933	0.5368773946360154	0.5521043771043772	0.5398905993344408	0.02732488229263986	1803
23.873588848114014	0.51397973617851	0.021339559555053712	0.0016642156745218554	balanced			1	2	400	{'class_weight': 'balanced', 'max_depth': None, 'max_features': None, 'min_samples_leaf': 1, 'min_samples_split': 2, 'n_estimators': 400}	0.49205087320010843	0.5086741961741962	0.5521228545618789	0.5551546078610048	0.5440445898461165	0.530409424328661	0.025351581752778383	2098
30.100460147857667	0.5757930597695642	0.027814149856567383	0.008277345429930829	balanced			1	2	500	{'class_weight': 'balanced', 'max_depth': None, 'max_features': None, 'min_samples_leaf': 1, 'min_samples_split': 2, 'n_estimators': 500}	0.49205087320010843	0.5166426377483858	0.5763324299909666	0.546031746031746	0.5257575757575758	0.5313630525457566	0.028393572875316554	2071
36.09070734977722	0.5381995029734431	0.0277432918548584	0.00494210423354468	balanced			1	2	600	{'class_weight': 'balanced', 'max_depth': None, 'max_features': None, 'min_samples_leaf': 1, 'min_samples_split': 2, 'n_estimators': 600}	0.5156764139814987	0.5332404863654864	0.558540723101586	0.5551546078610048	0.5440445898461165	0.5413313642311385	0.015609256659871127	1741
1.5127458095550537	0.06226456815026259	0.0036231040954589843	0.0012255061419298699	balanced			1	5	25	{'class_weight': 'balanced', 'max_depth': None, 'max_features': None, 'min_samples_leaf': 1, 'min_samples_split': 5, 'n_estimators': 25}	0.46842533241871814	0.5250434604765313	0.6004784337897533	0.5184476342371079	0.5763324299909666	0.5377454581826154	0.04639699820579764	1880
2.996998596191406	0.08842556234360599	0.0036759376525878906	0.0013466341291790975	balanced			1	5	50	{'class_weight': 'balanced', 'max_depth': None, 'max_features': None, 'min_samples_leaf': 1, 'min_samples_split': 5, 'n_estimators': 50}	0.4957394300614639	0.49267399267399264	0.5914703850260662	0.5083287771095316	0.5179899949801804	0.5212405159702469	0.036265314090668674	2260
5.973412036895752	0.06848201648875894	0.00672755241394043	0.001393226637499798	balanced			1	5	100	{'class_weight': 'balanced', 'max_depth': None, 'max_features': None, 'min_samples_leaf': 1, 'min_samples_split': 5, 'n_estimators': 100}	0.48463003663003656	0.5565421245421245	0.606266050333847	0.5507246376811594	0.5257575757575758	0.5447840849889487	0.03983488749975857	1582
9.016042518615723	0.1882290841931516	0.006826019287109375	0.0016585497013463183	balanced			1	5	150	{'class_weight': 'balanced', 'max_depth': None, 'max_features': None, 'min_samples_leaf': 1, 'min_samples_split': 5, 'n_estimators': 150}	0.49009807396904165	0.47654903494725526	0.5878067073824066	0.5551546078610048	0.4994107744107744	0.5218038397140965	0.04248141849343862	2253
11.799269676208496	0.10426734369227642	0.009115076065063477	0.0015874039313393624	balanced			1	5	200	{'class_weight': 'balanced', 'max_depth': None, 'max_features': None, 'min_samples_leaf': 1, 'min_samples_split': 5, 'n_estimators': 200}	0.46842533241871814	0.48463003663003656	0.5785675232367414	0.5551546078610048	0.533532412591763	0.5240619825476528	0.04165959566852774	2200
17.682776308059694	0.3452884465137978	0.01631922721862793	0.005022658948238599	balanced			1	5	300	{'class_weight': 'balanced', 'max_depth': None, 'max_features': None, 'min_samples_leaf': 1, 'min_samples_split': 5, 'n_estimators': 300}	0.5275751326171494	0.5332404863654864	0.5733333333333334	0.546031746031746	0.533532412591763	0.5427426221878956	0.01644251337183398	1672
23.510483264923096	0.4881014328770094	0.020452594757080077	0.005110003725576412	balanced			1	5	400	{'class_weight': 'balanced', 'max_depth': None, 'max_features': None, 'min_samples_leaf': 1, 'min_samples_split': 5, 'n_estimators': 400}	0.5415813000558763	0.5332404863654864	0.5521228545618789	0.5406989025118244	0.5257575757575758	0.5386802238505284	0.008829283150618924	1843
29.616356086730956	0.5938392302839933	0.02889528274536133	0.006316665125817424	balanced			1	5	500	{'class_weight': 'balanced', 'max_depth': None, 'max_features': None, 'min_samples_leaf': 1, 'min_samples_split': 5, 'n_estimators': 500}	0.5071878940731399	0.5332404863654864	0.5608294930875576	0.5496296296296296	0.533532412591763	0.5368839831495154	0.018122939887555627	1910
36.42386121749878	1.0794704504624955	0.031954193115234376	0.004842724781214192	balanced			1	5	600	{'class_weight': 'balanced', 'max_depth': None, 'max_features': None, 'min_samples_leaf': 1, 'min_samples_split': 5, 'n_estimators': 600}	0.5071878940731399	0.5409907552764696	0.5763324299909666	0.5259259259259259	0.5440445898461165	0.5388963190225237	0.022829844808878768	1835
1.4595275402069092	0.033691756106729795	0.003451681137084961	0.0011286543206694322	balanced			1	10	25	{'class_weight': 'balanced', 'max_depth': None, 'max_features': None, 'min_samples_leaf': 1, 'min_samples_split': 10, 'n_estimators': 25}	0.47654903494725526	0.5245984784446323	0.6331029594187488	0.49981325863678805	0.5317416924852683	0.5331610847865385	0.053629680034084255	2028
3.1230140209197996	0.1674232876936753	0.003564739227294922	0.0011690928054014355	balanced			1	10	50	{'class_weight': 'balanced', 'max_depth': None, 'max_features': None, 'min_samples_leaf': 1, 'min_samples_split': 10, 'n_estimators': 50}	0.5241354863156865	0.5414301947869302	0.6349145122529887	0.5319890224394253	0.536431131592422	0.5537800694774905	0.04096328574944979	1111
5.916328811645508	0.17776751390990994	0.009424591064453125	0.00385176511502632	balanced			1	10	100	{'class_weight': 'balanced', 'max_depth': None, 'max_features': None, 'min_samples_leaf': 1, 'min_samples_split': 10, 'n_estimators': 100}	0.5241354863156865	0.5578067765567766	0.6253933539882145	0.5368773946360154	0.5118803545783192	0.5512186732150025	0.04007982278033281	1249
9.12769193649292	0.1594993549465824	0.011495256423950195	0.005280393294545392	balanced			1	10	150	{'class_weight': 'balanced', 'max_depth': None, 'max_features': None, 'min_samples_leaf': 1, 'min_samples_split': 10, 'n_estimators': 150}	0.5364527945173106	0.5006867148599432	0.5733333333333334	0.5083287771095316	0.5024471804225566	0.5242497600485351	0.027720600611462514	2197
12.470161819458008	0.36372528560837963	0.009986305236816406	0.0028068428220448943	balanced			1	10	200	{'class_weight': 'balanced', 'max_depth': None, 'max_features': None, 'min_samples_leaf': 1, 'min_samples_split': 10, 'n_estimators': 200}	0.5364527945173106	0.5250434604765313	0.5878067073824066	0.5083287771095316	0.5179899949801804	0.5351243468931921	0.02789411667811382	1976
18.526788854598998	0.21747828608041045	0.017533397674560545	0.004937386767363147	balanced			1	10	300	{'class_weight': 'balanced', 'max_depth': None, 'max_features': None, 'min_samples_leaf': 1, 'min_samples_split': 10, 'n_estimators': 300}	0.5736653635813299	0.5409907552764696	0.5733333333333334	0.5413786992734361	0.5257575757575758	0.5510251454444289	0.019195977244338493	1267
24.33573498725891	0.5389124494608478	0.018023967742919922	0.0028128670037492628	balanced			1	10	400	{'class_weight': 'balanced', 'max_depth': None, 'max_features': None, 'min_samples_leaf': 1, 'min_samples_split': 10, 'n_estimators': 400}	0.5506202480992397	0.5494002060931195	0.558540723101586	0.5496296296296296	0.5704594017094017	0.5557300417265953	0.008102417085149437	1007
30.632234001159667	0.518345976929447	0.028560781478881837	0.004424440203834713	balanced			1	10	500	{'class_weight': 'balanced', 'max_depth': None, 'max_features': None, 'min_samples_leaf': 1, 'min_samples_split': 10, 'n_estimators': 500}	0.5364527945173106	0.5805128205128205	0.5674392312040701	0.5317416924852683	0.536	0.550429307743894	0.01973387972312841	1321
37.74419755935669	1.1742664698769645	0.03088798522949219	0.0052515210632407	balanced			1	10	600	{'class_weight': 'balanced', 'max_depth': None, 'max_features': None, 'min_samples_leaf': 1, 'min_samples_split': 10, 'n_estimators': 600}	0.5306551372125142	0.539301954762889	0.5824033867177165	0.5317416924852683	0.5440445898461165	0.5456293522049009	0.019036655439437243	1538
1.4979588508605957	0.049279420042997166	0.0025422096252441405	0.0009883931340014182	balanced			2	2	25	{'class_weight': 'balanced', 'max_depth': None, 'max_features': None, 'min_samples_leaf': 2, 'min_samples_split': 2, 'n_estimators': 25}	0.42870988921659564	0.5823730667480668	0.5968041620215533	0.5065843621399178	0.5914703850260662	0.54118837303044	0.06506369587230607	1748
2.991406965255737	0.13095189950650654	0.003980016708374024	0.0013640897728307841	balanced			2	2	50	{'class_weight': 'balanced', 'max_depth': None, 'max_features': None, 'min_samples_leaf': 2, 'min_samples_split': 2, 'n_estimators': 50}	0.5506202480992397	0.47654903494725526	0.6113606098176976	0.5319890224394253	0.5286302175191064	0.5398298265645448	0.04341532952659903	1806
6.302979612350464	0.22985523293398713	0.005196809768676758	0.0016092018291920726	balanced			2	2	100	{'class_weight': 'balanced', 'max_depth': None, 'max_features': None, 'min_samples_leaf': 2, 'min_samples_split': 2, 'n_estimators': 100}	0.5071878940731399	0.5805128205128205	0.601980438612478	0.5507246376811594	0.4739156268568033	0.5428642835472803	0.04690552060851676	1662
9.909948444366455	0.31529534230901995	0.01056365966796875	0.006236080282559801	balanced			2	2	150	{'class_weight': 'balanced', 'max_depth': None, 'max_features': None, 'min_samples_leaf': 2, 'min_samples_split': 2, 'n_estimators': 150}	0.5003422606314708	0.5494002060931195	0.5642528049471155	0.5227513227513227	0.5024471804225566	0.527838754969117	0.025367500609075822	2150
13.074909448623657	0.33739567676582427	0.008920049667358399	0.0013880555598334708	balanced			2	2	200	{'class_weight': 'balanced', 'max_depth': None, 'max_features': None, 'min_samples_leaf': 2, 'min_samples_split': 2, 'n_estimators': 200}	0.4685156113727542	0.5565421245421245	0.5968041620215533	0.5496296296296296	0.5102222222222222	0.5363427499576567	0.04364158785281442	1934
19.083888959884643	0.42700466642194096	0.017852210998535158	0.0036629779867124474	balanced			2	2	300	{'class_weight': 'balanced', 'max_depth': None, 'max_features': None, 'min_samples_leaf': 2, 'min_samples_split': 2, 'n_estimators': 300}	0.5071878940731399	0.5717219376841179	0.5551546078610048	0.5227513227513227	0.5521043771043772	0.5417840278947924	0.023412376212073798	1720
25.357231998443602	0.2559342714611786	0.019714975357055665	0.004298975809986589	balanced			2	2	400	{'class_weight': 'balanced', 'max_depth': None, 'max_features': None, 'min_samples_leaf': 2, 'min_samples_split': 2, 'n_estimators': 400}	0.4837206509337657	0.5086741961741962	0.5317416924852683	0.5406989025118244	0.5617777777777778	0.5253226439765665	0.026886825510371703	2181
30.967970371246338	0.5398298664058436	0.029082632064819335	0.005166468654255818	balanced			2	2	500	{'class_weight': 'balanced', 'max_depth': None, 'max_features': None, 'min_samples_leaf': 2, 'min_samples_split': 2, 'n_estimators': 500}	0.49866378033293085	0.5168323739752311	0.5496296296296296	0.5551546078610048	0.5440445898461165	0.5328649963289825	0.021585324543812442	2034
36.420784616470335	0.45519066537256886	0.03311171531677246	0.006442883079136927	balanced			2	2	600	{'class_weight': 'balanced', 'max_depth': None, 'max_features': None, 'min_samples_leaf': 2, 'min_samples_split': 2, 'n_estimators': 600}	0.5306551372125142	0.539301954762889	0.5642528049471155	0.546031746031746	0.5440445898461165	0.5448572465600762	0.011052499463567046	1576
1.5395049571990966	0.041722640569140115	0.004562187194824219	0.0016136947896567668	balanced			2	5	25	{'class_weight': 'balanced', 'max_depth': None, 'max_features': None, 'min_samples_leaf': 2, 'min_samples_split': 5, 'n_estimators': 25}	0.4728184950642578	0.5494002060931195	0.5831896551724138	0.5034920634920635	0.5674392312040701	0.535267930205185	0.04108732945412543	1967
3.0041439533233643	0.09461110514398566	0.004145431518554688	0.0019008616307343792	balanced			2	5	50	{'class_weight': 'balanced', 'max_depth': None, 'max_features': None, 'min_samples_leaf': 2, 'min_samples_split': 5, 'n_estimators': 50}	0.5097022635484174	0.47654903494725526	0.601980438612478	0.5091592186559826	0.5199252136752136	0.5234632338878693	0.04188646617576638	2218
6.117321014404297	0.19688072114570385	0.004511260986328125	0.00027375962536889663	balanced			2	5	100	{'class_weight': 'balanced', 'max_depth': None, 'max_features': None, 'min_samples_leaf': 2, 'min_samples_split': 5, 'n_estimators': 100}	0.5156764139814987	0.5737569517097076	0.5878067073824066	0.5276848755109624	0.5068771218827209	0.5423604140934593	0.032365350202856226	1699
9.185579347610474	0.09585731716515318	0.00946669578552246	0.0037701544867629715	balanced			2	5	150	{'class_weight': 'balanced', 'max_depth': None, 'max_features': None, 'min_samples_leaf': 2, 'min_samples_split': 5, 'n_estimators': 150}	0.49866378033293085	0.565149136577708	0.558540723101586	0.5507246376811594	0.5102222222222222	0.5366600999831213	0.026947652151010186	1923
12.183169078826904	0.29959496169300304	0.012239933013916016	0.004649185195279563	balanced			2	5	200	{'class_weight': 'balanced', 'max_depth': None, 'max_features': None, 'min_samples_leaf': 2, 'min_samples_split': 5, 'n_estimators': 200}	0.48463003663003656	0.539301954762889	0.5831896551724138	0.5600335249042145	0.5257575757575758	0.538582549445426	0.03324397498095504	1847
17.693795347213744	0.3680427621821626	0.01682443618774414	0.00145936533352539	balanced			2	5	300	{'class_weight': 'balanced', 'max_depth': None, 'max_features': None, 'min_samples_leaf': 2, 'min_samples_split': 5, 'n_estimators': 300}	0.5275751326171494	0.5805128205128205	0.5496296296296296	0.5368773946360154	0.5521043771043772	0.5493398708999985	0.01793597719328526	1355
22.869245195388793	0.42918847533459226	0.018461990356445312	0.0020951399387551936	balanced			2	5	400	{'class_weight': 'balanced', 'max_depth': None, 'max_features': None, 'min_samples_leaf': 2, 'min_samples_split': 5, 'n_estimators': 400}	0.5275751326171494	0.5494002060931195	0.5496296296296296	0.5227513227513227	0.5257575757575758	0.5350227733697595	0.011932900413266957	1985
29.10549941062927	0.7422331022779727	0.025004148483276367	0.002440748908539014	balanced			2	5	500	{'class_weight': 'balanced', 'max_depth': None, 'max_features': None, 'min_samples_leaf': 2, 'min_samples_split': 5, 'n_estimators': 500}	0.5275751326171494	0.5332404863654864	0.558540723101586	0.5227513227513227	0.5257575757575758	0.533573048118624	0.012943428679363945	2016
35.10509052276611	0.760419073062769	0.02802143096923828	0.004056190619183196	balanced			2	5	600	{'class_weight': 'balanced', 'max_depth': None, 'max_features': None, 'min_samples_leaf': 2, 'min_samples_split': 5, 'n_estimators': 600}	0.545299707743821	0.5629274955442795	0.5785675232367414	0.5137212643678162	0.5179899949801804	0.5437011971745677	0.025090750357424602	1635
1.468071746826172	0.08297345631963851	0.0019712448120117188	0.00018241031386368868	balanced			2	10	25	{'class_weight': 'balanced', 'max_depth': None, 'max_features': None, 'min_samples_leaf': 2, 'min_samples_split': 10, 'n_estimators': 25}	0.4669207136949073	0.5479287119999022	0.5968041620215533	0.5034920634920635	0.5733333333333334	0.5376957969083519	0.04700543194897971	1884
3.093687343597412	0.18654508901057162	0.0049632549285888675	0.0025097512460992614	balanced			2	10	50	{'class_weight': 'balanced', 'max_depth': None, 'max_features': None, 'min_samples_leaf': 2, 'min_samples_split': 10, 'n_estimators': 50}	0.5506202480992397	0.5219817440383759	0.5925925925925926	0.49981325863678805	0.5193769235600779	0.5368769533854149	0.03223335656010595	1913
5.969065141677857	0.12109322632166675	0.006983566284179688	0.0025558806860206274	balanced			2	10	100	{'class_weight': 'balanced', 'max_depth': None, 'max_features': None, 'min_samples_leaf': 2, 'min_samples_split': 10, 'n_estimators': 100}	0.5306551372125142	0.565149136577708	0.606266050333847	0.5368773946360154	0.46939102564102564	0.5416677488802221	0.04492764394138015	1728
8.516896820068359	0.18419729682591027	0.010333633422851563	0.0035169187447708543	balanced			2	10	150	{'class_weight': 'balanced', 'max_depth': None, 'max_features': None, 'min_samples_leaf': 2, 'min_samples_split': 10, 'n_estimators': 150}	0.49866378033293085	0.5325714285714286	0.5496296296296296	0.5413786992734361	0.4876344086021505	0.5219755892819151	0.024397768595096795	2249
11.297810792922974	0.07298287208522711	0.008389616012573242	0.0012863737271652026	balanced			2	10	200	{'class_weight': 'balanced', 'max_depth': None, 'max_features': None, 'min_samples_leaf': 2, 'min_samples_split': 10, 'n_estimators': 200}	0.49866378033293085	0.5071878940731399	0.5831896551724138	0.5171450000765334	0.5279627096316563	0.5268298078573348	0.02983501714821555	2166
17.18205771446228	0.38546281645225505	0.01729888916015625	0.008042766491813567	balanced			2	10	300	{'class_weight': 'balanced', 'max_depth': None, 'max_features': None, 'min_samples_leaf': 2, 'min_samples_split': 10, 'n_estimators': 300}	0.5645022350530825	0.5494002060931195	0.5642528049471155	0.49947089947089945	0.5440445898461165	0.5443341470820667	0.02384099195532252	1599
23.1214262008667	0.4202530211466866	0.023315286636352538	0.006709187520938025	balanced			2	10	400	{'class_weight': 'balanced', 'max_depth': None, 'max_features': None, 'min_samples_leaf': 2, 'min_samples_split': 10, 'n_estimators': 400}	0.5645022350530825	0.5409907552764696	0.558540723101586	0.5368773946360154	0.536	0.5473822216134308	0.011818326584201426	1435
29.340551614761353	0.5246922364245209	0.027826690673828126	0.014146226683813457	balanced			2	10	500	{'class_weight': 'balanced', 'max_depth': None, 'max_features': None, 'min_samples_leaf': 2, 'min_samples_split': 10, 'n_estimators': 500}	0.5553113553113553	0.5479287119999022	0.5642528049471155	0.5227513227513227	0.536	0.5452488390019391	0.014568911666548327	1552
34.91893448829651	0.4187602032866454	0.026157951354980467	0.0047205510085911355	balanced			2	10	600	{'class_weight': 'balanced', 'max_depth': None, 'max_features': None, 'min_samples_leaf': 2, 'min_samples_split': 10, 'n_estimators': 600}	0.5874231700502887	0.5541223803518884	0.5785675232367414	0.5368773946360154	0.5440445898461165	0.56020701162421	0.01959768001788109	820
1.362854242324829	0.057611316967995256	0.0035929203033447264	0.001210659170577302	balanced			4	2	25	{'class_weight': 'balanced', 'max_depth': None, 'max_features': None, 'min_samples_leaf': 4, 'min_samples_split': 2, 'n_estimators': 25}	0.4957394300614639	0.5596301547914452	0.5862046401798034	0.48632941487254	0.5120327700972862	0.5279872820005076	0.038523708259314296	2143
2.6488383293151854	0.08203223964669597	0.0034930229187011717	0.001152566875891726	balanced			4	2	50	{'class_weight': 'balanced', 'max_depth': None, 'max_features': None, 'min_samples_leaf': 4, 'min_samples_split': 2, 'n_estimators': 50}	0.5132754342431762	0.5325714285714286	0.5809983896940418	0.5130521826173999	0.4713146159160857	0.5222424102084264	0.035545635226498645	2238
5.3630133152008055	0.13680183121716163	0.008402299880981446	0.0045272016788215725	balanced			4	2	100	{'class_weight': 'balanced', 'max_depth': None, 'max_features': None, 'min_samples_leaf': 4, 'min_samples_split': 2, 'n_estimators': 100}	0.5132754342431762	0.6010568666306372	0.5872408293460926	0.5738683127572016	0.5521228545618789	0.5655128595077973	0.03070288437711979	590
7.942647981643677	0.0824111629338591	0.010352563858032227	0.0035656941514450573	balanced			4	2	150	{'class_weight': 'balanced', 'max_depth': None, 'max_features': None, 'min_samples_leaf': 4, 'min_samples_split': 2, 'n_estimators': 150}	0.5325068094298864	0.5541223803518884	0.606345785440613	0.5548188262228679	0.5120327700972862	0.5519653143085084	0.031442877107552135	1193
10.617297983169555	0.1629308196088618	0.012436580657958985	0.00419016920781236	balanced			4	2	200	{'class_weight': 'balanced', 'max_depth': None, 'max_features': None, 'min_samples_leaf': 4, 'min_samples_split': 2, 'n_estimators': 200}	0.5368199613494875	0.5629274955442795	0.5831896551724138	0.5413786992734361	0.5346780594854555	0.5517987741650145	0.01862953308703993	1204
16.08768210411072	0.2377216724054713	0.015779829025268553	0.0028525286486596113	balanced			4	2	300	{'class_weight': 'balanced', 'max_depth': None, 'max_features': None, 'min_samples_leaf': 4, 'min_samples_split': 2, 'n_estimators': 300}	0.5629637772769747	0.5775896234912629	0.5733333333333334	0.5643097643097642	0.5695353535353536	0.5695463703893376	0.005473348252896979	453
21.960057306289674	0.3762384766154385	0.023134756088256835	0.005234748617766692	balanced			4	2	400	{'class_weight': 'balanced', 'max_depth': None, 'max_features': None, 'min_samples_leaf': 4, 'min_samples_split': 2, 'n_estimators': 400}	0.5659905378215238	0.539301954762889	0.5259259259259259	0.5319890224394253	0.6030570252792475	0.5532528932458023	0.028412121307879037	1133
27.948577880859375	0.6031017540839365	0.02992734909057617	0.00620306056109392	balanced			4	2	500	{'class_weight': 'balanced', 'max_depth': None, 'max_features': None, 'min_samples_leaf': 4, 'min_samples_split': 2, 'n_estimators': 500}	0.5629637772769747	0.539301954762889	0.5406989025118244	0.5548188262228679	0.5782480893592005	0.5552063100267512	0.014523535559946439	1026
33.45558996200562	0.38741424147336717	0.029714584350585938	0.0063073572222949225	balanced			4	2	600	{'class_weight': 'balanced', 'max_depth': None, 'max_features': None, 'min_samples_leaf': 4, 'min_samples_split': 2, 'n_estimators': 600}	0.5781159011928243	0.539301954762889	0.606345785440613	0.5548188262228679	0.5619439079549019	0.5681052751148192	0.022832751464440002	500
1.4108795642852783	0.04154717994525767	0.0037787914276123046	0.0009298553904126469	balanced			4	5	25	{'class_weight': 'balanced', 'max_depth': None, 'max_features': None, 'min_samples_leaf': 4, 'min_samples_split': 5, 'n_estimators': 25}	0.4957394300614639	0.5596301547914452	0.5862046401798034	0.48632941487254	0.5120327700972862	0.5279872820005076	0.038523708259314296	2143
2.743388271331787	0.029417117259077554	0.0029899120330810548	0.0005143714633568132	balanced			4	5	50	{'class_weight': 'balanced', 'max_depth': None, 'max_features': None, 'min_samples_leaf': 4, 'min_samples_split': 5, 'n_estimators': 50}	0.5132754342431762	0.5325714285714286	0.5809983896940418	0.5130521826173999	0.4713146159160857	0.5222424102084264	0.035545635226498645	2238
5.4568366527557375	0.04985571994469428	0.007558584213256836	0.0029255624419071238	balanced			4	5	100	{'class_weight': 'balanced', 'max_depth': None, 'max_features': None, 'min_samples_leaf': 4, 'min_samples_split': 5, 'n_estimators': 100}	0.5132754342431762	0.6010568666306372	0.5872408293460926	0.5738683127572016	0.5521228545618789	0.5655128595077973	0.03070288437711979	590
8.262254619598389	0.14545439286918796	0.008134603500366211	0.0028591239150042836	balanced			4	5	150	{'class_weight': 'balanced', 'max_depth': None, 'max_features': None, 'min_samples_leaf': 4, 'min_samples_split': 5, 'n_estimators': 150}	0.5325068094298864	0.5541223803518884	0.606345785440613	0.5548188262228679	0.5120327700972862	0.5519653143085084	0.031442877107552135	1193
10.95824112892151	0.09825452335347669	0.01028742790222168	0.0023361930234057247	balanced			4	5	200	{'class_weight': 'balanced', 'max_depth': None, 'max_features': None, 'min_samples_leaf': 4, 'min_samples_split': 5, 'n_estimators': 200}	0.5368199613494875	0.5629274955442795	0.5831896551724138	0.5413786992734361	0.5346780594854555	0.5517987741650145	0.01862953308703993	1204
16.168511629104614	0.08760675765621893	0.013752985000610351	0.0034705722171225486	balanced			4	5	300	{'class_weight': 'balanced', 'max_depth': None, 'max_features': None, 'min_samples_leaf': 4, 'min_samples_split': 5, 'n_estimators': 300}	0.5629637772769747	0.5775896234912629	0.5733333333333334	0.5643097643097642	0.5695353535353536	0.5695463703893376	0.005473348252896979	453
21.767139530181886	0.48651333947118786	0.02075510025024414	0.0037936435690548143	balanced			4	5	400	{'class_weight': 'balanced', 'max_depth': None, 'max_features': None, 'min_samples_leaf': 4, 'min_samples_split': 5, 'n_estimators': 400}	0.5659905378215238	0.539301954762889	0.5259259259259259	0.5319890224394253	0.6030570252792475	0.5532528932458023	0.028412121307879037	1133
27.51330680847168	0.6127454474459176	0.03572487831115723	0.0159606819762229	balanced			4	5	500	{'class_weight': 'balanced', 'max_depth': None, 'max_features': None, 'min_samples_leaf': 4, 'min_samples_split': 5, 'n_estimators': 500}	0.5629637772769747	0.539301954762889	0.5406989025118244	0.5548188262228679	0.5782480893592005	0.5552063100267512	0.014523535559946439	1026
32.75025477409363	0.3724883686627898	0.026390790939331055	0.004257164609629899	balanced			4	5	600	{'class_weight': 'balanced', 'max_depth': None, 'max_features': None, 'min_samples_leaf': 4, 'min_samples_split': 5, 'n_estimators': 600}	0.5781159011928243	0.539301954762889	0.606345785440613	0.5548188262228679	0.5619439079549019	0.5681052751148192	0.022832751464440002	500
1.3860997676849365	0.030638820966032668	0.0023584842681884767	0.0009021350032737451	balanced			4	10	25	{'class_weight': 'balanced', 'max_depth': None, 'max_features': None, 'min_samples_leaf': 4, 'min_samples_split': 10, 'n_estimators': 25}	0.49009807396904165	0.5645022350530825	0.618724279835391	0.5225490196078432	0.5551546078610048	0.5502056432652725	0.04313118839905746	1324
2.7665441989898683	0.06546165745919455	0.003343009948730469	0.0012470865022731696	balanced			4	10	50	{'class_weight': 'balanced', 'max_depth': None, 'max_features': None, 'min_samples_leaf': 4, 'min_samples_split': 10, 'n_estimators': 50}	0.49009807396904165	0.5565421245421245	0.5583496540018279	0.5225490196078432	0.5037037037037037	0.5262485151649081	0.027484523185168665	2175
5.3392524242401125	0.03850503204192482	0.007393980026245117	0.0021859734552740684	balanced			4	10	100	{'class_weight': 'balanced', 'max_depth': None, 'max_features': None, 'min_samples_leaf': 4, 'min_samples_split': 10, 'n_estimators': 100}	0.5045300171350592	0.605984875339714	0.5809983896940418	0.5680205415499533	0.5496296296296296	0.5618326906696796	0.03402216930681593	738
7.90434627532959	0.14145699312704316	0.01286177635192871	0.008605606131341034	balanced			4	10	150	{'class_weight': 'balanced', 'max_depth': None, 'max_features': None, 'min_samples_leaf': 4, 'min_samples_split': 10, 'n_estimators': 150}	0.5186603650586702	0.591935635154711	0.5776486300063106	0.5413786992734361	0.5279132791327914	0.5515073217251839	0.028481597308713216	1228
10.858991432189942	0.313167555596696	0.00989532470703125	0.0024083625258451333	balanced			4	10	200	{'class_weight': 'balanced', 'max_depth': None, 'max_features': None, 'min_samples_leaf': 4, 'min_samples_split': 10, 'n_estimators': 200}	0.5325068094298864	0.5828075150655795	0.5831896551724138	0.546031746031746	0.558540723101586	0.5606152897602423	0.020045782991688167	802
16.36075406074524	0.11787503137681916	0.014870929718017577	0.001730954852925848	balanced			4	10	300	{'class_weight': 'balanced', 'max_depth': None, 'max_features': None, 'min_samples_leaf': 4, 'min_samples_split': 10, 'n_estimators': 300}	0.5725059254471019	0.5828075150655795	0.5785675232367414	0.5319890224394253	0.5763324299909666	0.568440483235963	0.018528292856753042	489
21.339106035232543	0.1613009212643708	0.02112154960632324	0.004909969750077232	balanced			4	10	400	{'class_weight': 'balanced', 'max_depth': None, 'max_features': None, 'min_samples_leaf': 4, 'min_samples_split': 10, 'n_estimators': 400}	0.5757064364207221	0.539301954762889	0.5551546078610048	0.5319890224394253	0.5941333333333334	0.559257070963475	0.02300225483396454	863
26.556743478775026	0.26107702821373946	0.026876544952392577	0.0026438481043954084	balanced			4	10	500	{'class_weight': 'balanced', 'max_depth': None, 'max_features': None, 'min_samples_leaf': 4, 'min_samples_split': 10, 'n_estimators': 500}	0.5500062373127389	0.5306551372125142	0.5551546078610048	0.5413786992734361	0.5941333333333334	0.5542656029986055	0.021595808991523625	1081
32.317195415496826	0.42526949795068086	0.029760313034057618	0.008584365836007057	balanced			4	10	600	{'class_weight': 'balanced', 'max_depth': None, 'max_features': None, 'min_samples_leaf': 4, 'min_samples_split': 10, 'n_estimators': 600}	0.5781159011928243	0.5306551372125142	0.5968041620215533	0.5548188262228679	0.5782480893592005	0.567728423201792	0.022825634235190503	521
0.06262474060058594	0.0068242263571776885	0.0022655010223388674	0.0007646687162365939	balanced	5	sqrt	1	2	25	{'class_weight': 'balanced', 'max_depth': 5, 'max_features': 'sqrt', 'min_samples_leaf': 1, 'min_samples_split': 2, 'n_estimators': 25}	0.5006947075912592	0.6027126027126027	0.5451911626668907	0.5583496540018279	0.6253933539882145	0.566468296192159	0.043887597133868	560
0.11541953086853027	0.012920253813305208	0.003727149963378906	0.0013308386475631574	balanced	5	sqrt	1	2	50	{'class_weight': 'balanced', 'max_depth': 5, 'max_features': 'sqrt', 'min_samples_leaf': 1, 'min_samples_split': 2, 'n_estimators': 50}	0.5415813000558763	0.568781792919724	0.5658412698412698	0.5907563025210084	0.5925925925925926	0.5719106515860942	0.018705068609972897	372
0.24117817878723144	0.002154180576830788	0.0053122520446777345	0.0015051807203400065	balanced	5	sqrt	1	2	100	{'class_weight': 'balanced', 'max_depth': 5, 'max_features': 'sqrt', 'min_samples_leaf': 1, 'min_samples_split': 2, 'n_estimators': 100}	0.5415813000558763	0.6291622356138484	0.5760553005836025	0.5583496540018279	0.6349145122529887	0.5880126005016288	0.03760801742518364	57
0.3484795093536377	0.006618262339601901	0.006833600997924805	0.0019725063969495116	balanced	5	sqrt	1	2	150	{'class_weight': 'balanced', 'max_depth': 5, 'max_features': 'sqrt', 'min_samples_leaf': 1, 'min_samples_split': 2, 'n_estimators': 150}	0.5645022350530825	0.6010568666306372	0.5658412698412698	0.5319890224394253	0.5878067073824066	0.5702392202693642	0.02355281950036839	422
0.44486398696899415	0.023690385529899136	0.011387491226196289	0.003141737667082334	balanced	5	sqrt	1	2	200	{'class_weight': 'balanced', 'max_depth': 5, 'max_features': 'sqrt', 'min_samples_leaf': 1, 'min_samples_split': 2, 'n_estimators': 200}	0.545299707743821	0.5967104790634203	0.5613472886247147	0.5319890224394253	0.5914703850260662	0.5653633765794895	0.025285347567482543	603
0.6924702167510987	0.01853929572930935	0.013100576400756837	0.002506567418201295	balanced	5	sqrt	1	2	300	{'class_weight': 'balanced', 'max_depth': 5, 'max_features': 'sqrt', 'min_samples_leaf': 1, 'min_samples_split': 2, 'n_estimators': 300}	0.5415813000558763	0.5736653635813299	0.5486291486291487	0.5548188262228679	0.5674392312040701	0.5572267739386586	0.011823871946359416	938
0.9743505001068116	0.07392911074808128	0.02079286575317383	0.007032589038365051	balanced	5	sqrt	1	2	400	{'class_weight': 'balanced', 'max_depth': 5, 'max_features': 'sqrt', 'min_samples_leaf': 1, 'min_samples_split': 2, 'n_estimators': 400}	0.5645022350530825	0.6009204470742932	0.5613472886247147	0.5583496540018279	0.5869756846431933	0.5744190618794223	0.016657927676281735	301
1.3228938579559326	0.04461972891614259	0.022834587097167968	0.0034004689683828967	balanced	5	sqrt	1	2	500	{'class_weight': 'balanced', 'max_depth': 5, 'max_features': 'sqrt', 'min_samples_leaf': 1, 'min_samples_split': 2, 'n_estimators': 500}	0.568781792919724	0.605984875339714	0.5838422994644729	0.5680205415499533	0.5869756846431933	0.5827210387834116	0.013935368831750753	128
1.4741366386413575	0.07181433420583981	0.032044410705566406	0.002953287661482782	balanced	5	sqrt	1	2	600	{'class_weight': 'balanced', 'max_depth': 5, 'max_features': 'sqrt', 'min_samples_leaf': 1, 'min_samples_split': 2, 'n_estimators': 600}	0.568781792919724	0.6103441050474949	0.5809983896940418	0.5548188262228679	0.609626216077829	0.5849138659923915	0.02208476153432025	83
0.08108329772949219	0.0216120396843567	0.003736448287963867	0.002155235199759974	balanced	5	sqrt	1	5	25	{'class_weight': 'balanced', 'max_depth': 5, 'max_features': 'sqrt', 'min_samples_leaf': 1, 'min_samples_split': 5, 'n_estimators': 25}	0.5275065491783758	0.6247841247841248	0.5838422994644729	0.5907563025210084	0.6163347763347763	0.5886448104565517	0.03417072944228782	52
0.12321209907531738	0.007270468455264393	0.002891254425048828	0.0008091384164797498	balanced	5	sqrt	1	5	50	{'class_weight': 'balanced', 'max_depth': 5, 'max_features': 'sqrt', 'min_samples_leaf': 1, 'min_samples_split': 5, 'n_estimators': 50}	0.5219817440383759	0.6009204470742932	0.6	0.5643097643097642	0.5643097643097642	0.5703043439464395	0.02907274115422349	420
0.2414788246154785	0.014379174325947111	0.006361579895019532	0.0015872006590231078	balanced	5	sqrt	1	5	100	{'class_weight': 'balanced', 'max_depth': 5, 'max_features': 'sqrt', 'min_samples_leaf': 1, 'min_samples_split': 5, 'n_estimators': 100}	0.5241354863156865	0.6197555945455105	0.5862046401798034	0.5452847805788983	0.6391534391534393	0.5829067881546676	0.043363296652507884	124
0.36437168121337893	0.01950440682074987	0.008559179306030274	0.002403176555080276	balanced	5	sqrt	1	5	150	{'class_weight': 'balanced', 'max_depth': 5, 'max_features': 'sqrt', 'min_samples_leaf': 1, 'min_samples_split': 5, 'n_estimators': 150}	0.5275751326171494	0.5781159011928243	0.6085719569268411	0.5600335249042145	0.5785675232367414	0.5705728077755541	0.02655042606926891	410
0.48497304916381834	0.028720809653085377	0.009746980667114259	0.0019671982491272773	balanced	5	sqrt	1	5	200	{'class_weight': 'balanced', 'max_depth': 5, 'max_features': 'sqrt', 'min_samples_leaf': 1, 'min_samples_split': 5, 'n_estimators': 200}	0.5506202480992397	0.6046024060300504	0.6163347763347763	0.5737643998513563	0.6113606098176976	0.591336488026624	0.025173219615212475	42
0.7648013591766357	0.03221844626628139	0.014576005935668945	0.004422243664799843	balanced	5	sqrt	1	5	300	{'class_weight': 'balanced', 'max_depth': 5, 'max_features': 'sqrt', 'min_samples_leaf': 1, 'min_samples_split': 5, 'n_estimators': 300}	0.5415813000558763	0.5874231700502887	0.5680205415499533	0.5368773946360154	0.606266050333847	0.5680336913251962	0.026488145124803325	507
0.9902027130126954	0.020612268008271265	0.016209840774536133	0.0022341572266425763	balanced	5	sqrt	1	5	400	{'class_weight': 'balanced', 'max_depth': 5, 'max_features': 'sqrt', 'min_samples_leaf': 1, 'min_samples_split': 5, 'n_estimators': 400}	0.5596301547914452	0.6009204470742932	0.618724279835391	0.5507246376811594	0.5608294930875576	0.5781658024939693	0.02668295081171572	211
1.267680025100708	0.035500745210492214	0.02200636863708496	0.004673324911144221	balanced	5	sqrt	1	5	500	{'class_weight': 'balanced', 'max_depth': 5, 'max_features': 'sqrt', 'min_samples_leaf': 1, 'min_samples_split': 5, 'n_estimators': 500}	0.5781159011928243	0.6141731831387004	0.6063373103042311	0.5693121693121693	0.5941333333333334	0.5924143794562516	0.01678336639480615	34
1.6188153743743896	0.058078752632484125	0.03331160545349121	0.004449413410420698	balanced	5	sqrt	1	5	600	{'class_weight': 'balanced', 'max_depth': 5, 'max_features': 'sqrt', 'min_samples_leaf': 1, 'min_samples_split': 5, 'n_estimators': 600}	0.568781792919724	0.6103441050474949	0.5937662337662337	0.5317416924852683	0.5782480893592005	0.5765763827155842	0.026493205664339547	264
0.07136130332946777	0.016450375647977203	0.002394294738769531	0.0008449887792241796	balanced	5	sqrt	1	10	25	{'class_weight': 'balanced', 'max_depth': 5, 'max_features': 'sqrt', 'min_samples_leaf': 1, 'min_samples_split': 10, 'n_estimators': 25}	0.5325068094298864	0.5132754342431762	0.5738683127572016	0.5613472886247147	0.6428836863619473	0.5647763062833853	0.044472116690439406	631
0.14618525505065919	0.026980103563026513	0.004189586639404297	0.00145334334245596	balanced	5	sqrt	1	10	50	{'class_weight': 'balanced', 'max_depth': 5, 'max_features': 'sqrt', 'min_samples_leaf': 1, 'min_samples_split': 10, 'n_estimators': 50}	0.5820082578031961	0.5596301547914452	0.5356666666666666	0.5680205415499533	0.6391534391534393	0.5768958119929402	0.03457995086806571	255
0.2669611930847168	0.034170693100767605	0.011362457275390625	0.006299921805243653	balanced	5	sqrt	1	10	100	{'class_weight': 'balanced', 'max_depth': 5, 'max_features': 'sqrt', 'min_samples_leaf': 1, 'min_samples_split': 10, 'n_estimators': 100}	0.5553113553113553	0.6141731831387004	0.5347410759175465	0.5452847805788983	0.6820223171235708	0.5863065424140143	0.05520967867342367	72
0.41730637550354005	0.05539614806680093	0.009218788146972657	0.0033278412100775008	balanced	5	sqrt	1	10	150	{'class_weight': 'balanced', 'max_depth': 5, 'max_features': 'sqrt', 'min_samples_leaf': 1, 'min_samples_split': 10, 'n_estimators': 150}	0.568781792919724	0.6400049898501912	0.5638373234327657	0.5809983896940418	0.6253933539882145	0.5958031699769875	0.030985582300506333	23
0.48490033149719236	0.02735994614604937	0.010185146331787109	0.0024002020961845106	balanced	5	sqrt	1	10	200	{'class_weight': 'balanced', 'max_depth': 5, 'max_features': 'sqrt', 'min_samples_leaf': 1, 'min_samples_split': 10, 'n_estimators': 200}	0.5500062373127389	0.6203689167974882	0.5983681795002549	0.6134920634920635	0.6207407407407407	0.6005952275686572	0.02656077763068172	9
0.7275526523590088	0.017706015577052082	0.013184499740600587	0.004033906041540835	balanced	5	sqrt	1	10	300	{'class_weight': 'balanced', 'max_depth': 5, 'max_features': 'sqrt', 'min_samples_leaf': 1, 'min_samples_split': 10, 'n_estimators': 300}	0.5820082578031961	0.595005613581465	0.5962962962962963	0.6134920634920635	0.6005420054200542	0.5974688473186149	0.01012580842960758	17
0.9710307598114014	0.05608773785063407	0.02260103225708008	0.004047276505187269	balanced	5	sqrt	1	10	400	{'class_weight': 'balanced', 'max_depth': 5, 'max_features': 'sqrt', 'min_samples_leaf': 1, 'min_samples_split': 10, 'n_estimators': 400}	0.5853758912627709	0.6046024060300504	0.5962962962962963	0.6262958610784698	0.609626216077829	0.6044393341490834	0.013670128208233632	4
1.2657021522521972	0.02946087903490745	0.023134994506835937	0.0028648043097538687	balanced	5	sqrt	1	10	500	{'class_weight': 'balanced', 'max_depth': 5, 'max_features': 'sqrt', 'min_samples_leaf': 1, 'min_samples_split': 10, 'n_estimators': 500}	0.5853758912627709	0.6046024060300504	0.5962962962962963	0.6262958610784698	0.6301287139499774	0.6085398337235131	0.01722400669275341	1
1.5768897533416748	0.11365022572069665	0.03079986572265625	0.009656589919111462	balanced	5	sqrt	1	10	600	{'class_weight': 'balanced', 'max_depth': 5, 'max_features': 'sqrt', 'min_samples_leaf': 1, 'min_samples_split': 10, 'n_estimators': 600}	0.5757064364207221	0.5820082578031961	0.6163347763347763	0.6134920634920635	0.606266050333847	0.598761516876921	0.01669931075459859	15
0.07234363555908203	0.010721313046660708	0.0021973609924316405	0.0006042462444338743	balanced	5	sqrt	2	2	25	{'class_weight': 'balanced', 'max_depth': 5, 'max_features': 'sqrt', 'min_samples_leaf': 2, 'min_samples_split': 2, 'n_estimators': 25}	0.5882474333178558	0.5384615384615384	0.5776486300063106	0.5643097643097642	0.6349145122529887	0.5807163756696915	0.03180633290921829	159
0.14639501571655272	0.008914059370856405	0.004932880401611328	0.0020348241569682368	balanced	5	sqrt	2	2	50	{'class_weight': 'balanced', 'max_depth': 5, 'max_features': 'sqrt', 'min_samples_leaf': 2, 'min_samples_split': 2, 'n_estimators': 50}	0.5553113553113553	0.5757064364207221	0.5790514496396849	0.5413786992734361	0.606266050333847	0.5715427981958091	0.022148374977525167	381
0.2447042942047119	0.018682094786152872	0.00692906379699707	0.003098743567741694	balanced	5	sqrt	2	2	100	{'class_weight': 'balanced', 'max_depth': 5, 'max_features': 'sqrt', 'min_samples_leaf': 2, 'min_samples_split': 2, 'n_estimators': 100}	0.5325068094298864	0.595005613581465	0.5790514496396849	0.5184476342371079	0.6113606098176976	0.5672744233411684	0.03590028247777207	538
0.3945444583892822	0.04495831244915617	0.009281110763549805	0.003680595821184267	balanced	5	sqrt	2	2	150	{'class_weight': 'balanced', 'max_depth': 5, 'max_features': 'sqrt', 'min_samples_leaf': 2, 'min_samples_split': 2, 'n_estimators': 150}	0.5275751326171494	0.568781792919724	0.5838422994644729	0.5184476342371079	0.558540723101586	0.5514375164680081	0.024734975738072627	1235
0.522403621673584	0.02200710053751395	0.010495996475219727	0.0011098124166063635	balanced	5	sqrt	2	2	200	{'class_weight': 'balanced', 'max_depth': 5, 'max_features': 'sqrt', 'min_samples_leaf': 2, 'min_samples_split': 2, 'n_estimators': 200}	0.5275751326171494	0.5914774880292122	0.5486291486291487	0.5184476342371079	0.6155015388480624	0.5603261884721361	0.03735769922980269	811
0.7272064208984375	0.03382634030348932	0.013276195526123047	0.003093398190823391	balanced	5	sqrt	2	2	300	{'class_weight': 'balanced', 'max_depth': 5, 'max_features': 'sqrt', 'min_samples_leaf': 2, 'min_samples_split': 2, 'n_estimators': 300}	0.5594141095763419	0.6009204470742932	0.5486291486291487	0.5184476342371079	0.606266050333847	0.5667354779701477	0.03299828999751972	552
1.1000339984893799	0.031843944437621216	0.01813678741455078	0.0030295790678025337	balanced	5	sqrt	2	2	400	{'class_weight': 'balanced', 'max_depth': 5, 'max_features': 'sqrt', 'min_samples_leaf': 2, 'min_samples_split': 2, 'n_estimators': 400}	0.5594141095763419	0.5914774880292122	0.5638373234327657	0.5548188262228679	0.5763324299909666	0.5691760354504309	0.013255151975939244	467
1.279855442047119	0.031170943687125866	0.022916650772094725	0.004928715711343904	balanced	5	sqrt	2	2	500	{'class_weight': 'balanced', 'max_depth': 5, 'max_features': 'sqrt', 'min_samples_leaf': 2, 'min_samples_split': 2, 'n_estimators': 500}	0.5500062373127389	0.6009204470742932	0.5838422994644729	0.5413786992734361	0.5941333333333334	0.5740562032916549	0.023944797161282675	310
1.4727084159851074	0.030418101377145165	0.024000024795532225	0.0034199960790491876	balanced	5	sqrt	2	2	600	{'class_weight': 'balanced', 'max_depth': 5, 'max_features': 'sqrt', 'min_samples_leaf': 2, 'min_samples_split': 2, 'n_estimators': 600}	0.5725059254471019	0.6141731831387004	0.5711976911976913	0.5548188262228679	0.5782480893592005	0.5781887430731124	0.01960717055007291	207
0.06411080360412598	0.003916951097325983	0.002306413650512695	0.0008108358300572918	balanced	5	sqrt	2	5	25	{'class_weight': 'balanced', 'max_depth': 5, 'max_features': 'sqrt', 'min_samples_leaf': 2, 'min_samples_split': 5, 'n_estimators': 25}	0.49163166489577914	0.5164835164835165	0.5831896551724138	0.5600335249042145	0.5776486300063106	0.5457973982924469	0.03580105997950558	1529
0.11830434799194336	0.007622832269455377	0.005122566223144531	0.0012432062285652656	balanced	5	sqrt	2	5	50	{'class_weight': 'balanced', 'max_depth': 5, 'max_features': 'sqrt', 'min_samples_leaf': 2, 'min_samples_split': 5, 'n_estimators': 50}	0.5132754342431762	0.5757064364207221	0.5790514496396849	0.5357009183096141	0.5551546078610048	0.5517777692948403	0.0247739085761925	1210
0.24231257438659667	0.006595658005464925	0.0077129840850830075	0.0012298471319248134	balanced	5	sqrt	2	5	100	{'class_weight': 'balanced', 'max_depth': 5, 'max_features': 'sqrt', 'min_samples_leaf': 2, 'min_samples_split': 5, 'n_estimators': 100}	0.5132754342431762	0.5594141095763419	0.5673769596099694	0.5130521826173999	0.6391534391534393	0.5584544250400654	0.04625012069792401	891
0.36575918197631835	0.012842144650220046	0.00905919075012207	0.0035331033148948776	balanced	5	sqrt	2	5	150	{'class_weight': 'balanced', 'max_depth': 5, 'max_features': 'sqrt', 'min_samples_leaf': 2, 'min_samples_split': 5, 'n_estimators': 150}	0.5132754342431762	0.5594141095763419	0.5862046401798034	0.5319890224394253	0.5914703850260662	0.5564707182929627	0.030275179043087363	970
0.47506165504455566	0.009130967936435804	0.008738183975219726	0.001457145064201947	balanced	5	sqrt	2	5	200	{'class_weight': 'balanced', 'max_depth': 5, 'max_features': 'sqrt', 'min_samples_leaf': 2, 'min_samples_split': 5, 'n_estimators': 200}	0.49866378033293085	0.5820082578031961	0.5962962962962963	0.5276848755109624	0.6207407407407407	0.5650787901368253	0.0450968972094838	622
0.7380491733551026	0.030910911943094328	0.01449880599975586	0.0024521335148377454	balanced	5	sqrt	2	5	300	{'class_weight': 'balanced', 'max_depth': 5, 'max_features': 'sqrt', 'min_samples_leaf': 2, 'min_samples_split': 5, 'n_estimators': 300}	0.5645022350530825	0.5914774880292122	0.5583496540018279	0.5507246376811594	0.6005420054200542	0.5731192040370673	0.019405901122135756	333
0.9630372047424316	0.023527798035904626	0.021386432647705077	0.005460766496766323	balanced	5	sqrt	2	5	400	{'class_weight': 'balanced', 'max_depth': 5, 'max_features': 'sqrt', 'min_samples_leaf': 2, 'min_samples_split': 5, 'n_estimators': 400}	0.5820082578031961	0.5820082578031961	0.5638373234327657	0.546031746031746	0.5763324299909666	0.5700436030123741	0.013718181039570482	427
1.2203353881835937	0.026836147387948598	0.02618398666381836	0.001999951728872026	balanced	5	sqrt	2	5	500	{'class_weight': 'balanced', 'max_depth': 5, 'max_features': 'sqrt', 'min_samples_leaf': 2, 'min_samples_split': 5, 'n_estimators': 500}	0.5725059254471019	0.5820082578031961	0.5962962962962963	0.546031746031746	0.5869756846431933	0.5767635820443067	0.01718076816535624	257
1.435908555984497	0.04188691306637767	0.03284997940063476	0.0030126621972948	balanced	5	sqrt	2	5	600	{'class_weight': 'balanced', 'max_depth': 5, 'max_features': 'sqrt', 'min_samples_leaf': 2, 'min_samples_split': 5, 'n_estimators': 600}	0.5594141095763419	0.5820082578031961	0.5711976911976913	0.5643097643097642	0.5617777777777778	0.5677415201329542	0.008150752844584684	520
0.06060891151428223	0.004486383139032981	0.002172040939331055	0.0009438708125978468	balanced	5	sqrt	2	10	25	{'class_weight': 'balanced', 'max_depth': 5, 'max_features': 'sqrt', 'min_samples_leaf': 2, 'min_samples_split': 10, 'n_estimators': 25}	0.5368199613494875	0.5596301547914452	0.6429939373335599	0.551440329218107	0.6253933539882145	0.5832555473361628	0.04259319408460508	116
0.11968579292297363	0.005266342845197141	0.004640960693359375	0.002131493345240649	balanced	5	sqrt	2	10	50	{'class_weight': 'balanced', 'max_depth': 5, 'max_features': 'sqrt', 'min_samples_leaf': 2, 'min_samples_split': 10, 'n_estimators': 50}	0.568781792919724	0.5541223803518884	0.5673769596099694	0.5548188262228679	0.6158730158730159	0.5721945949954932	0.022676787963177233	357
0.24030275344848634	0.010352324118126697	0.006287431716918946	0.0014823697164524552	balanced	5	sqrt	2	10	100	{'class_weight': 'balanced', 'max_depth': 5, 'max_features': 'sqrt', 'min_samples_leaf': 2, 'min_samples_split': 10, 'n_estimators': 100}	0.568781792919724	0.5874231700502887	0.5760553005836025	0.5907563025210084	0.6624338624338625	0.5970900857016972	0.03360713272627947	20
0.35750041007995603	0.03803739615521853	0.006424427032470703	0.0011278830908161013	balanced	5	sqrt	2	10	150	{'class_weight': 'balanced', 'max_depth': 5, 'max_features': 'sqrt', 'min_samples_leaf': 2, 'min_samples_split': 10, 'n_estimators': 150}	0.5725059254471019	0.6009204470742932	0.5777777777777777	0.5776486300063106	0.606266050333847	0.5870237661278661	0.013766135395892673	68
0.46714067459106445	0.004288628524191747	0.0108489990234375	0.003379757247636004	balanced	5	sqrt	2	10	200	{'class_weight': 'balanced', 'max_depth': 5, 'max_features': 'sqrt', 'min_samples_leaf': 2, 'min_samples_split': 10, 'n_estimators': 200}	0.5594141095763419	0.6237249929557621	0.5738683127572016	0.5809983896940418	0.6005420054200542	0.5877095620806803	0.02235636604298287	62
0.7218374729156494	0.018997578176182257	0.012724733352661133	0.002050715935529499	balanced	5	sqrt	2	10	300	{'class_weight': 'balanced', 'max_depth': 5, 'max_features': 'sqrt', 'min_samples_leaf': 2, 'min_samples_split': 10, 'n_estimators': 300}	0.568781792919724	0.617505301715828	0.5711976911976913	0.5776486300063106	0.5852278545826933	0.5840722540844494	0.01766306657908462	101
0.9531868457794189	0.016297470562617218	0.018427133560180664	0.005047320936668789	balanced	5	sqrt	2	10	400	{'class_weight': 'balanced', 'max_depth': 5, 'max_features': 'sqrt', 'min_samples_leaf': 2, 'min_samples_split': 10, 'n_estimators': 400}	0.5853758912627709	0.6141731831387004	0.6085719569268411	0.6004784337897533	0.5608294930875576	0.5938857916411246	0.019161742684772862	27
1.2988401412963868	0.03387482302559985	0.022990083694458006	0.002567292737039308	balanced	5	sqrt	2	10	500	{'class_weight': 'balanced', 'max_depth': 5, 'max_features': 'sqrt', 'min_samples_leaf': 2, 'min_samples_split': 10, 'n_estimators': 500}	0.5757064364207221	0.6141731831387004	0.6103703703703703	0.6163347763347763	0.5763324299909666	0.5985834392511071	0.018523209762594403	16
1.5158902645111083	0.06814257513812504	0.028676223754882813	0.006224611992640078	balanced	5	sqrt	2	10	600	{'class_weight': 'balanced', 'max_depth': 5, 'max_features': 'sqrt', 'min_samples_leaf': 2, 'min_samples_split': 10, 'n_estimators': 600}	0.5629637772769747	0.6046024060300504	0.6163347763347763	0.6004784337897533	0.5608294930875576	0.5890417773038223	0.022776448977555406	49
0.06804862022399902	0.013047597763341528	0.002342844009399414	0.0010102979072072337	balanced	5	sqrt	4	2	25	{'class_weight': 'balanced', 'max_depth': 5, 'max_features': 'sqrt', 'min_samples_leaf': 4, 'min_samples_split': 2, 'n_estimators': 25}	0.5368199613494875	0.5685200811504695	0.5486291486291487	0.6036471253862559	0.5968041620215533	0.5708840957073829	0.02610173341103136	403
0.12390704154968261	0.006426817251073268	0.004041719436645508	0.001972885407650598	balanced	5	sqrt	4	2	50	{'class_weight': 'balanced', 'max_depth': 5, 'max_features': 'sqrt', 'min_samples_leaf': 4, 'min_samples_split': 2, 'n_estimators': 50}	0.568781792919724	0.6009204470742932	0.5895627565530478	0.5680205415499533	0.597037037037037	0.584864515026811	0.013931332400775808	84
0.23377728462219238	0.006889358794882891	0.00632328987121582	0.0017972836293719942	balanced	5	sqrt	4	2	100	{'class_weight': 'balanced', 'max_depth': 5, 'max_features': 'sqrt', 'min_samples_leaf': 4, 'min_samples_split': 2, 'n_estimators': 100}	0.5368199613494875	0.5980376766091052	0.5983681795002549	0.5613472886247147	0.6253933539882145	0.5839932920143555	0.0311641199325682	102
0.3496235370635986	0.010252673545640587	0.009461212158203124	0.002964770036942444	balanced	5	sqrt	4	2	150	{'class_weight': 'balanced', 'max_depth': 5, 'max_features': 'sqrt', 'min_samples_leaf': 4, 'min_samples_split': 2, 'n_estimators': 150}	0.5405516632911784	0.6197555945455105	0.6309392736738787	0.5613472886247147	0.606345785440613	0.5917879211151791	0.03486756888636197	36
0.46408934593200685	0.009426003255316761	0.011554193496704102	0.003327100982924518	balanced	5	sqrt	4	2	200	{'class_weight': 'balanced', 'max_depth': 5, 'max_features': 'sqrt', 'min_samples_leaf': 4, 'min_samples_split': 2, 'n_estimators': 200}	0.5368199613494875	0.6368688782481886	0.6206810584169075	0.5583496540018279	0.5968041620215533	0.589904742807593	0.03745432220091894	46
0.7917556762695312	0.028833368403836056	0.01500859260559082	0.002852815484870247	balanced	5	sqrt	4	2	300	{'class_weight': 'balanced', 'max_depth': 5, 'max_features': 'sqrt', 'min_samples_leaf': 4, 'min_samples_split': 2, 'n_estimators': 300}	0.5725059254471019	0.6237249929557621	0.5862046401798034	0.5809983896940418	0.5733333333333334	0.5873534563220085	0.01887648457300167	64
1.0427746295928955	0.02496581060239744	0.020496368408203125	0.002912902377737039	balanced	5	sqrt	4	2	400	{'class_weight': 'balanced', 'max_depth': 5, 'max_features': 'sqrt', 'min_samples_leaf': 4, 'min_samples_split': 2, 'n_estimators': 400}	0.5757064364207221	0.633265040044701	0.618724279835391	0.6134920634920635	0.5785675232367414	0.6039510686059238	0.022850255568583555	5
1.2579081058502197	0.02125079366765842	0.02224102020263672	0.0028344595125225883	balanced	5	sqrt	4	2	500	{'class_weight': 'balanced', 'max_depth': 5, 'max_features': 'sqrt', 'min_samples_leaf': 4, 'min_samples_split': 2, 'n_estimators': 500}	0.5853758912627709	0.6009204470742932	0.6288323211439892	0.6036471253862559	0.6113606098176976	0.6060272789370014	0.014189707846294386	2
1.474912166595459	0.02723777780179601	0.027930450439453126	0.004998461199726035	balanced	5	sqrt	4	2	600	{'class_weight': 'balanced', 'max_depth': 5, 'max_features': 'sqrt', 'min_samples_leaf': 4, 'min_samples_split': 2, 'n_estimators': 600}	0.5757064364207221	0.5820082578031961	0.6163347763347763	0.6036471253862559	0.5852278545826933	0.5925848901055287	0.015081800069232711	31
0.06446871757507325	0.003908700642841592	0.0025476455688476563	0.0006891712386525848	balanced	5	sqrt	4	5	25	{'class_weight': 'balanced', 'max_depth': 5, 'max_features': 'sqrt', 'min_samples_leaf': 4, 'min_samples_split': 5, 'n_estimators': 25}	0.5368199613494875	0.5685200811504695	0.5486291486291487	0.6036471253862559	0.5968041620215533	0.5708840957073829	0.02610173341103136	403
0.12388834953308106	0.01016688689380827	0.004654312133789062	0.001486907981464414	balanced	5	sqrt	4	5	50	{'class_weight': 'balanced', 'max_depth': 5, 'max_features': 'sqrt', 'min_samples_leaf': 4, 'min_samples_split': 5, 'n_estimators': 50}	0.568781792919724	0.6009204470742932	0.5895627565530478	0.5680205415499533	0.597037037037037	0.584864515026811	0.013931332400775808	84
0.2418281078338623	0.02491777964352453	0.007193279266357422	0.0018990113335447401	balanced	5	sqrt	4	5	100	{'class_weight': 'balanced', 'max_depth': 5, 'max_features': 'sqrt', 'min_samples_leaf': 4, 'min_samples_split': 5, 'n_estimators': 100}	0.5368199613494875	0.5980376766091052	0.5983681795002549	0.5613472886247147	0.6253933539882145	0.5839932920143555	0.0311641199325682	102
0.35947108268737793	0.012831875151356689	0.007957220077514648	0.002642915862531616	balanced	5	sqrt	4	5	150	{'class_weight': 'balanced', 'max_depth': 5, 'max_features': 'sqrt', 'min_samples_leaf': 4, 'min_samples_split': 5, 'n_estimators': 150}	0.5405516632911784	0.6197555945455105	0.6309392736738787	0.5613472886247147	0.606345785440613	0.5917879211151791	0.03486756888636197	36
0.45226516723632815	0.01983719562540521	0.01290898323059082	0.0029787557011238053	balanced	5	sqrt	4	5	200	{'class_weight': 'balanced', 'max_depth': 5, 'max_features': 'sqrt', 'min_samples_leaf': 4, 'min_samples_split': 5, 'n_estimators': 200}	0.5368199613494875	0.6368688782481886	0.6206810584169075	0.5583496540018279	0.5968041620215533	0.589904742807593	0.03745432220091894	46
0.7092029094696045	0.02407873123404193	0.015582799911499023	0.005953550406534629	balanced	5	sqrt	4	5	300	{'class_weight': 'balanced', 'max_depth': 5, 'max_features': 'sqrt', 'min_samples_leaf': 4, 'min_samples_split': 5, 'n_estimators': 300}	0.5725059254471019	0.6237249929557621	0.5862046401798034	0.5809983896940418	0.5733333333333334	0.5873534563220085	0.01887648457300167	64
0.9951746463775635	0.06831414401696279	0.018354463577270507	0.00279469269690241	balanced	5	sqrt	4	5	400	{'class_weight': 'balanced', 'max_depth': 5, 'max_features': 'sqrt', 'min_samples_leaf': 4, 'min_samples_split': 5, 'n_estimators': 400}	0.5757064364207221	0.633265040044701	0.618724279835391	0.6134920634920635	0.5785675232367414	0.6039510686059238	0.022850255568583555	5
1.1871877193450928	0.05218370722488766	0.018985891342163087	0.003652760615379401	balanced	5	sqrt	4	5	500	{'class_weight': 'balanced', 'max_depth': 5, 'max_features': 'sqrt', 'min_samples_leaf': 4, 'min_samples_split': 5, 'n_estimators': 500}	0.5853758912627709	0.6009204470742932	0.6288323211439892	0.6036471253862559	0.6113606098176976	0.6060272789370014	0.014189707846294386	2
1.418273401260376	0.024410450605508147	0.030905818939208983	0.004570914992421878	balanced	5	sqrt	4	5	600	{'class_weight': 'balanced', 'max_depth': 5, 'max_features': 'sqrt', 'min_samples_leaf': 4, 'min_samples_split': 5, 'n_estimators': 600}	0.5757064364207221	0.5820082578031961	0.6163347763347763	0.6036471253862559	0.5852278545826933	0.5925848901055287	0.015081800069232711	31
0.0603273868560791	0.0029798713831825506	0.003238487243652344	0.0008521365981168002	balanced	5	sqrt	4	10	25	{'class_weight': 'balanced', 'max_depth': 5, 'max_features': 'sqrt', 'min_samples_leaf': 4, 'min_samples_split': 10, 'n_estimators': 25}	0.5142258131226334	0.5463929058248526	0.6	0.5937662337662337	0.5785675232367414	0.5665904951900922	0.032087902779163194	555
0.12304148674011231	0.004660579723959445	0.004643058776855469	0.0017344601755447824	balanced	5	sqrt	4	10	50	{'class_weight': 'balanced', 'max_depth': 5, 'max_features': 'sqrt', 'min_samples_leaf': 4, 'min_samples_split': 10, 'n_estimators': 50}	0.5553113553113553	0.5500062373127389	0.524198242609071	0.5613472886247147	0.5824033867177165	0.5546533021151193	0.01878518323384412	1064
0.23881907463073732	0.009772900963539458	0.005313968658447266	0.0017484434884593998	balanced	5	sqrt	4	10	100	{'class_weight': 'balanced', 'max_depth': 5, 'max_features': 'sqrt', 'min_samples_leaf': 4, 'min_samples_split': 10, 'n_estimators': 100}	0.5596301547914452	0.568781792919724	0.5658412698412698	0.5486291486291487	0.6113606098176976	0.570848595199857	0.02140152106002604	405
0.3528164863586426	0.013735818590198765	0.008357954025268555	0.003696288497112107	balanced	5	sqrt	4	10	150	{'class_weight': 'balanced', 'max_depth': 5, 'max_features': 'sqrt', 'min_samples_leaf': 4, 'min_samples_split': 10, 'n_estimators': 150}	0.5594141095763419	0.5757064364207221	0.5738683127572016	0.5583496540018279	0.5642528049471155	0.5663182635406419	0.007219047476574126	564
0.4775240421295166	0.0077644220211433995	0.011544752120971679	0.003763017286308535	balanced	5	sqrt	4	10	200	{'class_weight': 'balanced', 'max_depth': 5, 'max_features': 'sqrt', 'min_samples_leaf': 4, 'min_samples_split': 10, 'n_estimators': 200}	0.5500062373127389	0.5629637772769747	0.5962962962962963	0.5583496540018279	0.5785675232367414	0.5692366976249159	0.016413250983369036	465
0.7111250877380371	0.011893277467467038	0.015134429931640625	0.003347497306169536	balanced	5	sqrt	4	10	300	{'class_weight': 'balanced', 'max_depth': 5, 'max_features': 'sqrt', 'min_samples_leaf': 4, 'min_samples_split': 10, 'n_estimators': 300}	0.5725059254471019	0.6227883227883227	0.5738683127572016	0.6036471253862559	0.5785675232367414	0.5902754419231246	0.019788452713734996	45
0.9520882129669189	0.0402871157816832	0.020395183563232423	0.00815863108715476	balanced	5	sqrt	4	10	400	{'class_weight': 'balanced', 'max_depth': 5, 'max_features': 'sqrt', 'min_samples_leaf': 4, 'min_samples_split': 10, 'n_estimators': 400}	0.5853758912627709	0.6141731831387004	0.5983681795002549	0.6134920634920635	0.5831896551724138	0.5989197945132407	0.013237792609139428	14
1.215949821472168	0.07837330510361856	0.02457714080810547	0.0018519508770202544	balanced	5	sqrt	4	10	500	{'class_weight': 'balanced', 'max_depth': 5, 'max_features': 'sqrt', 'min_samples_leaf': 4, 'min_samples_split': 10, 'n_estimators': 500}	0.5757064364207221	0.617505301715828	0.5881058201058201	0.6262958610784698	0.5785675232367414	0.5972361885115163	0.020739886379843694	19
1.4372769355773927	0.10024701248330309	0.026618194580078126	0.0014840908564933968	balanced	5	sqrt	4	10	600	{'class_weight': 'balanced', 'max_depth': 5, 'max_features': 'sqrt', 'min_samples_leaf': 4, 'min_samples_split': 10, 'n_estimators': 600}	0.5853758912627709	0.607788005248567	0.5838422994644729	0.6134920634920635	0.5695353535353536	0.5920067226006456	0.016286539916632994	35
0.03534989356994629	0.0059421452767536315	0.002860260009765625	0.0009736104417327687	balanced	5	log2	1	2	25	{'class_weight': 'balanced', 'max_depth': 5, 'max_features': 'log2', 'min_samples_leaf': 1, 'min_samples_split': 2, 'n_estimators': 25}	0.5853758912627709	0.6046024060300504	0.5319890224394253	0.5046451133407656	0.6349145122529887	0.5723053890652002	0.04761755971882351	354
0.07869863510131836	0.01084174747319505	0.0037399768829345704	0.001943664785587412	balanced	5	log2	1	2	50	{'class_weight': 'balanced', 'max_depth': 5, 'max_features': 'log2', 'min_samples_leaf': 1, 'min_samples_split': 2, 'n_estimators': 50}	0.5594141095763419	0.5645022350530825	0.5737643998513563	0.5809983896940418	0.6444444444444445	0.5846247157238534	0.030822023088046983	94
0.13116393089294434	0.01028715144742206	0.0069545269012451175	0.0017803888427869862	balanced	5	log2	1	2	100	{'class_weight': 'balanced', 'max_depth': 5, 'max_features': 'log2', 'min_samples_leaf': 1, 'min_samples_split': 2, 'n_estimators': 100}	0.4957394300614639	0.605984875339714	0.6489445967706838	0.5643097643097642	0.6526580459770115	0.5935273424917276	0.058547151909259895	28
0.18895602226257324	0.008164962368160425	0.006521987915039063	0.0013428561905806935	balanced	5	log2	1	2	150	{'class_weight': 'balanced', 'max_depth': 5, 'max_features': 'log2', 'min_samples_leaf': 1, 'min_samples_split': 2, 'n_estimators': 150}	0.5415813000558763	0.5967104790634203	0.5583496540018279	0.6331029594187488	0.6722191847396877	0.6003927154559123	0.04789355324575345	10
0.2515206813812256	0.011394962260377306	0.008726739883422851	0.0021085908572923626	balanced	5	log2	1	2	200	{'class_weight': 'balanced', 'max_depth': 5, 'max_features': 'log2', 'min_samples_leaf': 1, 'min_samples_split': 2, 'n_estimators': 200}	0.5097022635484174	0.5828075150655795	0.5776486300063106	0.5872408293460926	0.6301287139499774	0.5775055903832755	0.038702428882757975	237
0.38574581146240233	0.008924860692334646	0.014969873428344726	0.00526076849907383	balanced	5	log2	1	2	300	{'class_weight': 'balanced', 'max_depth': 5, 'max_features': 'log2', 'min_samples_leaf': 1, 'min_samples_split': 2, 'n_estimators': 300}	0.5233904027007475	0.591935635154711	0.6063373103042311	0.5276848755109624	0.6349145122529887	0.5768525471847281	0.04414454307648136	256
0.5115146160125732	0.043396185998888406	0.01981797218322754	0.006052656823679304	balanced	5	log2	1	2	400	{'class_weight': 'balanced', 'max_depth': 5, 'max_features': 'log2', 'min_samples_leaf': 1, 'min_samples_split': 2, 'n_estimators': 400}	0.5325068094298864	0.605984875339714	0.6004784337897533	0.5507246376811594	0.606266050333847	0.579192161314872	0.031285371564884895	186
0.6655611991882324	0.022521264008064028	0.02449665069580078	0.005356913513010221	balanced	5	log2	1	2	500	{'class_weight': 'balanced', 'max_depth': 5, 'max_features': 'log2', 'min_samples_leaf': 1, 'min_samples_split': 2, 'n_estimators': 500}	0.5142258131226334	0.5865530363256697	0.6036471253862559	0.5276848755109624	0.597037037037037	0.5658295774765116	0.03728672952226179	581
0.7727663516998291	0.021199047042902923	0.027922391891479492	0.0035299901105125503	balanced	5	log2	1	2	600	{'class_weight': 'balanced', 'max_depth': 5, 'max_features': 'log2', 'min_samples_leaf': 1, 'min_samples_split': 2, 'n_estimators': 600}	0.5142258131226334	0.5828075150655795	0.6036471253862559	0.5368773946360154	0.5824033867177165	0.5639922469856401	0.03309805709555962	660
0.036298608779907225	0.002264715885427451	0.002219867706298828	0.0007821965350978926	balanced	5	log2	1	5	25	{'class_weight': 'balanced', 'max_depth': 5, 'max_features': 'log2', 'min_samples_leaf': 1, 'min_samples_split': 5, 'n_estimators': 25}	0.5181395493053823	0.5980376766091052	0.5711976911976913	0.5184476342371079	0.5831896551724138	0.5578024413043401	0.03336094527659105	920
0.07038936614990235	0.005561173264118458	0.0033014774322509765	0.0009278903461660285	balanced	5	log2	1	5	50	{'class_weight': 'balanced', 'max_depth': 5, 'max_features': 'log2', 'min_samples_leaf': 1, 'min_samples_split': 5, 'n_estimators': 50}	0.47799901248177107	0.5233904027007475	0.5613472886247147	0.5163572669451982	0.6340245775729646	0.5426237096650792	0.052803198121605645	1677
0.12546114921569823	0.013322597348711697	0.0047073841094970705	0.0014236602304531203	balanced	5	log2	1	5	100	{'class_weight': 'balanced', 'max_depth': 5, 'max_features': 'log2', 'min_samples_leaf': 1, 'min_samples_split': 5, 'n_estimators': 100}	0.47799901248177107	0.5828075150655795	0.6085719569268411	0.49386225610544	0.7248272195640617	0.5776135920287386	0.08898831389912033	227
0.19387950897216796	0.005010663365903555	0.010441875457763672	0.0022173780383876506	balanced	5	log2	1	5	150	{'class_weight': 'balanced', 'max_depth': 5, 'max_features': 'log2', 'min_samples_leaf': 1, 'min_samples_split': 5, 'n_estimators': 150}	0.5142258131226334	0.5736653635813299	0.5937662337662337	0.5163572669451982	0.6428836863619473	0.5681796727554685	0.04870736139508179	499
0.2605114936828613	0.008772284869451067	0.010109329223632812	0.001701399373322101	balanced	5	log2	1	5	200	{'class_weight': 'balanced', 'max_depth': 5, 'max_features': 'log2', 'min_samples_leaf': 1, 'min_samples_split': 5, 'n_estimators': 200}	0.49921985133252744	0.5775896234912629	0.5711976911976913	0.5357009183096141	0.6444444444444445	0.565630505755108	0.048356604942859045	588
0.41332616806030276	0.014360138692710914	0.014027929306030274	0.004201392535881352	balanced	5	log2	1	5	300	{'class_weight': 'balanced', 'max_depth': 5, 'max_features': 'log2', 'min_samples_leaf': 1, 'min_samples_split': 5, 'n_estimators': 300}	0.5275065491783758	0.5686176714492661	0.5809983896940418	0.5486291486291487	0.601980438612478	0.5655464395126621	0.0257249276302328	589
0.5123374462127686	0.0507211361987445	0.02252798080444336	0.010739214140048135	balanced	5	log2	1	5	400	{'class_weight': 'balanced', 'max_depth': 5, 'max_features': 'log2', 'min_samples_leaf': 1, 'min_samples_split': 5, 'n_estimators': 400}	0.5405516632911784	0.5865530363256697	0.6134920634920635	0.5583496540018279	0.6113606098176976	0.5820614053856874	0.028816003332496516	143
0.7284494400024414	0.04519215241707391	0.022467327117919923	0.0028478577278913345	balanced	5	log2	1	5	500	{'class_weight': 'balanced', 'max_depth': 5, 'max_features': 'log2', 'min_samples_leaf': 1, 'min_samples_split': 5, 'n_estimators': 500}	0.5500062373127389	0.5775896234912629	0.6163347763347763	0.5452847805788983	0.6207407407407407	0.5819912316916833	0.031845819454557896	147
0.7854658126831054	0.07177202287501284	0.03134312629699707	0.004800706185945022	balanced	5	log2	1	5	600	{'class_weight': 'balanced', 'max_depth': 5, 'max_features': 'log2', 'min_samples_leaf': 1, 'min_samples_split': 5, 'n_estimators': 600}	0.5275065491783758	0.5775896234912629	0.5937662337662337	0.5452847805788983	0.5914703850260662	0.5671235144081674	0.026300487722857223	540
0.029221487045288087	0.003208880222551705	0.0016314983367919922	1.6194923112622923e-05	balanced	5	log2	1	10	25	{'class_weight': 'balanced', 'max_depth': 5, 'max_features': 'log2', 'min_samples_leaf': 1, 'min_samples_split': 10, 'n_estimators': 25}	0.5594141095763419	0.6005994005994006	0.623308237573196	0.5642528049471155	0.6391534391534393	0.5973455983698986	0.03151657415694133	18
0.06515336036682129	0.006710810163456501	0.004653549194335938	0.0012043776632811652	balanced	5	log2	1	10	50	{'class_weight': 'balanced', 'max_depth': 5, 'max_features': 'log2', 'min_samples_leaf': 1, 'min_samples_split': 10, 'n_estimators': 50}	0.4957394300614639	0.5853758912627709	0.5452847805788983	0.5507246376811594	0.5925925925925926	0.5539434664353771	0.03451027624569845	1103
0.12977848052978516	0.0035432594875597816	0.006103610992431641	0.001996550182764937	balanced	5	log2	1	10	100	{'class_weight': 'balanced', 'max_depth': 5, 'max_features': 'log2', 'min_samples_leaf': 1, 'min_samples_split': 10, 'n_estimators': 100}	0.4957394300614639	0.5725059254471019	0.5962962962962963	0.5613472886247147	0.6428836863619473	0.5737545253583047	0.0480183838906833	314
0.18773956298828126	0.007600161995414954	0.008024120330810547	0.0024190022708894176	balanced	5	log2	1	10	150	{'class_weight': 'balanced', 'max_depth': 5, 'max_features': 'log2', 'min_samples_leaf': 1, 'min_samples_split': 10, 'n_estimators': 150}	0.5325068094298864	0.5781159011928243	0.5838422994644729	0.5065843621399178	0.6158730158730159	0.5633844776200234	0.03891084032618648	679
0.26128416061401366	0.011416291016966298	0.009951639175415038	0.0024547286724755563	balanced	5	log2	1	10	200	{'class_weight': 'balanced', 'max_depth': 5, 'max_features': 'log2', 'min_samples_leaf': 1, 'min_samples_split': 10, 'n_estimators': 200}	0.5594141095763419	0.5553113553113553	0.5680205415499533	0.5613472886247147	0.6539913775661078	0.5796169345256945	0.03741317785445495	175
0.3991719722747803	0.018033894882494263	0.014275360107421874	0.002655703631800777	balanced	5	log2	1	10	300	{'class_weight': 'balanced', 'max_depth': 5, 'max_features': 'log2', 'min_samples_leaf': 1, 'min_samples_split': 10, 'n_estimators': 300}	0.5594141095763419	0.568781792919724	0.5738683127572016	0.5738683127572016	0.6158730158730159	0.5783611087766969	0.01948468976983909	206
0.5171397686004638	0.004091066724795144	0.02291703224182129	0.005140641100594533	balanced	5	log2	1	10	400	{'class_weight': 'balanced', 'max_depth': 5, 'max_features': 'log2', 'min_samples_leaf': 1, 'min_samples_split': 10, 'n_estimators': 400}	0.5500062373127389	0.605984875339714	0.5680205415499533	0.5862046401798034	0.606345785440613	0.5833124159645646	0.021891023018345883	114
0.6487435817718505	0.022655814769009915	0.023637914657592775	0.004596825180258023	balanced	5	log2	1	10	500	{'class_weight': 'balanced', 'max_depth': 5, 'max_features': 'log2', 'min_samples_leaf': 1, 'min_samples_split': 10, 'n_estimators': 500}	0.5368199613494875	0.5967104790634203	0.5937662337662337	0.5711976911976913	0.601980438612478	0.5800949607978622	0.024057598693875568	167
0.7713707447052002	0.024122649556666747	0.028272390365600586	0.001566533311730245	balanced	5	log2	1	10	600	{'class_weight': 'balanced', 'max_depth': 5, 'max_features': 'log2', 'min_samples_leaf': 1, 'min_samples_split': 10, 'n_estimators': 600}	0.5500062373127389	0.5967104790634203	0.5937662337662337	0.5711976911976913	0.601980438612478	0.5827322159905124	0.019450811826396318	127
0.03343667984008789	0.0016675417139067454	0.0020127296447753906	0.0007212745942366536	balanced	5	log2	2	2	25	{'class_weight': 'balanced', 'max_depth': 5, 'max_features': 'log2', 'min_samples_leaf': 2, 'min_samples_split': 2, 'n_estimators': 25}	0.5181395493053823	0.607788005248567	0.5413786992734361	0.5968041620215533	0.6917976489235239	0.5911816129544925	0.06040934578424277	44
0.06675229072570801	0.00790418582334969	0.0038462162017822267	0.0016179322660627195	balanced	5	log2	2	2	50	{'class_weight': 'balanced', 'max_depth': 5, 'max_features': 'log2', 'min_samples_leaf': 2, 'min_samples_split': 2, 'n_estimators': 50}	0.4825071729096497	0.5594141095763419	0.5600335249042145	0.5548188262228679	0.6349145122529887	0.5583376291732126	0.0482300610946035	903
0.13177227973937988	0.006886396865172891	0.006675815582275391	0.0023989938053269023	balanced	5	log2	2	2	100	{'class_weight': 'balanced', 'max_depth': 5, 'max_features': 'log2', 'min_samples_leaf': 2, 'min_samples_split': 2, 'n_estimators': 100}	0.5142258131226334	0.6152535988601562	0.5486291486291487	0.5809983896940418	0.6624338624338625	0.5843081625479685	0.05149121739238865	95
0.19391298294067383	0.005437888305797351	0.0074859619140625	0.0014593655609979308	balanced	5	log2	2	2	150	{'class_weight': 'balanced', 'max_depth': 5, 'max_features': 'log2', 'min_samples_leaf': 2, 'min_samples_split': 2, 'n_estimators': 150}	0.5275065491783758	0.5506202480992397	0.5680205415499533	0.5583496540018279	0.5914703850260662	0.5591934755710926	0.020966590309833718	870
0.26400198936462405	0.006450305244259503	0.011104393005371093	0.0034917848839632806	balanced	5	log2	2	2	200	{'class_weight': 'balanced', 'max_depth': 5, 'max_features': 'log2', 'min_samples_leaf': 2, 'min_samples_split': 2, 'n_estimators': 200}	0.5142258131226334	0.5596301547914452	0.5613472886247147	0.5452847805788983	0.6207407407407407	0.5602457555716864	0.03464939089144463	814
0.45210943222045896	0.027210531514317633	0.013741636276245117	0.001614076063489948	balanced	5	log2	2	2	300	{'class_weight': 'balanced', 'max_depth': 5, 'max_features': 'log2', 'min_samples_leaf': 2, 'min_samples_split': 2, 'n_estimators': 300}	0.5233904027007475	0.6010568666306372	0.5760553005836025	0.5643097643097642	0.601980438612478	0.5733585545674459	0.028887291263162043	330
0.5529451847076416	0.03860630146825227	0.019350194931030275	0.00302168376197533	balanced	5	log2	2	2	400	{'class_weight': 'balanced', 'max_depth': 5, 'max_features': 'log2', 'min_samples_leaf': 2, 'min_samples_split': 2, 'n_estimators': 400}	0.5233904027007475	0.591935635154711	0.6134920634920635	0.5776486300063106	0.6253933539882145	0.5863720170684095	0.03558622410268441	71
0.6792244434356689	0.044903851142034205	0.025694561004638673	0.006737386005632491	balanced	5	log2	2	2	500	{'class_weight': 'balanced', 'max_depth': 5, 'max_features': 'log2', 'min_samples_leaf': 2, 'min_samples_split': 2, 'n_estimators': 500}	0.5097022635484174	0.6010568666306372	0.5711976911976913	0.5643097643097642	0.606266050333847	0.5705065272040714	0.034490876446642976	413
0.7692507266998291	0.033753224524794956	0.027605152130126952	0.0023439109687287186	balanced	5	log2	2	2	600	{'class_weight': 'balanced', 'max_depth': 5, 'max_features': 'log2', 'min_samples_leaf': 2, 'min_samples_split': 2, 'n_estimators': 600}	0.5233904027007475	0.5865530363256697	0.5583496540018279	0.5507246376811594	0.6301287139499774	0.5698292889318765	0.03624650122792938	444
0.037836217880249025	0.0030559031919843104	0.0019913673400878905	0.0005418340431388796	balanced	5	log2	2	5	25	{'class_weight': 'balanced', 'max_depth': 5, 'max_features': 'log2', 'min_samples_leaf': 2, 'min_samples_split': 5, 'n_estimators': 25}	0.508712715855573	0.5820082578031961	0.5548188262228679	0.5486291486291487	0.708994708994709	0.580632731501099	0.06832534670455141	162
0.06368823051452636	0.002766251246648144	0.003053712844848633	0.0008443143422057835	balanced	5	log2	2	5	50	{'class_weight': 'balanced', 'max_depth': 5, 'max_features': 'log2', 'min_samples_leaf': 2, 'min_samples_split': 5, 'n_estimators': 50}	0.47331532133378995	0.5325068094298864	0.5962962962962963	0.5225490196078432	0.6207407407407407	0.5490816374817113	0.05307257386952501	1372
0.13867855072021484	0.024959259911434495	0.007376623153686523	0.0025453168487851504	balanced	5	log2	2	5	100	{'class_weight': 'balanced', 'max_depth': 5, 'max_features': 'log2', 'min_samples_leaf': 2, 'min_samples_split': 5, 'n_estimators': 100}	0.5097022635484174	0.591935635154711	0.55374242166695	0.551440329218107	0.6331029594187488	0.5679847218013869	0.0416831767021849	508
0.22499237060546876	0.06063382561969003	0.00667104721069336	0.0008601573837551512	balanced	5	log2	2	5	150	{'class_weight': 'balanced', 'max_depth': 5, 'max_features': 'log2', 'min_samples_leaf': 2, 'min_samples_split': 5, 'n_estimators': 150}	0.5500062373127389	0.5686176714492661	0.5583496540018279	0.5613472886247147	0.6295019157088123	0.573564553419472	0.028597933919271377	320
0.25602288246154786	0.015463202793033912	0.013148784637451172	0.0035528053406177896	balanced	5	log2	2	5	200	{'class_weight': 'balanced', 'max_depth': 5, 'max_features': 'log2', 'min_samples_leaf': 2, 'min_samples_split': 5, 'n_estimators': 200}	0.5368199613494875	0.5541223803518884	0.5738683127572016	0.541470006685728	0.6295019157088123	0.5671565153706235	0.03371050008964756	539
0.3816476345062256	0.015072300579997	0.013195180892944336	0.0031043452154279117	balanced	5	log2	2	5	300	{'class_weight': 'balanced', 'max_depth': 5, 'max_features': 'log2', 'min_samples_leaf': 2, 'min_samples_split': 5, 'n_estimators': 300}	0.5853758912627709	0.5775896234912629	0.5962962962962963	0.5583496540018279	0.6198439241917503	0.5874910778487816	0.020376329085071546	63
0.5357792377471924	0.05545010451509665	0.023973798751831053	0.013902624863439308	balanced	5	log2	2	5	400	{'class_weight': 'balanced', 'max_depth': 5, 'max_features': 'log2', 'min_samples_leaf': 2, 'min_samples_split': 5, 'n_estimators': 400}	0.5368199613494875	0.5865530363256697	0.6063373103042311	0.5907563025210084	0.6158730158730159	0.5872679252746825	0.027348014771693817	67
0.6491320133209229	0.009882454998673169	0.023467350006103515	0.0013717767973665197	balanced	5	log2	2	5	500	{'class_weight': 'balanced', 'max_depth': 5, 'max_features': 'log2', 'min_samples_leaf': 2, 'min_samples_split': 5, 'n_estimators': 500}	0.5233904027007475	0.5828075150655795	0.6063373103042311	0.5937662337662337	0.6301287139499774	0.5872860351573539	0.03561782748597284	66
0.8043063640594482	0.039126304205028745	0.03407440185546875	0.01424453720904525	balanced	5	log2	2	5	600	{'class_weight': 'balanced', 'max_depth': 5, 'max_features': 'log2', 'min_samples_leaf': 2, 'min_samples_split': 5, 'n_estimators': 600}	0.5142258131226334	0.5828075150655795	0.5738683127572016	0.5452847805788983	0.6207407407407407	0.5673854324530108	0.03589161805279168	535
0.036950874328613284	0.0019274970244890666	0.0022723197937011717	0.0007677281773872538	balanced	5	log2	2	10	25	{'class_weight': 'balanced', 'max_depth': 5, 'max_features': 'log2', 'min_samples_leaf': 2, 'min_samples_split': 10, 'n_estimators': 25}	0.5853758912627709	0.6046024060300504	0.5388522777849564	0.5507246376811594	0.6362278244631187	0.5831566074444111	0.03548551215013561	117
0.07067599296569824	0.005717871326506536	0.003972148895263672	0.002391812165386173	balanced	5	log2	2	10	50	{'class_weight': 'balanced', 'max_depth': 5, 'max_features': 'log2', 'min_samples_leaf': 2, 'min_samples_split': 10, 'n_estimators': 50}	0.5325068094298864	0.6046024060300504	0.5486291486291487	0.5413786992734361	0.601980438612478	0.5658195003949998	0.031030061407932137	582
0.12431888580322266	0.0082740396100922	0.004604625701904297	0.0008673535839331537	balanced	5	log2	2	10	100	{'class_weight': 'balanced', 'max_depth': 5, 'max_features': 'log2', 'min_samples_leaf': 2, 'min_samples_split': 10, 'n_estimators': 100}	0.5460860978102358	0.5725059254471019	0.5838422994644729	0.6063373103042311	0.6391534391534393	0.5895850144358962	0.03147855762062578	48
0.22627978324890136	0.005929627472797835	0.010869979858398438	0.00400546856420839	balanced	5	log2	2	10	150	{'class_weight': 'balanced', 'max_depth': 5, 'max_features': 'log2', 'min_samples_leaf': 2, 'min_samples_split': 10, 'n_estimators': 150}	0.5659905378215238	0.5594141095763419	0.5838422994644729	0.5711976911976913	0.6349145122529887	0.5830718300626037	0.027131939764075002	119
0.26835241317749026	0.02887458266943564	0.011644887924194335	0.004079673691726831	balanced	5	log2	2	10	200	{'class_weight': 'balanced', 'max_depth': 5, 'max_features': 'log2', 'min_samples_leaf': 2, 'min_samples_split': 10, 'n_estimators': 200}	0.5500062373127389	0.5596301547914452	0.5809983896940418	0.5809983896940418	0.6539913775661078	0.5851249098116751	0.03649643930348236	81
0.4118560791015625	0.03775972359668791	0.01435680389404297	0.002861987235168136	balanced	5	log2	2	10	300	{'class_weight': 'balanced', 'max_depth': 5, 'max_features': 'log2', 'min_samples_leaf': 2, 'min_samples_split': 10, 'n_estimators': 300}	0.5368199613494875	0.568781792919724	0.5583496540018279	0.5838422994644729	0.6391534391534393	0.5773894293777904	0.034464238345806746	241
0.5376359462738037	0.03790453887752152	0.019095659255981445	0.004731059644811378	balanced	5	log2	2	10	400	{'class_weight': 'balanced', 'max_depth': 5, 'max_features': 'log2', 'min_samples_leaf': 2, 'min_samples_split': 10, 'n_estimators': 400}	0.5500062373127389	0.5914774880292122	0.5809983896940418	0.5937662337662337	0.597037037037037	0.5826570771678528	0.017186185390073955	129
0.6625850677490235	0.026374322292206515	0.030163955688476563	0.008843237522110808	balanced	5	log2	2	10	500	{'class_weight': 'balanced', 'max_depth': 5, 'max_features': 'log2', 'min_samples_leaf': 2, 'min_samples_split': 10, 'n_estimators': 500}	0.5405516632911784	0.6009204470742932	0.6036471253862559	0.5809983896940418	0.5925925925925926	0.5837420436076723	0.022989469903804852	106
0.8110458850860596	0.03647393599781477	0.02754974365234375	0.0092627416738083	balanced	5	log2	2	10	600	{'class_weight': 'balanced', 'max_depth': 5, 'max_features': 'log2', 'min_samples_leaf': 2, 'min_samples_split': 10, 'n_estimators': 600}	0.5405516632911784	0.5874231700502887	0.5680205415499533	0.5711976911976913	0.6207407407407407	0.5775867613659705	0.026317112836616575	228
0.03921494483947754	0.007273105006645921	0.002484846115112305	0.0016055044194464429	balanced	5	log2	4	2	25	{'class_weight': 'balanced', 'max_depth': 5, 'max_features': 'log2', 'min_samples_leaf': 4, 'min_samples_split': 2, 'n_estimators': 25}	0.5820082578031961	0.5925959398856595	0.5583496540018279	0.5171450000765334	0.6444444444444445	0.5789086592423323	0.04178351491852536	190
0.06503524780273437	0.008254357142483714	0.0030454158782958984	0.0007479403036461423	balanced	5	log2	4	2	50	{'class_weight': 'balanced', 'max_depth': 5, 'max_features': 'log2', 'min_samples_leaf': 4, 'min_samples_split': 2, 'n_estimators': 50}	0.5368199613494875	0.5820082578031961	0.5357009183096141	0.5507246376811594	0.5824033867177165	0.5575314323722347	0.020830736550935085	929
0.1455533504486084	0.023391731850806317	0.005543231964111328	0.0017295041949944871	balanced	5	log2	4	2	100	{'class_weight': 'balanced', 'max_depth': 5, 'max_features': 'log2', 'min_samples_leaf': 4, 'min_samples_split': 2, 'n_estimators': 100}	0.5629274955442795	0.5368199613494875	0.5738683127572016	0.5452847805788983	0.6331029594187488	0.5704007019297231	0.03393500221296078	416
0.17319231033325194	0.029024818790963264	0.007243490219116211	0.0016615181615199641	balanced	5	log2	4	2	150	{'class_weight': 'balanced', 'max_depth': 5, 'max_features': 'log2', 'min_samples_leaf': 4, 'min_samples_split': 2, 'n_estimators': 150}	0.5415813000558763	0.5132754342431762	0.5838422994644729	0.5225490196078432	0.597037037037037	0.5516570180816812	0.033218007480637975	1220
0.26071438789367674	0.009522375391227255	0.00913233757019043	0.0021879147520901636	balanced	5	log2	4	2	200	{'class_weight': 'balanced', 'max_depth': 5, 'max_features': 'log2', 'min_samples_leaf': 4, 'min_samples_split': 2, 'n_estimators': 200}	0.5594141095763419	0.5553113553113553	0.6004784337897533	0.5583496540018279	0.6113606098176976	0.5769828324993952	0.02391394213810521	246
0.388200044631958	0.02034467680896668	0.012272167205810546	0.002806186989595433	balanced	5	log2	4	2	300	{'class_weight': 'balanced', 'max_depth': 5, 'max_features': 'log2', 'min_samples_leaf': 4, 'min_samples_split': 2, 'n_estimators': 300}	0.5725059254471019	0.6046024060300504	0.5907563025210084	0.6036471253862559	0.606266050333847	0.5955555619436528	0.012777730487490455	24
0.523787260055542	0.014137957915438603	0.017543601989746093	0.003243347414342233	balanced	5	log2	4	2	400	{'class_weight': 'balanced', 'max_depth': 5, 'max_features': 'log2', 'min_samples_leaf': 4, 'min_samples_split': 2, 'n_estimators': 400}	0.5725059254471019	0.617505301715828	0.6134920634920635	0.5680205415499533	0.6301287139499774	0.6003305092309847	0.02519632705866217	11
0.6829348564147949	0.027544046331816136	0.022412776947021484	0.005469160183566236	balanced	5	log2	4	2	500	{'class_weight': 'balanced', 'max_depth': 5, 'max_features': 'log2', 'min_samples_leaf': 4, 'min_samples_split': 2, 'n_estimators': 500}	0.5368199613494875	0.6009204470742932	0.6036471253862559	0.5413786992734361	0.606266050333847	0.577806456683464	0.031682233163795856	221
0.8072200775146484	0.011821398444103102	0.028872013092041016	0.004323236580574306	balanced	5	log2	4	2	600	{'class_weight': 'balanced', 'max_depth': 5, 'max_features': 'log2', 'min_samples_leaf': 4, 'min_samples_split': 2, 'n_estimators': 600}	0.5368199613494875	0.5967104790634203	0.6036471253862559	0.5276848755109624	0.606266050333847	0.5742256983287947	0.03453406213846069	307
0.04297685623168945	0.014982858334944246	0.0032147884368896483	0.0012007729886540205	balanced	5	log2	4	5	25	{'class_weight': 'balanced', 'max_depth': 5, 'max_features': 'log2', 'min_samples_leaf': 4, 'min_samples_split': 5, 'n_estimators': 25}	0.5820082578031961	0.5925959398856595	0.5583496540018279	0.5171450000765334	0.6444444444444445	0.5789086592423323	0.04178351491852536	190
0.07414793968200684	0.010488231035524674	0.0024685382843017576	8.031732761790599e-05	balanced	5	log2	4	5	50	{'class_weight': 'balanced', 'max_depth': 5, 'max_features': 'log2', 'min_samples_leaf': 4, 'min_samples_split': 5, 'n_estimators': 50}	0.5368199613494875	0.5820082578031961	0.5357009183096141	0.5507246376811594	0.5824033867177165	0.5575314323722347	0.020830736550935085	929
0.13366332054138183	0.009483043292977205	0.006669378280639649	0.002745569731340515	balanced	5	log2	4	5	100	{'class_weight': 'balanced', 'max_depth': 5, 'max_features': 'log2', 'min_samples_leaf': 4, 'min_samples_split': 5, 'n_estimators': 100}	0.5629274955442795	0.5368199613494875	0.5738683127572016	0.5452847805788983	0.6331029594187488	0.5704007019297231	0.03393500221296078	416
0.18907723426818848	0.004323413032010454	0.008654642105102538	0.0017133230178454936	balanced	5	log2	4	5	150	{'class_weight': 'balanced', 'max_depth': 5, 'max_features': 'log2', 'min_samples_leaf': 4, 'min_samples_split': 5, 'n_estimators': 150}	0.5415813000558763	0.5132754342431762	0.5838422994644729	0.5225490196078432	0.597037037037037	0.5516570180816812	0.033218007480637975	1220
0.2548789978027344	0.005767180839435655	0.009275484085083007	0.0029027214867795048	balanced	5	log2	4	5	200	{'class_weight': 'balanced', 'max_depth': 5, 'max_features': 'log2', 'min_samples_leaf': 4, 'min_samples_split': 5, 'n_estimators': 200}	0.5594141095763419	0.5553113553113553	0.6004784337897533	0.5583496540018279	0.6113606098176976	0.5769828324993952	0.02391394213810521	246
0.4034855842590332	0.014488151271032298	0.01708369255065918	0.005400703546769266	balanced	5	log2	4	5	300	{'class_weight': 'balanced', 'max_depth': 5, 'max_features': 'log2', 'min_samples_leaf': 4, 'min_samples_split': 5, 'n_estimators': 300}	0.5725059254471019	0.6046024060300504	0.5907563025210084	0.6036471253862559	0.606266050333847	0.5955555619436528	0.012777730487490455	24
0.5191715717315674	0.021149052331499083	0.021686744689941407	0.003025324096646706	balanced	5	log2	4	5	400	{'class_weight': 'balanced', 'max_depth': 5, 'max_features': 'log2', 'min_samples_leaf': 4, 'min_samples_split': 5, 'n_estimators': 400}	0.5725059254471019	0.617505301715828	0.6134920634920635	0.5680205415499533	0.6301287139499774	0.6003305092309847	0.02519632705866217	11
0.6472957134246826	0.04864258480824774	0.02426300048828125	0.004845788795902101	balanced	5	log2	4	5	500	{'class_weight': 'balanced', 'max_depth': 5, 'max_features': 'log2', 'min_samples_leaf': 4, 'min_samples_split': 5, 'n_estimators': 500}	0.5368199613494875	0.6009204470742932	0.6036471253862559	0.5413786992734361	0.606266050333847	0.577806456683464	0.031682233163795856	221
0.7881419658660889	0.09555582284218611	0.02615189552307129	0.004308818494783636	balanced	5	log2	4	5	600	{'class_weight': 'balanced', 'max_depth': 5, 'max_features': 'log2', 'min_samples_leaf': 4, 'min_samples_split': 5, 'n_estimators': 600}	0.5368199613494875	0.5967104790634203	0.6036471253862559	0.5276848755109624	0.606266050333847	0.5742256983287947	0.03453406213846069	307
0.0371208667755127	0.004777212024155551	0.0031937599182128907	0.0006925918574380434	balanced	5	log2	4	10	25	{'class_weight': 'balanced', 'max_depth': 5, 'max_features': 'log2', 'min_samples_leaf': 4, 'min_samples_split': 10, 'n_estimators': 25}	0.5050068610440128	0.5437336423251916	0.5388522777849564	0.5276848755109624	0.6444444444444445	0.5519444202219135	0.04813883155954089	1199
0.06075611114501953	0.008220065525666571	0.0028347492218017576	0.0005101151322574868	balanced	5	log2	4	10	50	{'class_weight': 'balanced', 'max_depth': 5, 'max_features': 'log2', 'min_samples_leaf': 4, 'min_samples_split': 10, 'n_estimators': 50}	0.5214767468288595	0.5553113553113553	0.5548188262228679	0.5406989025118244	0.601980438612478	0.5548572538974771	0.026591424890674807	1051
0.1494436740875244	0.04142695996002926	0.005963945388793945	0.002257393297416654	balanced	5	log2	4	10	100	{'class_weight': 'balanced', 'max_depth': 5, 'max_features': 'log2', 'min_samples_leaf': 4, 'min_samples_split': 10, 'n_estimators': 100}	0.5325068094298864	0.5553113553113553	0.5290123456790123	0.5357009183096141	0.6488062693639512	0.5602675396187639	0.04519897034039302	813
0.19695444107055665	0.012664444963628339	0.006807994842529297	0.0011329139050087235	balanced	5	log2	4	10	150	{'class_weight': 'balanced', 'max_depth': 5, 'max_features': 'log2', 'min_samples_leaf': 4, 'min_samples_split': 10, 'n_estimators': 150}	0.5500062373127389	0.5325068094298864	0.5809983896940418	0.5507246376811594	0.6295019157088123	0.5687475979653278	0.03414858554213426	481
0.2559713363647461	0.029463627448273782	0.014944505691528321	0.0036333198841059402	balanced	5	log2	4	10	200	{'class_weight': 'balanced', 'max_depth': 5, 'max_features': 'log2', 'min_samples_leaf': 4, 'min_samples_split': 10, 'n_estimators': 200}	0.5533751962323391	0.5781159011928243	0.5776486300063106	0.5638373234327657	0.6526580459770115	0.5851270193682503	0.03500557402994942	80
0.4149761199951172	0.037076065556010104	0.01428670883178711	0.0026391285876548364	balanced	5	log2	4	10	300	{'class_weight': 'balanced', 'max_depth': 5, 'max_features': 'log2', 'min_samples_leaf': 4, 'min_samples_split': 10, 'n_estimators': 300}	0.5275065491783758	0.6368688782481886	0.5838422994644729	0.5838422994644729	0.6526580459770115	0.5969436144665045	0.04441378054606205	21
0.5214151859283447	0.008504519983490394	0.01812443733215332	0.003765691282492521	balanced	5	log2	4	10	400	{'class_weight': 'balanced', 'max_depth': 5, 'max_features': 'log2', 'min_samples_leaf': 4, 'min_samples_split': 10, 'n_estimators': 400}	0.5533751962323391	0.6237249929557621	0.5907563025210084	0.6063373103042311	0.6428836863619473	0.6034154976750575	0.030473061862068666	7
0.6370862483978271	0.010149847060030838	0.02462010383605957	0.007032484996339986	balanced	5	log2	4	10	500	{'class_weight': 'balanced', 'max_depth': 5, 'max_features': 'log2', 'min_samples_leaf': 4, 'min_samples_split': 10, 'n_estimators': 500}	0.5533751962323391	0.6291622356138484	0.5907563025210084	0.5711976911976913	0.6526580459770115	0.5994298943083798	0.03663487942225586	13
0.7735644817352295	0.020393355700609406	0.024161338806152344	0.0029201749450870323	balanced	5	log2	4	10	600	{'class_weight': 'balanced', 'max_depth': 5, 'max_features': 'log2', 'min_samples_leaf': 4, 'min_samples_split': 10, 'n_estimators': 600}	0.5368199613494875	0.6197555945455105	0.5907563025210084	0.5711976911976913	0.6624338624338625	0.5961926824095121	0.04271423317206993	22
1.1018759727478027	0.01860077555457287	0.003881025314331055	0.0016384967831113526	balanced	5		1	2	25	{'class_weight': 'balanced', 'max_depth': 5, 'max_features': None, 'min_samples_leaf': 1, 'min_samples_split': 2, 'n_estimators': 25}	0.4825071729096497	0.5494002060931195	0.6339343504392048	0.48680378491699244	0.5831896551724138	0.547167033906276	0.05771620738037181	1455
2.202765417098999	0.015283696915112516	0.004080438613891601	0.0012710765110011545	balanced	5		1	2	50	{'class_weight': 'balanced', 'max_depth': 5, 'max_features': None, 'min_samples_leaf': 1, 'min_samples_split': 2, 'n_estimators': 50}	0.5914774880292122	0.539301954762889	0.6222222222222222	0.49040344692518606	0.5227513227513227	0.5532312869381665	0.04752454742897114	1139
4.393389558792114	0.07737788843913401	0.005969429016113281	0.0020093893382451787	balanced	5		1	2	100	{'class_weight': 'balanced', 'max_depth': 5, 'max_features': None, 'min_samples_leaf': 1, 'min_samples_split': 2, 'n_estimators': 100}	0.5781159011928243	0.5168323739752311	0.6206810584169075	0.5388522777849564	0.6158730158730159	0.5740709254485871	0.04111662925379726	309
6.682285022735596	0.09589512502557236	0.009403133392333984	0.0029423140022663166	balanced	5		1	2	150	{'class_weight': 'balanced', 'max_depth': 5, 'max_features': None, 'min_samples_leaf': 1, 'min_samples_split': 2, 'n_estimators': 150}	0.568781792919724	0.545299707743821	0.6103703703703703	0.5130521826173999	0.5279132791327914	0.5530834665568214	0.03413167364544948	1147
8.694630479812622	0.05906058203628363	0.010562467575073241	0.002865522253794773	balanced	5		1	2	200	{'class_weight': 'balanced', 'max_depth': 5, 'max_features': None, 'min_samples_leaf': 1, 'min_samples_split': 2, 'n_estimators': 200}	0.5820082578031961	0.5686176714492661	0.5658412698412698	0.5091592186559826	0.5346780594854555	0.5520608954470341	0.026471066920982462	1188
13.025365161895753	0.039711861197780786	0.013414430618286132	0.0024308202452739762	balanced	5		1	2	300	{'class_weight': 'balanced', 'max_depth': 5, 'max_features': None, 'min_samples_leaf': 1, 'min_samples_split': 2, 'n_estimators': 300}	0.5820082578031961	0.5775896234912629	0.5862046401798034	0.5184476342371079	0.609626216077829	0.5747752743578398	0.030259736264543455	294
17.3014488697052	0.16218137926081813	0.02041335105895996	0.003316043671866517	balanced	5		1	2	400	{'class_weight': 'balanced', 'max_depth': 5, 'max_features': None, 'min_samples_leaf': 1, 'min_samples_split': 2, 'n_estimators': 400}	0.5629637772769747	0.5565421245421245	0.6063373103042311	0.5319890224394253	0.5695353535353536	0.5654735176196218	0.024056716567070997	597
21.898657035827636	0.12981770568834877	0.0272702693939209	0.0032229768411444954	balanced	5		1	2	500	{'class_weight': 'balanced', 'max_depth': 5, 'max_features': None, 'min_samples_leaf': 1, 'min_samples_split': 2, 'n_estimators': 500}	0.5629637772769747	0.5479287119999022	0.6063373103042311	0.5319890224394253	0.6005420054200542	0.5699521654881174	0.029102190205631467	435
26.17554817199707	0.27984164651451354	0.030281972885131837	0.002026952869974967	balanced	5		1	2	600	{'class_weight': 'balanced', 'max_depth': 5, 'max_features': None, 'min_samples_leaf': 1, 'min_samples_split': 2, 'n_estimators': 600}	0.5820082578031961	0.539301954762889	0.6288323211439892	0.5357009183096141	0.609626216077829	0.5790939336195035	0.03709710530515311	187
1.1034892559051515	0.04149094128704904	0.0022089481353759766	0.0008398948712309941	balanced	5		1	5	25	{'class_weight': 'balanced', 'max_depth': 5, 'max_features': None, 'min_samples_leaf': 1, 'min_samples_split': 5, 'n_estimators': 25}	0.45530331737228286	0.5823730667480668	0.6326349206349207	0.509116663833645	0.6295019157088123	0.5617859768595455	0.06948591624855009	745
2.170566940307617	0.09111433631832373	0.004877662658691407	0.0013694465871070054	balanced	5		1	5	50	{'class_weight': 'balanced', 'max_depth': 5, 'max_features': None, 'min_samples_leaf': 1, 'min_samples_split': 5, 'n_estimators': 50}	0.5645022350530825	0.5241354863156865	0.6103703703703703	0.49981325863678805	0.5907563025210084	0.5579155305793873	0.04096431762007614	916
4.360186767578125	0.0630778804420625	0.006641674041748047	0.0013115579130330386	balanced	5		1	5	100	{'class_weight': 'balanced', 'max_depth': 5, 'max_features': None, 'min_samples_leaf': 1, 'min_samples_split': 5, 'n_estimators': 100}	0.568781792919724	0.5241354863156865	0.6206810584169075	0.551440329218107	0.601980438612478	0.5734038210965806	0.03459158038985235	325
6.542413187026978	0.0491412809950586	0.011002445220947265	0.0014392060428777187	balanced	5		1	5	150	{'class_weight': 'balanced', 'max_depth': 5, 'max_features': None, 'min_samples_leaf': 1, 'min_samples_split': 5, 'n_estimators': 150}	0.5553113553113553	0.5541223803518884	0.6206810584169075	0.5163572669451982	0.5193769235600779	0.5531697969170855	0.03757761240288564	1143
8.737444591522216	0.0467495073088406	0.009454727172851562	0.0013998052277623175	balanced	5		1	5	200	{'class_weight': 'balanced', 'max_depth': 5, 'max_features': None, 'min_samples_leaf': 1, 'min_samples_split': 5, 'n_estimators': 200}	0.5594141095763419	0.5629274955442795	0.5658412698412698	0.5486291486291487	0.5434080773820741	0.5560440201946227	0.008595035858718791	997
13.127509355545044	0.09067074028378602	0.013202714920043945	0.0019272738252325043	balanced	5		1	5	300	{'class_weight': 'balanced', 'max_depth': 5, 'max_features': None, 'min_samples_leaf': 1, 'min_samples_split': 5, 'n_estimators': 300}	0.5820082578031961	0.545299707743821	0.5760553005836025	0.5225490196078432	0.5695353535353536	0.5590895278547633	0.022125048169531668	871
17.477612257003784	0.1397159356978593	0.01962618827819824	0.0036399991406797097	balanced	5		1	5	400	{'class_weight': 'balanced', 'max_depth': 5, 'max_features': None, 'min_samples_leaf': 1, 'min_samples_split': 5, 'n_estimators': 400}	0.5629637772769747	0.5717219376841179	0.5937662337662337	0.5452847805788983	0.5608294930875576	0.5669132444787565	0.015903504876925656	547
21.738369607925414	0.2158790098823014	0.02444429397583008	0.003960253567257589	balanced	5		1	5	500	{'class_weight': 'balanced', 'max_depth': 5, 'max_features': None, 'min_samples_leaf': 1, 'min_samples_split': 5, 'n_estimators': 500}	0.5725059254471019	0.5629274955442795	0.5962962962962963	0.5452847805788983	0.5941333333333334	0.5742295662399819	0.019243746394318546	306
26.105759191513062	0.15561265112503658	0.028257322311401368	0.003193254022679095	balanced	5		1	5	600	{'class_weight': 'balanced', 'max_depth': 5, 'max_features': None, 'min_samples_leaf': 1, 'min_samples_split': 5, 'n_estimators': 600}	0.5781159011928243	0.539301954762889	0.5962962962962963	0.5486291486291487	0.6247515808491417	0.57741897634606	0.031237720391002092	240
1.0730461597442627	0.010109887717514523	0.0017780303955078126	5.101489085672177e-06	balanced	5		1	10	25	{'class_weight': 'balanced', 'max_depth': 5, 'max_features': None, 'min_samples_leaf': 1, 'min_samples_split': 10, 'n_estimators': 25}	0.4640931717854795	0.5737569517097076	0.6455170102228925	0.5213121693121694	0.601980438612478	0.5613319483285455	0.06316766181148671	767
2.198228454589844	0.0235746350792544	0.003617715835571289	0.0013848733849356654	balanced	5		1	10	50	{'class_weight': 'balanced', 'max_depth': 5, 'max_features': None, 'min_samples_leaf': 1, 'min_samples_split': 10, 'n_estimators': 50}	0.5415813000558763	0.48463003663003656	0.6326349206349207	0.551440329218107	0.5693121693121693	0.555919751170222	0.04769162167570084	1003
4.338940000534057	0.06294166669334444	0.004484796524047851	0.0006826510339237367	balanced	5		1	10	100	{'class_weight': 'balanced', 'max_depth': 5, 'max_features': None, 'min_samples_leaf': 1, 'min_samples_split': 10, 'n_estimators': 100}	0.5325068094298864	0.5241354863156865	0.6103703703703703	0.551440329218107	0.5733333333333334	0.5583572657334768	0.03103825363355773	900
6.500036954879761	0.06352959639550483	0.007603073120117187	0.0025733646822025686	balanced	5		1	10	150	{'class_weight': 'balanced', 'max_depth': 5, 'max_features': None, 'min_samples_leaf': 1, 'min_samples_split': 10, 'n_estimators': 150}	0.5186603650586702	0.5541223803518884	0.6	0.5583496540018279	0.5259259259259259	0.5514116650676625	0.028769708066573804	1238
8.688305759429932	0.05083269916036038	0.010698986053466798	0.003974730748573663	balanced	5		1	10	200	{'class_weight': 'balanced', 'max_depth': 5, 'max_features': None, 'min_samples_leaf': 1, 'min_samples_split': 10, 'n_estimators': 200}	0.5594141095763419	0.545299707743821	0.5760553005836025	0.5711976911976913	0.5496296296296296	0.5603192877462173	0.011888125868180622	812
12.943143367767334	0.14105725629486474	0.016318798065185547	0.004556826703157927	balanced	5		1	10	300	{'class_weight': 'balanced', 'max_depth': 5, 'max_features': None, 'min_samples_leaf': 1, 'min_samples_split': 10, 'n_estimators': 300}	0.5725059254471019	0.5364527945173106	0.5895627565530478	0.5583496540018279	0.6005420054200542	0.5714826271878685	0.02268016685151474	384
17.11813340187073	0.14685958973214736	0.020912885665893555	0.01163749132754256	balanced	5		1	10	400	{'class_weight': 'balanced', 'max_depth': 5, 'max_features': None, 'min_samples_leaf': 1, 'min_samples_split': 10, 'n_estimators': 400}	0.5725059254471019	0.539301954762889	0.5638373234327657	0.5486291486291487	0.6247515808491417	0.5698051866242094	0.029802306483682334	446
21.542227840423585	0.17261079083518413	0.023933219909667968	0.001048329863890969	balanced	5		1	10	500	{'class_weight': 'balanced', 'max_depth': 5, 'max_features': None, 'min_samples_leaf': 1, 'min_samples_split': 10, 'n_estimators': 500}	0.5629637772769747	0.5219817440383759	0.5881058201058201	0.5613472886247147	0.5914703850260662	0.5651738030143905	0.024909709023191586	616
26.30823760032654	0.2808626164269293	0.029698848724365234	0.00398846823994991	balanced	5		1	10	600	{'class_weight': 'balanced', 'max_depth': 5, 'max_features': None, 'min_samples_leaf': 1, 'min_samples_split': 10, 'n_estimators': 600}	0.5820082578031961	0.5275751326171494	0.5862046401798034	0.551440329218107	0.606266050333847	0.5706988820304206	0.027798933782303702	408
1.0959616661071778	0.06731517527681549	0.003150272369384766	0.0011344578771184397	balanced	5		2	2	25	{'class_weight': 'balanced', 'max_depth': 5, 'max_features': None, 'min_samples_leaf': 2, 'min_samples_split': 2, 'n_estimators': 25}	0.46000748477528663	0.5717219376841179	0.6444444444444445	0.5333333333333333	0.6758141762452107	0.5770642752964786	0.07737552351365841	245
2.1307226181030274	0.006952633616166177	0.00533905029296875	0.002347992458669629	balanced	5		2	2	50	{'class_weight': 'balanced', 'max_depth': 5, 'max_features': None, 'min_samples_leaf': 2, 'min_samples_split': 2, 'n_estimators': 50}	0.5645022350530825	0.5219817440383759	0.6103703703703703	0.5163572669451982	0.6624338624338625	0.575129095768178	0.05523724965253739	289
4.424008560180664	0.06543162456987711	0.005095386505126953	0.0020924230566926635	balanced	5		2	2	100	{'class_weight': 'balanced', 'max_depth': 5, 'max_features': None, 'min_samples_leaf': 2, 'min_samples_split': 2, 'n_estimators': 100}	0.568781792919724	0.5086007326007326	0.6309392736738787	0.5638373234327657	0.6349145122529887	0.5814147269760179	0.04708575509724286	156
6.592663431167603	0.11470451263104899	0.009105157852172852	0.0028862926693319162	balanced	5		2	2	150	{'class_weight': 'balanced', 'max_depth': 5, 'max_features': None, 'min_samples_leaf': 2, 'min_samples_split': 2, 'n_estimators': 150}	0.5500062373127389	0.5596301547914452	0.6326349206349207	0.526060606060606	0.5259259259259259	0.5588515689451274	0.03919738330375814	880
8.908319425582885	0.12375513622981656	0.007361125946044922	0.000421817637382914	balanced	5		2	2	200	{'class_weight': 'balanced', 'max_depth': 5, 'max_features': None, 'min_samples_leaf': 2, 'min_samples_split': 2, 'n_estimators': 200}	0.5757064364207221	0.5596301547914452	0.5777777777777777	0.5452847805788983	0.5785675232367414	0.567393334561117	0.013045013877551791	534
13.217175102233886	0.11675852084234474	0.014809513092041015	0.002305333869640462	balanced	5		2	2	300	{'class_weight': 'balanced', 'max_depth': 5, 'max_features': None, 'min_samples_leaf': 2, 'min_samples_split': 2, 'n_estimators': 300}	0.5629637772769747	0.5541223803518884	0.5777777777777777	0.5452847805788983	0.6155015388480624	0.5711300509667202	0.02464527579759096	396
17.83771891593933	0.14711298674536732	0.018156957626342774	0.0022990056379584775	balanced	5		2	2	400	{'class_weight': 'balanced', 'max_depth': 5, 'max_features': None, 'min_samples_leaf': 2, 'min_samples_split': 2, 'n_estimators': 400}	0.5533751962323391	0.5479287119999022	0.5962962962962963	0.5583496540018279	0.6301287139499774	0.5772157144960686	0.03145117224495951	244
22.505365085601806	0.20308287620466306	0.026242589950561522	0.0021525752340008286	balanced	5		2	2	500	{'class_weight': 'balanced', 'max_depth': 5, 'max_features': None, 'min_samples_leaf': 2, 'min_samples_split': 2, 'n_estimators': 500}	0.5437336423251916	0.539301954762889	0.5862046401798034	0.5548188262228679	0.6155015388480624	0.5679121204677628	0.02889271105426113	515
26.994653272628785	0.19562828832211848	0.028677606582641603	0.004413068479862348	balanced	5		2	2	600	{'class_weight': 'balanced', 'max_depth': 5, 'max_features': None, 'min_samples_leaf': 2, 'min_samples_split': 2, 'n_estimators': 600}	0.5725059254471019	0.5717219376841179	0.5962962962962963	0.5452847805788983	0.6247515808491417	0.5821121041711113	0.026742484065213845	142
1.1323126792907714	0.04531609812005961	0.002122831344604492	0.0007059192598849256	balanced	5		2	5	25	{'class_weight': 'balanced', 'max_depth': 5, 'max_features': None, 'min_samples_leaf': 2, 'min_samples_split': 5, 'n_estimators': 25}	0.46000748477528663	0.5737569517097076	0.6326349206349207	0.5213121693121694	0.6659234485321442	0.5707269949928457	0.07430312456598089	407
2.292008876800537	0.05376982115023375	0.0032663822174072267	0.0013517419878384868	balanced	5		2	5	50	{'class_weight': 'balanced', 'max_depth': 5, 'max_features': None, 'min_samples_leaf': 2, 'min_samples_split': 5, 'n_estimators': 50}	0.5364527945173106	0.5003422606314708	0.618724279835391	0.5130521826173999	0.6624338624338625	0.566201076007087	0.06335074554679486	567
4.635028743743897	0.09447326756428717	0.004085397720336914	3.33999157016917e-05	balanced	5		2	5	100	{'class_weight': 'balanced', 'max_depth': 5, 'max_features': None, 'min_samples_leaf': 2, 'min_samples_split': 5, 'n_estimators': 100}	0.5553113553113553	0.539301954762889	0.6309392736738787	0.5638373234327657	0.6253933539882145	0.5829566522338208	0.037785577680019604	123
6.757007455825805	0.060501558337450946	0.008030271530151368	0.0022070747224321617	balanced	5		2	5	150	{'class_weight': 'balanced', 'max_depth': 5, 'max_features': None, 'min_samples_leaf': 2, 'min_samples_split': 5, 'n_estimators': 150}	0.5325068094298864	0.5686176714492661	0.6309392736738787	0.5486291486291487	0.510815395869325	0.558301659810301	0.040979312062793365	904
8.823700618743896	0.16442838904468202	0.010322189331054688	0.003480191386918134	balanced	5		2	5	200	{'class_weight': 'balanced', 'max_depth': 5, 'max_features': None, 'min_samples_leaf': 2, 'min_samples_split': 5, 'n_estimators': 200}	0.5629637772769747	0.5541223803518884	0.5777777777777777	0.5548188262228679	0.5733333333333334	0.5646032189925684	0.009571352936866681	640
12.98607153892517	0.1913255660589192	0.016669845581054686	0.00419439541905731	balanced	5		2	5	300	{'class_weight': 'balanced', 'max_depth': 5, 'max_features': None, 'min_samples_leaf': 2, 'min_samples_split': 5, 'n_estimators': 300}	0.5725059254471019	0.5775896234912629	0.5777777777777777	0.5452847805788983	0.6005420054200542	0.574740022543019	0.017639121133527245	295
17.16485514640808	0.18898142003129095	0.0279233455657959	0.013980770224601926	balanced	5		2	5	400	{'class_weight': 'balanced', 'max_depth': 5, 'max_features': None, 'min_samples_leaf': 2, 'min_samples_split': 5, 'n_estimators': 400}	0.5629637772769747	0.5479287119999022	0.618724279835391	0.5452847805788983	0.6005420054200542	0.575088711022244	0.029410497773553753	290
21.737783575057982	0.10331627004939395	0.021074962615966798	0.0034529759750984864	balanced	5		2	5	500	{'class_weight': 'balanced', 'max_depth': 5, 'max_features': None, 'min_samples_leaf': 2, 'min_samples_split': 5, 'n_estimators': 500}	0.5629637772769747	0.5629274955442795	0.5962962962962963	0.5548188262228679	0.6155015388480624	0.5785015868376961	0.02336877031161709	205
26.400298500061034	0.1531818273329711	0.025725650787353515	0.003046176677381427	balanced	5		2	5	600	{'class_weight': 'balanced', 'max_depth': 5, 'max_features': None, 'min_samples_leaf': 2, 'min_samples_split': 5, 'n_estimators': 600}	0.5820082578031961	0.5686176714492661	0.6063373103042311	0.5452847805788983	0.6247515808491417	0.5853999201969466	0.027890138665800323	79
1.1221086025238036	0.020228091271234393	0.0035121917724609377	0.0014582150999322206	balanced	5		2	10	25	{'class_weight': 'balanced', 'max_depth': 5, 'max_features': None, 'min_samples_leaf': 2, 'min_samples_split': 10, 'n_estimators': 25}	0.4498975600670515	0.5893075178789464	0.6676721970839619	0.5213121693121694	0.6391534391534393	0.5734685766991137	0.07928402397702672	323
2.1761120319366456	0.07991769595371337	0.0046212196350097655	0.0017436100605393856	balanced	5		2	10	50	{'class_weight': 'balanced', 'max_depth': 5, 'max_features': None, 'min_samples_leaf': 2, 'min_samples_split': 10, 'n_estimators': 50}	0.5186603650586702	0.5086007326007326	0.6206810584169075	0.5357009183096141	0.606345785440613	0.5579977719653074	0.046371054701071425	914
4.281962108612061	0.05623834225474473	0.004175758361816407	0.00016236487988355146	balanced	5		2	10	100	{'class_weight': 'balanced', 'max_depth': 5, 'max_features': None, 'min_samples_leaf': 2, 'min_samples_split': 10, 'n_estimators': 100}	0.5045300171350592	0.5241354863156865	0.6103703703703703	0.551440329218107	0.5733333333333334	0.5527619072745112	0.03711994709655639	1161
6.4717858791351315	0.09443044851438274	0.005814027786254883	0.00043016078132063294	balanced	5		2	10	150	{'class_weight': 'balanced', 'max_depth': 5, 'max_features': None, 'min_samples_leaf': 2, 'min_samples_split': 10, 'n_estimators': 150}	0.5097022635484174	0.5506202480992397	0.6	0.5388522777849564	0.4713146159160857	0.5340978810697398	0.042838222926452056	2004
8.53454942703247	0.13168892754291645	0.010854768753051757	0.003402972803928213	balanced	5		2	10	200	{'class_weight': 'balanced', 'max_depth': 5, 'max_features': None, 'min_samples_leaf': 2, 'min_samples_split': 10, 'n_estimators': 200}	0.5368199613494875	0.545299707743821	0.5881058201058201	0.5711976911976913	0.5406989025118244	0.5564244165817288	0.01988641031749514	972
12.90740351676941	0.07830520323952499	0.017113590240478517	0.0017374662475934022	balanced	5		2	10	300	{'class_weight': 'balanced', 'max_depth': 5, 'max_features': None, 'min_samples_leaf': 2, 'min_samples_split': 10, 'n_estimators': 300}	0.5405516632911784	0.5506202480992397	0.5777777777777777	0.5583496540018279	0.6155015388480624	0.5685601764036172	0.02645384011929834	487
17.23487949371338	0.15097839200724875	0.021865081787109376	0.004115875494627824	balanced	5		2	10	400	{'class_weight': 'balanced', 'max_depth': 5, 'max_features': None, 'min_samples_leaf': 2, 'min_samples_split': 10, 'n_estimators': 400}	0.5629637772769747	0.539301954762889	0.5638373234327657	0.5613472886247147	0.6155015388480624	0.5685903765890813	0.025160211664223886	485
21.603770589828493	0.33826101226522093	0.020981788635253906	0.0026103734263462487	balanced	5		2	10	500	{'class_weight': 'balanced', 'max_depth': 5, 'max_features': None, 'min_samples_leaf': 2, 'min_samples_split': 10, 'n_estimators': 500}	0.5629637772769747	0.539301954762889	0.5760553005836025	0.5613472886247147	0.606266050333847	0.5691868743164056	0.021978785365984247	466
26.40890054702759	0.20684384397857833	0.027351188659667968	0.003587507597515338	balanced	5		2	10	600	{'class_weight': 'balanced', 'max_depth': 5, 'max_features': None, 'min_samples_leaf': 2, 'min_samples_split': 10, 'n_estimators': 600}	0.5725059254471019	0.5506202480992397	0.5862046401798034	0.551440329218107	0.6207407407407407	0.5763023767369986	0.025941970616028258	271
1.06625657081604	0.05115276713299855	0.003094482421875	0.0010684646775629008	balanced	5		4	2	25	{'class_weight': 'balanced', 'max_depth': 5, 'max_features': None, 'min_samples_leaf': 4, 'min_samples_split': 2, 'n_estimators': 25}	0.49163166489577914	0.5306551372125142	0.6561201473822832	0.5065843621399178	0.6461380413566387	0.5662258705974266	0.07050335901644571	565
2.1663129329681396	0.06803987536218567	0.004066848754882812	0.0015590147578997033	balanced	5		4	2	50	{'class_weight': 'balanced', 'max_depth': 5, 'max_features': None, 'min_samples_leaf': 4, 'min_samples_split': 2, 'n_estimators': 50}	0.5275751326171494	0.5003422606314708	0.6326349206349207	0.5388522777849564	0.5551546078610048	0.5509118399059003	0.04459591976265406	1277
4.462206888198852	0.075891424538593	0.005552911758422851	0.0012730453350929985	balanced	5		4	2	100	{'class_weight': 'balanced', 'max_depth': 5, 'max_features': None, 'min_samples_leaf': 4, 'min_samples_split': 2, 'n_estimators': 100}	0.5186603650586702	0.545299707743821	0.6085719569268411	0.5760553005836025	0.6253933539882145	0.5747961368602299	0.039303267299111135	292
6.328452110290527	0.15515558792422557	0.012648439407348633	0.008521769672090986	balanced	5		4	2	150	{'class_weight': 'balanced', 'max_depth': 5, 'max_features': None, 'min_samples_leaf': 4, 'min_samples_split': 2, 'n_estimators': 150}	0.5097022635484174	0.5364527945173106	0.6085719569268411	0.5809983896940418	0.5642528049471155	0.5599956419267452	0.03435865772289948	831
8.6497052192688	0.07378720658225253	0.010638236999511719	0.0028036206496237963	balanced	5		4	2	200	{'class_weight': 'balanced', 'max_depth': 5, 'max_features': None, 'min_samples_leaf': 4, 'min_samples_split': 2, 'n_estimators': 200}	0.5325068094298864	0.5596301547914452	0.5777777777777777	0.5809983896940418	0.6113606098176976	0.5724547483021698	0.025981926526551256	348
12.817260217666625	0.09169333265560331	0.017660236358642577	0.0032112251652725837	balanced	5		4	2	300	{'class_weight': 'balanced', 'max_depth': 5, 'max_features': None, 'min_samples_leaf': 4, 'min_samples_split': 2, 'n_estimators': 300}	0.5725059254471019	0.6009204470742932	0.5658412698412698	0.5809983896940418	0.6005420054200542	0.5841616074953522	0.014357379864252949	99
16.784636116027833	0.1734558320842006	0.019179868698120116	0.003421733644797105	balanced	5		4	2	400	{'class_weight': 'balanced', 'max_depth': 5, 'max_features': None, 'min_samples_leaf': 4, 'min_samples_split': 2, 'n_estimators': 400}	0.5659905378215238	0.5828075150655795	0.5638373234327657	0.5711976911976913	0.606266050333847	0.5780198235702815	0.01557664811259441	218
20.9536545753479	0.07751581651831713	0.02169966697692871	0.0033075899652520255	balanced	5		4	2	500	{'class_weight': 'balanced', 'max_depth': 5, 'max_features': None, 'min_samples_leaf': 4, 'min_samples_split': 2, 'n_estimators': 500}	0.5659905378215238	0.5736653635813299	0.5777777777777777	0.5711976911976913	0.6301287139499774	0.5837520168656599	0.02350026114927538	104
25.12895541191101	0.2312140421039739	0.02538294792175293	0.0019056268812600362	balanced	5		4	2	600	{'class_weight': 'balanced', 'max_depth': 5, 'max_features': None, 'min_samples_leaf': 4, 'min_samples_split': 2, 'n_estimators': 600}	0.5853758912627709	0.5736653635813299	0.5881058201058201	0.5711976911976913	0.6155015388480624	0.5867692609991348	0.01576995607776657	69
1.0392998218536378	0.016844275753698575	0.0019680023193359374	0.00030905120305894874	balanced	5		4	5	25	{'class_weight': 'balanced', 'max_depth': 5, 'max_features': None, 'min_samples_leaf': 4, 'min_samples_split': 5, 'n_estimators': 25}	0.49163166489577914	0.5306551372125142	0.6561201473822832	0.5065843621399178	0.6461380413566387	0.5662258705974266	0.07050335901644571	565
2.126648426055908	0.03913627590094968	0.0042479515075683595	0.0017376991051070167	balanced	5		4	5	50	{'class_weight': 'balanced', 'max_depth': 5, 'max_features': None, 'min_samples_leaf': 4, 'min_samples_split': 5, 'n_estimators': 50}	0.5275751326171494	0.5003422606314708	0.6326349206349207	0.5388522777849564	0.5551546078610048	0.5509118399059003	0.04459591976265406	1277
4.1642279624938965	0.03269658997164593	0.005638694763183594	0.0018310207286805016	balanced	5		4	5	100	{'class_weight': 'balanced', 'max_depth': 5, 'max_features': None, 'min_samples_leaf': 4, 'min_samples_split': 5, 'n_estimators': 100}	0.5186603650586702	0.545299707743821	0.6085719569268411	0.5760553005836025	0.6253933539882145	0.5747961368602299	0.039303267299111135	292
6.272537803649902	0.1090798525262287	0.0098846435546875	0.002388283043284372	balanced	5		4	5	150	{'class_weight': 'balanced', 'max_depth': 5, 'max_features': None, 'min_samples_leaf': 4, 'min_samples_split': 5, 'n_estimators': 150}	0.5097022635484174	0.5364527945173106	0.6085719569268411	0.5809983896940418	0.5642528049471155	0.5599956419267452	0.03435865772289948	831
8.365824222564697	0.05962500800094954	0.010941648483276367	0.0033111870994791464	balanced	5		4	5	200	{'class_weight': 'balanced', 'max_depth': 5, 'max_features': None, 'min_samples_leaf': 4, 'min_samples_split': 5, 'n_estimators': 200}	0.5325068094298864	0.5596301547914452	0.5777777777777777	0.5809983896940418	0.6113606098176976	0.5724547483021698	0.025981926526551256	348
12.571234369277954	0.12126025195396263	0.015757322311401367	0.003196929249408418	balanced	5		4	5	300	{'class_weight': 'balanced', 'max_depth': 5, 'max_features': None, 'min_samples_leaf': 4, 'min_samples_split': 5, 'n_estimators': 300}	0.5725059254471019	0.6009204470742932	0.5658412698412698	0.5809983896940418	0.6005420054200542	0.5841616074953522	0.014357379864252949	99
16.89177942276001	0.045497891158952364	0.018585395812988282	0.0015888503645586304	balanced	5		4	5	400	{'class_weight': 'balanced', 'max_depth': 5, 'max_features': None, 'min_samples_leaf': 4, 'min_samples_split': 5, 'n_estimators': 400}	0.5659905378215238	0.5828075150655795	0.5638373234327657	0.5711976911976913	0.606266050333847	0.5780198235702815	0.01557664811259441	218
21.613831090927125	0.2725588646267964	0.024875688552856445	0.004813446408582486	balanced	5		4	5	500	{'class_weight': 'balanced', 'max_depth': 5, 'max_features': None, 'min_samples_leaf': 4, 'min_samples_split': 5, 'n_estimators': 500}	0.5659905378215238	0.5736653635813299	0.5777777777777777	0.5711976911976913	0.6301287139499774	0.5837520168656599	0.02350026114927538	104
26.76434407234192	0.23221712430462063	0.0332700252532959	0.004395440299104928	balanced	5		4	5	600	{'class_weight': 'balanced', 'max_depth': 5, 'max_features': None, 'min_samples_leaf': 4, 'min_samples_split': 5, 'n_estimators': 600}	0.5853758912627709	0.5736653635813299	0.5881058201058201	0.5711976911976913	0.6155015388480624	0.5867692609991348	0.01576995607776657	69
1.0535654544830322	0.05463316940654152	0.0024127960205078125	0.0010334381512946689	balanced	5		4	10	25	{'class_weight': 'balanced', 'max_depth': 5, 'max_features': None, 'min_samples_leaf': 4, 'min_samples_split': 10, 'n_estimators': 25}	0.4957394300614639	0.5306551372125142	0.6348498140953336	0.49040344692518606	0.6101718943824207	0.5523639445353837	0.05943465144420474	1171
2.3683443546295164	0.12247784408685239	0.004444217681884766	0.0018056177004313145	balanced	5		4	10	50	{'class_weight': 'balanced', 'max_depth': 5, 'max_features': None, 'min_samples_leaf': 4, 'min_samples_split': 10, 'n_estimators': 50}	0.49009807396904165	0.5325714285714286	0.6222222222222222	0.5486291486291487	0.5496296296296296	0.5486301006042942	0.042663048444516266	1391
4.713194751739502	0.055969528403547145	0.008139610290527344	0.0037093494862250696	balanced	5		4	10	100	{'class_weight': 'balanced', 'max_depth': 5, 'max_features': None, 'min_samples_leaf': 4, 'min_samples_split': 10, 'n_estimators': 100}	0.5275065491783758	0.5828075150655795	0.618724279835391	0.5838422994644729	0.6158730158730159	0.585750731883367	0.0328612121377282	77
6.662783622741699	0.09201558208364481	0.01508035659790039	0.007291997861601844	balanced	5		4	10	150	{'class_weight': 'balanced', 'max_depth': 5, 'max_features': None, 'min_samples_leaf': 4, 'min_samples_split': 10, 'n_estimators': 150}	0.5186603650586702	0.545299707743821	0.6163347763347763	0.6063373103042311	0.5733333333333334	0.5719930985549664	0.036618091357828744	371
8.863248109817505	0.10080205591832979	0.009236431121826172	0.0026746641966229326	balanced	5		4	10	200	{'class_weight': 'balanced', 'max_depth': 5, 'max_features': None, 'min_samples_leaf': 4, 'min_samples_split': 10, 'n_estimators': 200}	0.5233904027007475	0.5645022350530825	0.5862046401798034	0.5937662337662337	0.5733333333333334	0.5682393690066402	0.024599659405103228	498
13.571597480773926	0.09858024845511895	0.016423797607421874	0.003924652012404158	balanced	5		4	10	300	{'class_weight': 'balanced', 'max_depth': 5, 'max_features': None, 'min_samples_leaf': 4, 'min_samples_split': 10, 'n_estimators': 300}	0.5629637772769747	0.5874231700502887	0.5881058201058201	0.5809983896940418	0.609626216077829	0.5858234746409909	0.014967871154255758	76
17.59416184425354	0.09124447355825795	0.01790332794189453	0.0015492499516640906	balanced	5		4	10	400	{'class_weight': 'balanced', 'max_depth': 5, 'max_features': None, 'min_samples_leaf': 4, 'min_samples_split': 10, 'n_estimators': 400}	0.5437336423251916	0.5736653635813299	0.5638373234327657	0.5711976911976913	0.5914703850260662	0.5687808811126089	0.015468132797601848	480
21.596668815612794	0.3136705126817858	0.02640542984008789	0.0037140995523170183	balanced	5		4	10	500	{'class_weight': 'balanced', 'max_depth': 5, 'max_features': None, 'min_samples_leaf': 4, 'min_samples_split': 10, 'n_estimators': 500}	0.5562215562215562	0.5736653635813299	0.5862046401798034	0.5711976911976913	0.5914703850260662	0.5757519272412894	0.012351998453068998	274
26.170559453964234	0.44869369560874955	0.03297877311706543	0.005873278530812851	balanced	5		4	10	600	{'class_weight': 'balanced', 'max_depth': 5, 'max_features': None, 'min_samples_leaf': 4, 'min_samples_split': 10, 'n_estimators': 600}	0.5500062373127389	0.5645022350530825	0.5862046401798034	0.5711976911976913	0.6155015388480624	0.5774824685182757	0.0222910482269219	239
0.07850394248962403	0.003120666534575322	0.002199220657348633	0.0007982870759462241	balanced	10	sqrt	1	2	25	{'class_weight': 'balanced', 'max_depth': 10, 'max_features': 'sqrt', 'min_samples_leaf': 1, 'min_samples_split': 2, 'n_estimators': 25}	0.5097022635484174	0.568781792919724	0.546031746031746	0.5046451133407656	0.5763324299909666	0.5410986691663239	0.029484587526385914	1758
0.15666165351867675	0.004752848019944245	0.004063177108764649	0.0011611455304680353	balanced	10	sqrt	1	2	50	{'class_weight': 'balanced', 'max_depth': 10, 'max_features': 'sqrt', 'min_samples_leaf': 1, 'min_samples_split': 2, 'n_estimators': 50}	0.46065934065934067	0.5823730667480668	0.5317416924852683	0.5434080773820741	0.5449373737373737	0.5326239102024248	0.039805968900680694	2041
0.30277276039123535	0.009584997464983494	0.0059760093688964845	0.0037155319269543104	balanced	10	sqrt	1	2	100	{'class_weight': 'balanced', 'max_depth': 10, 'max_features': 'sqrt', 'min_samples_leaf': 1, 'min_samples_split': 2, 'n_estimators': 100}	0.47534581662748576	0.5325484274743367	0.5038212815990594	0.5346780594854555	0.5534782388407559	0.5199743648054187	0.027384100036930228	2274
0.5070967197418212	0.046171423372642136	0.00807347297668457	0.0017950026885846704	balanced	10	sqrt	1	2	150	{'class_weight': 'balanced', 'max_depth': 10, 'max_features': 'sqrt', 'min_samples_leaf': 1, 'min_samples_split': 2, 'n_estimators': 150}	0.48148490165296887	0.5241354863156865	0.4071111111111111	0.558540723101586	0.6030570252792475	0.51486584949212	0.06707678519511721	2330
0.6026161670684814	0.017416901220085844	0.010320615768432618	0.0025823400303220455	balanced	10	sqrt	1	2	200	{'class_weight': 'balanced', 'max_depth': 10, 'max_features': 'sqrt', 'min_samples_leaf': 1, 'min_samples_split': 2, 'n_estimators': 200}	0.545299707743821	0.5166426377483858	0.45866666666666667	0.5193769235600779	0.5617777777777778	0.5203527426993458	0.03509493887793156	2273
0.9017173767089843	0.041792840817430295	0.01721043586730957	0.004188277648196836	balanced	10	sqrt	1	2	300	{'class_weight': 'balanced', 'max_depth': 10, 'max_features': 'sqrt', 'min_samples_leaf': 1, 'min_samples_split': 2, 'n_estimators': 300}	0.539301954762889	0.5166426377483858	0.5024471804225566	0.5193769235600779	0.5413223736390511	0.5238182140265921	0.014656581212304733	2210
1.2065933704376222	0.05721160963464701	0.018295145034790038	0.0021476194631274564	balanced	10	sqrt	1	2	400	{'class_weight': 'balanced', 'max_depth': 10, 'max_features': 'sqrt', 'min_samples_leaf': 1, 'min_samples_split': 2, 'n_estimators': 400}	0.539301954762889	0.5166426377483858	0.5024471804225566	0.536431131592422	0.5218106995884774	0.5233267208229462	0.013489730726100777	2221
1.5540072441101074	0.05810926996811561	0.029376459121704102	0.010187998143069739	balanced	10	sqrt	1	2	500	{'class_weight': 'balanced', 'max_depth': 10, 'max_features': 'sqrt', 'min_samples_leaf': 1, 'min_samples_split': 2, 'n_estimators': 500}	0.5086007326007326	0.5494002060931195	0.5199252136752136	0.5203393939393939	0.5218106995884774	0.5240152491793874	0.01354329132770339	2202
1.8628232955932618	0.06601983500090138	0.029456663131713866	0.005643229231848359	balanced	10	sqrt	1	2	600	{'class_weight': 'balanced', 'max_depth': 10, 'max_features': 'sqrt', 'min_samples_leaf': 1, 'min_samples_split': 2, 'n_estimators': 600}	0.5003422606314708	0.5662177518254745	0.5024471804225566	0.5286302175191064	0.5218106995884774	0.5238896219974171	0.023802194298061265	2208
0.08368034362792968	0.00929995683550884	0.003429222106933594	0.0013684228485219747	balanced	10	sqrt	1	5	25	{'class_weight': 'balanced', 'max_depth': 10, 'max_features': 'sqrt', 'min_samples_leaf': 1, 'min_samples_split': 5, 'n_estimators': 25}	0.5553113553113553	0.6009204470742932	0.5763324299909666	0.47851851851851845	0.5346780594854555	0.549152162076118	0.041605935165337345	1368
0.161049747467041	0.0044737833599448025	0.004707622528076172	0.0011320196226154967	balanced	10	sqrt	1	5	50	{'class_weight': 'balanced', 'max_depth': 10, 'max_features': 'sqrt', 'min_samples_leaf': 1, 'min_samples_split': 5, 'n_estimators': 50}	0.5241354863156865	0.5717219376841179	0.6113606098176976	0.48695273225319446	0.5193769235600779	0.5427095379261548	0.043710220033329264	1675
0.3054171085357666	0.015560061931213922	0.005129528045654297	0.0009688935098104439	balanced	10	sqrt	1	5	100	{'class_weight': 'balanced', 'max_depth': 10, 'max_features': 'sqrt', 'min_samples_leaf': 1, 'min_samples_split': 5, 'n_estimators': 100}	0.5325714285714286	0.5805128205128205	0.597037037037037	0.4876344086021505	0.6278659611992945	0.5651243311845462	0.049509833580625925	621
0.45814857482910154	0.0048015535242367366	0.007830238342285157	0.0040572960715359145	balanced	10	sqrt	1	5	150	{'class_weight': 'balanced', 'max_depth': 10, 'max_features': 'sqrt', 'min_samples_leaf': 1, 'min_samples_split': 5, 'n_estimators': 150}	0.5086007326007326	0.5565421245421245	0.5608294930875576	0.4713146159160857	0.5534782388407559	0.5301530409974512	0.03495126767622706	2103
0.6083343029022217	0.013815821333644411	0.010519313812255859	0.002182251583683251	balanced	10	sqrt	1	5	200	{'class_weight': 'balanced', 'max_depth': 10, 'max_features': 'sqrt', 'min_samples_leaf': 1, 'min_samples_split': 5, 'n_estimators': 200}	0.48463003663003656	0.5332404863654864	0.5941333333333334	0.49534576973808175	0.5143413367942894	0.5243381925722455	0.03864672784133794	2195
0.9293989658355712	0.03273660644541227	0.015661859512329103	0.0017027563994204957	balanced	10	sqrt	1	5	300	{'class_weight': 'balanced', 'max_depth': 10, 'max_features': 'sqrt', 'min_samples_leaf': 1, 'min_samples_split': 5, 'n_estimators': 300}	0.5156764139814987	0.5494002060931195	0.5733333333333334	0.510815395869325	0.4994107744107744	0.5297272247376101	0.027432421026016212	2110
1.2741180896759032	0.04508057361553854	0.01953425407409668	0.0020923191375331386	balanced	10	sqrt	1	5	400	{'class_weight': 'balanced', 'max_depth': 10, 'max_features': 'sqrt', 'min_samples_leaf': 1, 'min_samples_split': 5, 'n_estimators': 400}	0.5241354863156865	0.5494002060931195	0.5824033867177165	0.5346780594854555	0.5143413367942894	0.5409916950812534	0.023748122565115052	1764
1.588587760925293	0.06216407586916122	0.025193071365356444	0.0036574768640482247	balanced	10	sqrt	1	5	500	{'class_weight': 'balanced', 'max_depth': 10, 'max_features': 'sqrt', 'min_samples_leaf': 1, 'min_samples_split': 5, 'n_estimators': 500}	0.5306551372125142	0.5496196111580728	0.609626216077829	0.5346780594854555	0.5143413367942894	0.5477840721456322	0.03289803792680769	1421
2.109652805328369	0.10469806804216444	0.03680577278137207	0.0048823981523729385	balanced	10	sqrt	1	5	600	{'class_weight': 'balanced', 'max_depth': 10, 'max_features': 'sqrt', 'min_samples_leaf': 1, 'min_samples_split': 5, 'n_estimators': 600}	0.5241354863156865	0.5414301947869302	0.5695353535353536	0.5496296296296296	0.49448559670781894	0.5358432521950838	0.02531388264295075	1945
0.08263688087463379	0.008740788951934418	0.00269775390625	0.0011760801453546185	balanced	10	sqrt	1	10	25	{'class_weight': 'balanced', 'max_depth': 10, 'max_features': 'sqrt', 'min_samples_leaf': 1, 'min_samples_split': 10, 'n_estimators': 25}	0.5853758912627709	0.5500062373127389	0.5046451133407656	0.6624338624338625	0.5941333333333334	0.5793188875366942	0.05215296380144213	185
0.17464690208435057	0.028198958628486537	0.0029695987701416015	0.0006604459839877389	balanced	10	sqrt	1	10	50	{'class_weight': 'balanced', 'max_depth': 10, 'max_features': 'sqrt', 'min_samples_leaf': 1, 'min_samples_split': 10, 'n_estimators': 50}	0.5736653635813299	0.5553113553113553	0.5227513227513227	0.5733333333333334	0.6278659611992945	0.5705854672353272	0.03411596515396691	409
0.42197041511535643	0.024076018737614686	0.010335016250610351	0.0026795610937821093	balanced	10	sqrt	1	10	100	{'class_weight': 'balanced', 'max_depth': 10, 'max_features': 'sqrt', 'min_samples_leaf': 1, 'min_samples_split': 10, 'n_estimators': 100}	0.545299707743821	0.5479287119999022	0.5406989025118244	0.5824033867177165	0.5704594017094017	0.5573580221365332	0.016191093453089497	935
0.5194088459014893	0.034691377790187515	0.00894322395324707	0.002788659489963482	balanced	10	sqrt	1	10	150	{'class_weight': 'balanced', 'max_depth': 10, 'max_features': 'sqrt', 'min_samples_leaf': 1, 'min_samples_split': 10, 'n_estimators': 150}	0.5541223803518884	0.5156764139814987	0.5496296296296296	0.601980438612478	0.5957264957264957	0.5634270716603982	0.03189572665436498	674
0.6669395923614502	0.024083397885168372	0.011342430114746093	0.004355380284252803	balanced	10	sqrt	1	10	200	{'class_weight': 'balanced', 'max_depth': 10, 'max_features': 'sqrt', 'min_samples_leaf': 1, 'min_samples_split': 10, 'n_estimators': 200}	0.5541223803518884	0.5086741961741962	0.5642528049471155	0.5434080773820741	0.5700991847120528	0.5481113287134654	0.021714298534477303	1410
0.9577633380889893	0.057215781356950345	0.014956188201904298	0.002908448619809142	balanced	10	sqrt	1	10	300	{'class_weight': 'balanced', 'max_depth': 10, 'max_features': 'sqrt', 'min_samples_leaf': 1, 'min_samples_split': 10, 'n_estimators': 300}	0.5241354863156865	0.5494002060931195	0.5693121693121693	0.5763324299909666	0.5143413367942894	0.5467043257012463	0.024301944324801626	1480
1.357854461669922	0.10008519424379547	0.022202491760253906	0.004475440667509791	balanced	10	sqrt	1	10	400	{'class_weight': 'balanced', 'max_depth': 10, 'max_features': 'sqrt', 'min_samples_leaf': 1, 'min_samples_split': 10, 'n_estimators': 400}	0.545299707743821	0.5565421245421245	0.601980438612478	0.5496296296296296	0.49448559670781894	0.5495874994471743	0.0341993962014873	1349
1.6980873584747314	0.05008584483116862	0.027806568145751952	0.0072481942117337975	balanced	10	sqrt	1	10	500	{'class_weight': 'balanced', 'max_depth': 10, 'max_features': 'sqrt', 'min_samples_leaf': 1, 'min_samples_split': 10, 'n_estimators': 500}	0.5479287119999022	0.565149136577708	0.5878067073824066	0.558540723101586	0.5521043771043772	0.562305931233196	0.014023739391781094	703
2.0940872192382813	0.059083636724512896	0.03235759735107422	0.004988183052165795	balanced	10	sqrt	1	10	600	{'class_weight': 'balanced', 'max_depth': 10, 'max_features': 'sqrt', 'min_samples_leaf': 1, 'min_samples_split': 10, 'n_estimators': 600}	0.5596301547914452	0.5893075178789464	0.5642528049471155	0.5674392312040701	0.5143413367942894	0.5589942091231732	0.024544454973870772	874
0.07369184494018555	0.005099774113655487	0.0022735118865966795	0.000993426328664003	balanced	10	sqrt	2	2	25	{'class_weight': 'balanced', 'max_depth': 10, 'max_features': 'sqrt', 'min_samples_leaf': 2, 'min_samples_split': 2, 'n_estimators': 25}	0.5275751326171494	0.4825071729096497	0.6198439241917503	0.5276848755109624	0.5083287771095316	0.5331879764678086	0.04638440482361047	2027
0.20958075523376465	0.02249398326912593	0.009582805633544921	0.008181573824388172	balanced	10	sqrt	2	2	50	{'class_weight': 'balanced', 'max_depth': 10, 'max_features': 'sqrt', 'min_samples_leaf': 2, 'min_samples_split': 2, 'n_estimators': 50}	0.545299707743821	0.5132754342431762	0.5925925925925926	0.5551546078610048	0.5434080773820741	0.5499460839645336	0.02551440499947586	1333
0.36626582145690917	0.01843792545117812	0.005438804626464844	0.0015501689776239458	balanced	10	sqrt	2	2	100	{'class_weight': 'balanced', 'max_depth': 10, 'max_features': 'sqrt', 'min_samples_leaf': 2, 'min_samples_split': 2, 'n_estimators': 100}	0.5186603650586702	0.539301954762889	0.5824033867177165	0.597037037037037	0.5789937680498556	0.5632793023252336	0.029387148376991665	680
0.5003610610961914	0.012230149254748553	0.00898895263671875	0.0030035695325883105	balanced	10	sqrt	2	2	150	{'class_weight': 'balanced', 'max_depth': 10, 'max_features': 'sqrt', 'min_samples_leaf': 2, 'min_samples_split': 2, 'n_estimators': 150}	0.4957394300614639	0.5629274955442795	0.5286302175191064	0.5925925925925926	0.5286302175191064	0.5417039906473098	0.03315018819108722	1724
0.6235252857208252	0.009809995409794282	0.011082696914672851	0.002025185386136843	balanced	10	sqrt	2	2	200	{'class_weight': 'balanced', 'max_depth': 10, 'max_features': 'sqrt', 'min_samples_leaf': 2, 'min_samples_split': 2, 'n_estimators': 200}	0.5275751326171494	0.5805128205128205	0.5038212815990594	0.5317416924852683	0.48736029994952773	0.5262022454327651	0.031596876837571446	2179
0.9179865837097168	0.05226126153800517	0.013448190689086915	0.002823523987514757	balanced	10	sqrt	2	2	300	{'class_weight': 'balanced', 'max_depth': 10, 'max_features': 'sqrt', 'min_samples_leaf': 2, 'min_samples_split': 2, 'n_estimators': 300}	0.5415813000558763	0.5409907552764696	0.5346780594854555	0.5259259259259259	0.5179899949801804	0.5322332071447815	0.009085259296911273	2053
1.231347131729126	0.024608718962182904	0.01806364059448242	0.0020409209508343807	balanced	10	sqrt	2	2	400	{'class_weight': 'balanced', 'max_depth': 10, 'max_features': 'sqrt', 'min_samples_leaf': 2, 'min_samples_split': 2, 'n_estimators': 400}	0.5781159011928243	0.565149136577708	0.5279132791327914	0.5259259259259259	0.49448559670781894	0.5383179679074137	0.02995624850995381	1858
1.537439727783203	0.08213128398817483	0.025356388092041014	0.0022363241726505788	balanced	10	sqrt	2	2	500	{'class_weight': 'balanced', 'max_depth': 10, 'max_features': 'sqrt', 'min_samples_leaf': 2, 'min_samples_split': 2, 'n_estimators': 500}	0.5645022350530825	0.5737569517097076	0.5608294930875576	0.4876344086021505	0.5143413367942894	0.5402128850493575	0.03338878450420758	1794
1.89688401222229	0.0451804053603716	0.03810982704162598	0.013812941931009206	balanced	10	sqrt	2	2	600	{'class_weight': 'balanced', 'max_depth': 10, 'max_features': 'sqrt', 'min_samples_leaf': 2, 'min_samples_split': 2, 'n_estimators': 600}	0.5781159011928243	0.5893075178789464	0.5763324299909666	0.4876344086021505	0.5143413367942894	0.5491463188918354	0.040463181105215	1369
0.07650976181030274	0.008178529247513888	0.002604246139526367	0.0011058079572067502	balanced	10	sqrt	2	5	25	{'class_weight': 'balanced', 'max_depth': 10, 'max_features': 'sqrt', 'min_samples_leaf': 2, 'min_samples_split': 5, 'n_estimators': 25}	0.6010568666306372	0.49572743531958624	0.5831896551724138	0.5785675232367414	0.536431131592422	0.5589945223903602	0.03807775866876249	873
0.14705166816711426	0.019160820739522116	0.006207609176635742	0.0023682372277994547	balanced	10	sqrt	2	5	50	{'class_weight': 'balanced', 'max_depth': 10, 'max_features': 'sqrt', 'min_samples_leaf': 2, 'min_samples_split': 5, 'n_estimators': 50}	0.5686176714492661	0.545299707743821	0.5737643998513563	0.5496296296296296	0.5852278545826933	0.5645078526513532	0.014981369147879679	644
0.33309078216552734	0.007492002718601351	0.007523107528686524	0.002435195580904562	balanced	10	sqrt	2	5	100	{'class_weight': 'balanced', 'max_depth': 10, 'max_features': 'sqrt', 'min_samples_leaf': 2, 'min_samples_split': 5, 'n_estimators': 100}	0.5275751326171494	0.5565421245421245	0.5733333333333334	0.5120327700972862	0.5695353535353536	0.5478037428250494	0.024038058871097376	1420
0.4830202102661133	0.022872711823754926	0.00813751220703125	0.0026892507281693913	balanced	10	sqrt	2	5	150	{'class_weight': 'balanced', 'max_depth': 10, 'max_features': 'sqrt', 'min_samples_leaf': 2, 'min_samples_split': 5, 'n_estimators': 150}	0.5553113553113553	0.5241354863156865	0.606266050333847	0.5120327700972862	0.5449373737373737	0.5485366071591097	0.03261743436160243	1394
0.6478701114654541	0.04838980169889258	0.011739206314086915	0.0028256890072063845	balanced	10	sqrt	2	5	200	{'class_weight': 'balanced', 'max_depth': 10, 'max_features': 'sqrt', 'min_samples_leaf': 2, 'min_samples_split': 5, 'n_estimators': 200}	0.5506202480992397	0.565149136577708	0.5914703850260662	0.5449373737373737	0.5704594017094017	0.564527309029958	0.016362625985379377	643
0.9364473819732666	0.015486406577262439	0.01577725410461426	0.004338014327209274	balanced	10	sqrt	2	5	300	{'class_weight': 'balanced', 'max_depth': 10, 'max_features': 'sqrt', 'min_samples_leaf': 2, 'min_samples_split': 5, 'n_estimators': 300}	0.545299707743821	0.565149136577708	0.5824033867177165	0.5037037037037037	0.5451923076923078	0.5483496484870514	0.026284638908000556	1402
1.2770875453948975	0.03023453531615848	0.019533681869506835	0.0024869247104245817	balanced	10	sqrt	2	5	400	{'class_weight': 'balanced', 'max_depth': 10, 'max_features': 'sqrt', 'min_samples_leaf': 2, 'min_samples_split': 5, 'n_estimators': 400}	0.545299707743821	0.5332404863654864	0.5534391534391534	0.5346780594854555	0.48736029994952773	0.5308035413966887	0.022938071365911118	2083
1.6315474033355712	0.13911792064281675	0.03454575538635254	0.013668342335262821	balanced	10	sqrt	2	5	500	{'class_weight': 'balanced', 'max_depth': 10, 'max_features': 'sqrt', 'min_samples_leaf': 2, 'min_samples_split': 5, 'n_estimators': 500}	0.5596301547914452	0.5414301947869302	0.5534391534391534	0.5674392312040701	0.49448559670781894	0.5432848661858836	0.02583996852259569	1645
2.003147554397583	0.036798256046585986	0.028131437301635743	0.004376814264240477	balanced	10	sqrt	2	5	600	{'class_weight': 'balanced', 'max_depth': 10, 'max_features': 'sqrt', 'min_samples_leaf': 2, 'min_samples_split': 5, 'n_estimators': 600}	0.5596301547914452	0.5414301947869302	0.5782480893592005	0.5521228545618789	0.533532412591763	0.5529927412182436	0.015459892895388856	1151
0.07712779045104981	0.011729816974028527	0.002299070358276367	0.001019826379832454	balanced	10	sqrt	2	10	25	{'class_weight': 'balanced', 'max_depth': 10, 'max_features': 'sqrt', 'min_samples_leaf': 2, 'min_samples_split': 10, 'n_estimators': 25}	0.568781792919724	0.5500062373127389	0.5737643998513563	0.5872408293460926	0.6101718943824207	0.5779930307624666	0.020034918877253345	220
0.1652202606201172	0.01364896599391252	0.005935811996459961	0.0020882437085507377	balanced	10	sqrt	2	10	50	{'class_weight': 'balanced', 'max_depth': 10, 'max_features': 'sqrt', 'min_samples_leaf': 2, 'min_samples_split': 10, 'n_estimators': 50}	0.5686176714492661	0.5645022350530825	0.6362278244631187	0.5831896551724138	0.5878067073824066	0.5880688187040575	0.025600374096175722	56
0.3591011524200439	0.022562284049814006	0.008266353607177734	0.0033414924564481694	balanced	10	sqrt	2	10	100	{'class_weight': 'balanced', 'max_depth': 10, 'max_features': 'sqrt', 'min_samples_leaf': 2, 'min_samples_split': 10, 'n_estimators': 100}	0.5506202480992397	0.6197555945455105	0.6198439241917503	0.5674392312040701	0.6155015388480624	0.5946321073777266	0.029593427500625463	26
0.523825216293335	0.023072106298565074	0.007716608047485351	0.002081797214480232	balanced	10	sqrt	2	10	150	{'class_weight': 'balanced', 'max_depth': 10, 'max_features': 'sqrt', 'min_samples_leaf': 2, 'min_samples_split': 10, 'n_estimators': 150}	0.5775896234912629	0.5250434604765313	0.5737643998513563	0.5693121693121693	0.606266050333847	0.5703951406930333	0.026106636604285176	418
0.6180641651153564	0.0356215556071104	0.007759857177734375	0.0006231024275615683	balanced	10	sqrt	2	10	200	{'class_weight': 'balanced', 'max_depth': 10, 'max_features': 'sqrt', 'min_samples_leaf': 2, 'min_samples_split': 10, 'n_estimators': 200}	0.5775896234912629	0.5086741961741962	0.5693121693121693	0.5551546078610048	0.606266050333847	0.5633993294344961	0.03205213729435631	678
0.9005171775817871	0.022131655818111072	0.01953282356262207	0.0057675115100937905	balanced	10	sqrt	2	10	300	{'class_weight': 'balanced', 'max_depth': 10, 'max_features': 'sqrt', 'min_samples_leaf': 2, 'min_samples_split': 10, 'n_estimators': 300}	0.5506202480992397	0.565149136577708	0.5831896551724138	0.558540723101586	0.5521228545618789	0.5619245235025654	0.011814511551402304	731
1.171539878845215	0.01624752135479867	0.020457983016967773	0.006370916689415595	balanced	10	sqrt	2	10	400	{'class_weight': 'balanced', 'max_depth': 10, 'max_features': 'sqrt', 'min_samples_leaf': 2, 'min_samples_split': 10, 'n_estimators': 400}	0.5736653635813299	0.565149136577708	0.5968041620215533	0.5824033867177165	0.5695353535353536	0.5775114804867323	0.011201580876789546	236
1.5069407939910888	0.02839415754662275	0.027353858947753905	0.004487111475618063	balanced	10	sqrt	2	10	500	{'class_weight': 'balanced', 'max_depth': 10, 'max_features': 'sqrt', 'min_samples_leaf': 2, 'min_samples_split': 10, 'n_estimators': 500}	0.5415813000558763	0.5494002060931195	0.606345785440613	0.5824033867177165	0.5789937680498556	0.5717448892714362	0.023547818615621822	373
1.8513182163238526	0.023117017649827026	0.03147249221801758	0.005292745975666933	balanced	10	sqrt	2	10	600	{'class_weight': 'balanced', 'max_depth': 10, 'max_features': 'sqrt', 'min_samples_leaf': 2, 'min_samples_split': 10, 'n_estimators': 600}	0.545299707743821	0.565149136577708	0.5642528049471155	0.597037037037037	0.5617777777777778	0.566703292816692	0.016798395656785963	553
0.0693272590637207	0.00883632740716838	0.0017368793487548828	3.189288536798291e-05	balanced	10	sqrt	4	2	25	{'class_weight': 'balanced', 'max_depth': 10, 'max_features': 'sqrt', 'min_samples_leaf': 4, 'min_samples_split': 2, 'n_estimators': 25}	0.5562215562215562	0.47799901248177107	0.5368773946360154	0.5413786992734361	0.6198439241917503	0.5464641173609057	0.04535425223612576	1487
0.14074082374572755	0.007905551346208807	0.003708171844482422	0.0012225135531967253	balanced	10	sqrt	4	2	50	{'class_weight': 'balanced', 'max_depth': 10, 'max_features': 'sqrt', 'min_samples_leaf': 4, 'min_samples_split': 2, 'n_estimators': 50}	0.568781792919724	0.49866378033293085	0.49981325863678805	0.597037037037037	0.5824033867177165	0.5493398511288394	0.0418739908415329	1358
0.31067533493041993	0.02170352555436777	0.0059353351593017575	0.0025265527536840076	balanced	10	sqrt	4	2	100	{'class_weight': 'balanced', 'max_depth': 10, 'max_features': 'sqrt', 'min_samples_leaf': 4, 'min_samples_split': 2, 'n_estimators': 100}	0.5736653635813299	0.5914774880292122	0.48632941487254	0.5733333333333334	0.5824033867177165	0.5614417973068264	0.038142430820001336	758
0.44221816062927244	0.014366537000174606	0.007918214797973633	0.002355962552587001	balanced	10	sqrt	4	2	150	{'class_weight': 'balanced', 'max_depth': 10, 'max_features': 'sqrt', 'min_samples_leaf': 4, 'min_samples_split': 2, 'n_estimators': 150}	0.5686176714492661	0.5686176714492661	0.5507246376811594	0.558540723101586	0.5824033867177165	0.565780818079799	0.010691237586845752	583
0.5905156135559082	0.013293292144568543	0.010315036773681641	0.0028674427469483218	balanced	10	sqrt	4	2	200	{'class_weight': 'balanced', 'max_depth': 10, 'max_features': 'sqrt', 'min_samples_leaf': 4, 'min_samples_split': 2, 'n_estimators': 200}	0.5775896234912629	0.5775896234912629	0.5319890224394253	0.5785675232367414	0.5763324299909666	0.5684136445299318	0.018226127894889223	494
0.9055061340332031	0.061983197469788635	0.026194667816162108	0.004459450534483184	balanced	10	sqrt	4	2	300	{'class_weight': 'balanced', 'max_depth': 10, 'max_features': 'sqrt', 'min_samples_leaf': 4, 'min_samples_split': 2, 'n_estimators': 300}	0.5596301547914452	0.545299707743821	0.546031746031746	0.5259259259259259	0.5763324299909666	0.5506439928967809	0.016741946993434755	1296
1.2719635009765624	0.03535807282070866	0.03249273300170898	0.01070706161636928	balanced	10	sqrt	4	2	400	{'class_weight': 'balanced', 'max_depth': 10, 'max_features': 'sqrt', 'min_samples_leaf': 4, 'min_samples_split': 2, 'n_estimators': 400}	0.5686176714492661	0.5565421245421245	0.5600335249042145	0.5346780594854555	0.5608294930875576	0.5561401746937237	0.011433457578864355	987
1.8215779304504394	0.09453039662902525	0.028983402252197265	0.0067341033695515915	balanced	10	sqrt	4	2	500	{'class_weight': 'balanced', 'max_depth': 10, 'max_features': 'sqrt', 'min_samples_leaf': 4, 'min_samples_split': 2, 'n_estimators': 500}	0.5775896234912629	0.6101785771070599	0.5600335249042145	0.5496296296296296	0.5782480893592005	0.5751358888982734	0.020602656441092142	287
2.086555767059326	0.06125439417540292	0.028561925888061522	0.006975169180518197	balanced	10	sqrt	4	2	600	{'class_weight': 'balanced', 'max_depth': 10, 'max_features': 'sqrt', 'min_samples_leaf': 4, 'min_samples_split': 2, 'n_estimators': 600}	0.5686176714492661	0.5955151633683335	0.5831896551724138	0.5733333333333334	0.5695353535353536	0.57803823537174	0.010150490288580739	216
0.11337265968322754	0.015640887265691284	0.0029305458068847657	0.0010234055185655891	balanced	10	sqrt	4	5	25	{'class_weight': 'balanced', 'max_depth': 10, 'max_features': 'sqrt', 'min_samples_leaf': 4, 'min_samples_split': 5, 'n_estimators': 25}	0.5562215562215562	0.47799901248177107	0.5368773946360154	0.5413786992734361	0.6198439241917503	0.5464641173609057	0.04535425223612576	1487
0.17555551528930663	0.02754193558587096	0.004086208343505859	0.0014640424024748213	balanced	10	sqrt	4	5	50	{'class_weight': 'balanced', 'max_depth': 10, 'max_features': 'sqrt', 'min_samples_leaf': 4, 'min_samples_split': 5, 'n_estimators': 50}	0.568781792919724	0.49866378033293085	0.49981325863678805	0.597037037037037	0.5824033867177165	0.5493398511288394	0.0418739908415329	1358
0.33626980781555177	0.049132957417822115	0.007552051544189453	0.0017710017051519465	balanced	10	sqrt	4	5	100	{'class_weight': 'balanced', 'max_depth': 10, 'max_features': 'sqrt', 'min_samples_leaf': 4, 'min_samples_split': 5, 'n_estimators': 100}	0.5736653635813299	0.5914774880292122	0.48632941487254	0.5733333333333334	0.5824033867177165	0.5614417973068264	0.038142430820001336	758
0.4519219398498535	0.032050574139557905	0.012918663024902344	0.006404911455309523	balanced	10	sqrt	4	5	150	{'class_weight': 'balanced', 'max_depth': 10, 'max_features': 'sqrt', 'min_samples_leaf': 4, 'min_samples_split': 5, 'n_estimators': 150}	0.5686176714492661	0.5686176714492661	0.5507246376811594	0.558540723101586	0.5824033867177165	0.565780818079799	0.010691237586845752	583
0.6522684097290039	0.06074661340669339	0.009689617156982421	0.002731194250028435	balanced	10	sqrt	4	5	200	{'class_weight': 'balanced', 'max_depth': 10, 'max_features': 'sqrt', 'min_samples_leaf': 4, 'min_samples_split': 5, 'n_estimators': 200}	0.5775896234912629	0.5775896234912629	0.5319890224394253	0.5785675232367414	0.5763324299909666	0.5684136445299318	0.018226127894889223	494
0.910112714767456	0.04935045528677976	0.012904548645019531	0.0015457525403566005	balanced	10	sqrt	4	5	300	{'class_weight': 'balanced', 'max_depth': 10, 'max_features': 'sqrt', 'min_samples_leaf': 4, 'min_samples_split': 5, 'n_estimators': 300}	0.5596301547914452	0.545299707743821	0.546031746031746	0.5259259259259259	0.5763324299909666	0.5506439928967809	0.016741946993434755	1296
1.2285935401916503	0.059905480147327536	0.020381593704223634	0.004801372035875574	balanced	10	sqrt	4	5	400	{'class_weight': 'balanced', 'max_depth': 10, 'max_features': 'sqrt', 'min_samples_leaf': 4, 'min_samples_split': 5, 'n_estimators': 400}	0.5686176714492661	0.5565421245421245	0.5600335249042145	0.5346780594854555	0.5608294930875576	0.5561401746937237	0.011433457578864355	987
1.5294062137603759	0.059506953643133194	0.023891639709472657	0.005380591453987356	balanced	10	sqrt	4	5	500	{'class_weight': 'balanced', 'max_depth': 10, 'max_features': 'sqrt', 'min_samples_leaf': 4, 'min_samples_split': 5, 'n_estimators': 500}	0.5775896234912629	0.6101785771070599	0.5600335249042145	0.5496296296296296	0.5782480893592005	0.5751358888982734	0.020602656441092142	287
1.7663238525390625	0.04944430773225841	0.026107215881347658	0.002280364759806889	balanced	10	sqrt	4	5	600	{'class_weight': 'balanced', 'max_depth': 10, 'max_features': 'sqrt', 'min_samples_leaf': 4, 'min_samples_split': 5, 'n_estimators': 600}	0.5686176714492661	0.5955151633683335	0.5831896551724138	0.5733333333333334	0.5695353535353536	0.57803823537174	0.010150490288580739	216
0.07317881584167481	0.002439157944564446	0.002931022644042969	0.0009930331891066222	balanced	10	sqrt	4	10	25	{'class_weight': 'balanced', 'max_depth': 10, 'max_features': 'sqrt', 'min_samples_leaf': 4, 'min_samples_split': 10, 'n_estimators': 25}	0.6349016071273204	0.5460860978102358	0.5435767195767196	0.5785675232367414	0.5037037037037037	0.5613671302909442	0.0437681442008425	765
0.14335293769836427	0.01036737388062975	0.004385757446289063	0.0019621060866589495	balanced	10	sqrt	4	10	50	{'class_weight': 'balanced', 'max_depth': 10, 'max_features': 'sqrt', 'min_samples_leaf': 4, 'min_samples_split': 10, 'n_estimators': 50}	0.5460860978102358	0.5645022350530825	0.5130521826173999	0.5642528049471155	0.6005420054200542	0.5576870651695776	0.028470885365083062	922
0.28476734161376954	0.009004917810586153	0.004867458343505859	0.0010447680116196885	balanced	10	sqrt	4	10	100	{'class_weight': 'balanced', 'max_depth': 10, 'max_features': 'sqrt', 'min_samples_leaf': 4, 'min_samples_split': 10, 'n_estimators': 100}	0.5736653635813299	0.6385715625656012	0.5319890224394253	0.5551546078610048	0.606266050333847	0.5811293213562416	0.03762082296629674	157
0.4453437328338623	0.022135313970937622	0.011690855026245117	0.003879085700761178	balanced	10	sqrt	4	10	150	{'class_weight': 'balanced', 'max_depth': 10, 'max_features': 'sqrt', 'min_samples_leaf': 4, 'min_samples_split': 10, 'n_estimators': 150}	0.6103441050474949	0.591935635154711	0.5548188262228679	0.5551546078610048	0.606266050333847	0.5837038449239852	0.02423188884527939	107
0.6108449459075928	0.01797739443977913	0.008697795867919921	0.001504641752509816	balanced	10	sqrt	4	10	200	{'class_weight': 'balanced', 'max_depth': 10, 'max_features': 'sqrt', 'min_samples_leaf': 4, 'min_samples_split': 10, 'n_estimators': 200}	0.591935635154711	0.5717219376841179	0.5548188262228679	0.5171450000765334	0.5763324299909666	0.5623907658258394	0.025529800857798084	697
0.9074866294860839	0.03587081057104436	0.017430973052978516	0.0031008227183235244	balanced	10	sqrt	4	10	300	{'class_weight': 'balanced', 'max_depth': 10, 'max_features': 'sqrt', 'min_samples_leaf': 4, 'min_samples_split': 10, 'n_estimators': 300}	0.5596301547914452	0.6245241097700115	0.5680205415499533	0.49534576973808175	0.606266050333847	0.5707573252366678	0.04465410011827194	406
1.2055424213409425	0.0745313448597724	0.017413949966430663	0.002429312360107971	balanced	10	sqrt	4	10	400	{'class_weight': 'balanced', 'max_depth': 10, 'max_features': 'sqrt', 'min_samples_leaf': 4, 'min_samples_split': 10, 'n_estimators': 400}	0.5645022350530825	0.5717219376841179	0.5276848755109624	0.5496296296296296	0.6005420054200542	0.5628161366595693	0.02413912538165811	693
1.4691173076629638	0.031651326010974166	0.03532600402832031	0.009615808996277179	balanced	10	sqrt	4	10	500	{'class_weight': 'balanced', 'max_depth': 10, 'max_features': 'sqrt', 'min_samples_leaf': 4, 'min_samples_split': 10, 'n_estimators': 500}	0.5553113553113553	0.5955151633683335	0.5507246376811594	0.5642528049471155	0.5852278545826933	0.5702063631781314	0.017337960170594982	423
1.8134381771087646	0.07335509267861191	0.0378990650177002	0.007196271151501864	balanced	10	sqrt	4	10	600	{'class_weight': 'balanced', 'max_depth': 10, 'max_features': 'sqrt', 'min_samples_leaf': 4, 'min_samples_split': 10, 'n_estimators': 600}	0.5645022350530825	0.5865530363256697	0.5600335249042145	0.5785675232367414	0.6005420054200542	0.5780396649879525	0.014741740336497501	215
0.04290304183959961	0.003991978711686164	0.003034067153930664	0.0010436761511311825	balanced	10	log2	1	2	25	{'class_weight': 'balanced', 'max_depth': 10, 'max_features': 'log2', 'min_samples_leaf': 1, 'min_samples_split': 2, 'n_estimators': 25}	0.5775896234912629	0.5865530363256697	0.5551546078610048	0.5600335249042145	0.609626216077829	0.5777914017319962	0.01958585707000614	223
0.09130649566650391	0.009608423480735371	0.003816652297973633	0.0015914540872719483	balanced	10	log2	1	2	50	{'class_weight': 'balanced', 'max_depth': 10, 'max_features': 'log2', 'min_samples_leaf': 1, 'min_samples_split': 2, 'n_estimators': 50}	0.5275751326171494	0.5409907552764696	0.5346780594854555	0.4876344086021505	0.5203393939393939	0.5222435499841238	0.018632868719684274	2237
0.1700913906097412	0.013529623011004322	0.0054339408874511715	0.0020407768291465893	balanced	10	log2	1	2	100	{'class_weight': 'balanced', 'max_depth': 10, 'max_features': 'log2', 'min_samples_leaf': 1, 'min_samples_split': 2, 'n_estimators': 100}	0.46065934065934067	0.5893075178789464	0.558540723101586	0.4790123456790123	0.49465811965811973	0.516435609395401	0.049130250410121	2317
0.2690111637115479	0.015085453137340093	0.007210731506347656	0.002290525271796759	balanced	10	log2	1	2	150	{'class_weight': 'balanced', 'max_depth': 10, 'max_features': 'log2', 'min_samples_leaf': 1, 'min_samples_split': 2, 'n_estimators': 150}	0.45275580926303943	0.5496196111580728	0.5852278545826933	0.5038212815990594	0.465880805248308	0.5114610723702346	0.04995967836329973	2357
0.3573969841003418	0.024240315184283132	0.012316608428955078	0.004452540955190454	balanced	10	log2	1	2	200	{'class_weight': 'balanced', 'max_depth': 10, 'max_features': 'log2', 'min_samples_leaf': 1, 'min_samples_split': 2, 'n_estimators': 200}	0.49267399267399264	0.5496196111580728	0.5619439079549019	0.5199252136752136	0.5440445898461165	0.5336414630616595	0.02462122571122308	2013
0.5736660957336426	0.030289353811615384	0.02053370475769043	0.005337686901552812	balanced	10	log2	1	2	300	{'class_weight': 'balanced', 'max_depth': 10, 'max_features': 'log2', 'min_samples_leaf': 1, 'min_samples_split': 2, 'n_estimators': 300}	0.5241354863156865	0.5325484274743367	0.5941333333333334	0.5038212815990594	0.5257575757575758	0.5360792208959984	0.030569626346576922	1939
0.8050686836242675	0.02629007290708486	0.024218416213989256	0.0034840230867153404	balanced	10	log2	1	2	400	{'class_weight': 'balanced', 'max_depth': 10, 'max_features': 'log2', 'min_samples_leaf': 1, 'min_samples_split': 2, 'n_estimators': 400}	0.5086007326007326	0.5404995004995006	0.5704594017094017	0.5369121312666105	0.48736029994952773	0.5287664132051546	0.028507698047320878	2131
1.01684627532959	0.018050129505698443	0.028617429733276366	0.00458777286554942	balanced	10	log2	1	2	500	{'class_weight': 'balanced', 'max_depth': 10, 'max_features': 'log2', 'min_samples_leaf': 1, 'min_samples_split': 2, 'n_estimators': 500}	0.5325714285714286	0.5414301947869302	0.5451923076923078	0.5120327700972862	0.4671604938271606	0.5196774389950227	0.028659784956272034	2280
1.2186959266662598	0.04724769455681051	0.031917238235473634	0.001130082995383306	balanced	10	log2	1	2	600	{'class_weight': 'balanced', 'max_depth': 10, 'max_features': 'log2', 'min_samples_leaf': 1, 'min_samples_split': 2, 'n_estimators': 600}	0.5325714285714286	0.5404995004995006	0.5534782388407559	0.536431131592422	0.48065033289952663	0.5287261264807267	0.025046815296446822	2132
0.060019731521606445	0.00407656316911727	0.004367733001708984	0.002576647244070622	balanced	10	log2	1	5	25	{'class_weight': 'balanced', 'max_depth': 10, 'max_features': 'log2', 'min_samples_leaf': 1, 'min_samples_split': 5, 'n_estimators': 25}	0.5717219376841179	0.49866378033293085	0.5658412698412698	0.510815395869325	0.5824033867177165	0.545889154089072	0.03423189523757292	1526
0.11127943992614746	0.006627343855830696	0.006568813323974609	0.005712380217926394	balanced	10	log2	1	5	50	{'class_weight': 'balanced', 'max_depth': 10, 'max_features': 'log2', 'min_samples_leaf': 1, 'min_samples_split': 5, 'n_estimators': 50}	0.5494002060931195	0.5686176714492661	0.5583496540018279	0.4935910976412422	0.5038212815990594	0.534755982156903	0.03022989270025197	1996
0.18153390884399415	0.011246864050618928	0.007361888885498047	0.002356955629781752	balanced	10	log2	1	5	100	{'class_weight': 'balanced', 'max_depth': 10, 'max_features': 'log2', 'min_samples_leaf': 1, 'min_samples_split': 5, 'n_estimators': 100}	0.5006867148599432	0.5893075178789464	0.6113606098176976	0.5693121693121693	0.5118803545783192	0.5565094732894151	0.043257846752690975	969
0.2910454273223877	0.02609199271012856	0.012635183334350587	0.0031392138751103913	balanced	10	log2	1	5	150	{'class_weight': 'balanced', 'max_depth': 10, 'max_features': 'log2', 'min_samples_leaf': 1, 'min_samples_split': 5, 'n_estimators': 150}	0.49267399267399264	0.5737569517097076	0.6113606098176976	0.597037037037037	0.49193540011424414	0.5533527982705359	0.05127097159130209	1131
0.40930871963500975	0.01686366565214969	0.011989736557006836	0.0033528944242526846	balanced	10	log2	1	5	200	{'class_weight': 'balanced', 'max_depth': 10, 'max_features': 'log2', 'min_samples_leaf': 1, 'min_samples_split': 5, 'n_estimators': 200}	0.4763299692433551	0.565149136577708	0.6247515808491417	0.5496296296296296	0.5257575757575758	0.548323578411482	0.04861758729272672	1403
0.5606322288513184	0.018340363248349208	0.016139459609985352	0.0028438621899280823	balanced	10	log2	1	5	300	{'class_weight': 'balanced', 'max_depth': 10, 'max_features': 'log2', 'min_samples_leaf': 1, 'min_samples_split': 5, 'n_estimators': 300}	0.5409907552764696	0.5086741961741962	0.6155015388480624	0.5496296296296296	0.5440445898461165	0.5517681419548948	0.03492681662634153	1212
0.7381698608398437	0.03177014017320892	0.019232845306396483	0.003460763925640471	balanced	10	log2	1	5	400	{'class_weight': 'balanced', 'max_depth': 10, 'max_features': 'log2', 'min_samples_leaf': 1, 'min_samples_split': 5, 'n_estimators': 400}	0.4595416157916158	0.4968543808500844	0.5449373737373737	0.5346780594854555	0.5143413367942894	0.5100705533317638	0.03022351686910871	2362
0.8722100257873535	0.03156988997390705	0.02527904510498047	0.002970294492883059	balanced	10	log2	1	5	500	{'class_weight': 'balanced', 'max_depth': 10, 'max_features': 'log2', 'min_samples_leaf': 1, 'min_samples_split': 5, 'n_estimators': 500}	0.4918550807098416	0.5414301947869302	0.5852278545826933	0.5193769235600779	0.49448559670781894	0.5264751300694723	0.03448999622046778	2174
0.9759453773498535	0.050383136879100746	0.03265190124511719	0.006041036610788448	balanced	10	log2	1	5	600	{'class_weight': 'balanced', 'max_depth': 10, 'max_features': 'log2', 'min_samples_leaf': 1, 'min_samples_split': 5, 'n_estimators': 600}	0.5006867148599432	0.5414301947869302	0.5369121312666105	0.5193769235600779	0.49448559670781894	0.5185783122362762	0.01875922937971819	2293
0.043578815460205075	0.007254141027883322	0.0033447265625	0.0022106337042685103	balanced	10	log2	1	10	25	{'class_weight': 'balanced', 'max_depth': 10, 'max_features': 'log2', 'min_samples_leaf': 1, 'min_samples_split': 10, 'n_estimators': 25}	0.5541223803518884	0.5364527945173106	0.49386225610544	0.43922740502093355	0.5704594017094017	0.5188248475409949	0.04728989606294129	2289
0.08658413887023926	0.011594010895560562	0.005212974548339844	0.001979024619395387	balanced	10	log2	1	10	50	{'class_weight': 'balanced', 'max_depth': 10, 'max_features': 'log2', 'min_samples_leaf': 1, 'min_samples_split': 10, 'n_estimators': 50}	0.5364527945173106	0.5219817440383759	0.5368773946360154	0.5022222222222222	0.5451923076923078	0.5285452926212464	0.015133141288104088	2136
0.16102828979492187	0.012624711119350391	0.006179189682006836	0.001664907106778729	balanced	10	log2	1	10	100	{'class_weight': 'balanced', 'max_depth': 10, 'max_features': 'log2', 'min_samples_leaf': 1, 'min_samples_split': 10, 'n_estimators': 100}	0.5071878940731399	0.5717219376841179	0.5831896551724138	0.5434080773820741	0.6209935897435898	0.5653002308110671	0.03826050212747174	607
0.259731388092041	0.011886710188693106	0.006945419311523438	0.0015383416293383418	balanced	10	log2	1	10	150	{'class_weight': 'balanced', 'max_depth': 10, 'max_features': 'log2', 'min_samples_leaf': 1, 'min_samples_split': 10, 'n_estimators': 150}	0.5306551372125142	0.5717219376841179	0.5259259259259259	0.6207407407407407	0.5619439079549019	0.5621975299036401	0.03414275324157747	721
0.33763670921325684	0.016561678485940357	0.010079240798950196	0.0016591850621445543	balanced	10	log2	1	10	200	{'class_weight': 'balanced', 'max_depth': 10, 'max_features': 'log2', 'min_samples_leaf': 1, 'min_samples_split': 10, 'n_estimators': 200}	0.5364527945173106	0.5737569517097076	0.5279132791327914	0.6158730158730159	0.5369121312666105	0.5581816344998872	0.03289861268301109	908
0.5134669780731201	0.013703729530873105	0.01577458381652832	0.004553210067647727	balanced	10	log2	1	10	300	{'class_weight': 'balanced', 'max_depth': 10, 'max_features': 'log2', 'min_samples_leaf': 1, 'min_samples_split': 10, 'n_estimators': 300}	0.5086007326007326	0.5325714285714286	0.5259259259259259	0.5785675232367414	0.5534782388407559	0.5398287698351169	0.024116995665881897	1809
0.6720995903015137	0.03427547422967482	0.0206240177154541	0.005815061352895928	balanced	10	log2	1	10	400	{'class_weight': 'balanced', 'max_depth': 10, 'max_features': 'log2', 'min_samples_leaf': 1, 'min_samples_split': 10, 'n_estimators': 400}	0.5541223803518884	0.5893075178789464	0.5608294930875576	0.5785675232367414	0.48444444444444446	0.5534542717999157	0.03669694042244834	1127
0.8013303279876709	0.06288767382830758	0.024868106842041014	0.0050201136212706925	balanced	10	log2	1	10	500	{'class_weight': 'balanced', 'max_depth': 10, 'max_features': 'log2', 'min_samples_leaf': 1, 'min_samples_split': 10, 'n_estimators': 500}	0.5686176714492661	0.5981136973262957	0.5203393939393939	0.5785675232367414	0.49193540011424414	0.5515147372131882	0.039287214490547104	1227
0.9157061100006103	0.061667105799835586	0.032289648056030275	0.009418129883509001	balanced	10	log2	1	10	600	{'class_weight': 'balanced', 'max_depth': 10, 'max_features': 'log2', 'min_samples_leaf': 1, 'min_samples_split': 10, 'n_estimators': 600}	0.5686176714492661	0.5981136973262957	0.5038212815990594	0.5785675232367414	0.5068771218827209	0.5511994590988167	0.03863291882346811	1252
0.0426905632019043	0.0051131068918357035	0.003908205032348633	0.0022254990742587907	balanced	10	log2	2	2	25	{'class_weight': 'balanced', 'max_depth': 10, 'max_features': 'log2', 'min_samples_leaf': 2, 'min_samples_split': 2, 'n_estimators': 25}	0.5156764139814987	0.5596301547914452	0.5711976911976913	0.5171450000765334	0.5869756846431933	0.5501249889380724	0.028867853104171077	1329
0.08071084022521972	0.0051098846396491334	0.002705955505371094	0.00027445620155140514	balanced	10	log2	2	2	50	{'class_weight': 'balanced', 'max_depth': 10, 'max_features': 'log2', 'min_samples_leaf': 2, 'min_samples_split': 2, 'n_estimators': 50}	0.545299707743821	0.5645022350530825	0.5693121693121693	0.5227513227513227	0.5784511784511784	0.5560633226623148	0.019867098484161832	996
0.17811937332153321	0.03059306716751965	0.00674905776977539	0.002646669681669304	balanced	10	log2	2	2	100	{'class_weight': 'balanced', 'max_depth': 10, 'max_features': 'log2', 'min_samples_leaf': 2, 'min_samples_split': 2, 'n_estimators': 100}	0.5132754342431762	0.5737569517097076	0.558540723101586	0.5737643998513563	0.6133333333333334	0.5665341684478319	0.032233506218723645	559
0.23936338424682618	0.01071390255539831	0.009032583236694336	0.0040311721348618035	balanced	10	log2	2	2	150	{'class_weight': 'balanced', 'max_depth': 10, 'max_features': 'log2', 'min_samples_leaf': 2, 'min_samples_split': 2, 'n_estimators': 150}	0.5306551372125142	0.5496196111580728	0.597037037037037	0.5785675232367414	0.6209935897435898	0.5753745796775911	0.03232243172984397	284
0.32455859184265134	0.03078290389928466	0.009224033355712891	0.0023913260238040816	balanced	10	log2	2	2	200	{'class_weight': 'balanced', 'max_depth': 10, 'max_features': 'log2', 'min_samples_leaf': 2, 'min_samples_split': 2, 'n_estimators': 200}	0.5241354863156865	0.5332404863654864	0.5317416924852683	0.5642528049471155	0.5413223736390511	0.5389385687505216	0.013783232569902172	1834
0.46472983360290526	0.02460134088621357	0.017093372344970704	0.0034077832531029775	balanced	10	log2	2	2	300	{'class_weight': 'balanced', 'max_depth': 10, 'max_features': 'log2', 'min_samples_leaf': 2, 'min_samples_split': 2, 'n_estimators': 300}	0.48463003663003656	0.5006867148599432	0.5785675232367414	0.5642528049471155	0.5257575757575758	0.5307789310862825	0.035957546404774283	2084
0.6174695491790771	0.08380967901767629	0.02101764678955078	0.004562073668230803	balanced	10	log2	2	2	400	{'class_weight': 'balanced', 'max_depth': 10, 'max_features': 'log2', 'min_samples_leaf': 2, 'min_samples_split': 2, 'n_estimators': 400}	0.5219817440383759	0.5006867148599432	0.5279132791327914	0.5496296296296296	0.533532412591763	0.5267487560505006	0.01595533064756186	2169
0.8401692390441895	0.05682888323940774	0.026132535934448243	0.0035386053748939655	balanced	10	log2	2	2	500	{'class_weight': 'balanced', 'max_depth': 10, 'max_features': 'log2', 'min_samples_leaf': 2, 'min_samples_split': 2, 'n_estimators': 500}	0.5241354863156865	0.5332404863654864	0.5434080773820741	0.510815395869325	0.5068771218827209	0.5236953135630585	0.01362821326849987	2214
0.9252005577087402	0.07457503618225737	0.028717708587646485	0.005617748122926679	balanced	10	log2	2	2	600	{'class_weight': 'balanced', 'max_depth': 10, 'max_features': 'log2', 'min_samples_leaf': 2, 'min_samples_split': 2, 'n_estimators': 600}	0.5086007326007326	0.5496196111580728	0.5674392312040701	0.5259259259259259	0.5068771218827209	0.5316925245543045	0.02358599667397632	2064
0.03726181983947754	0.005334544193278632	0.0022658824920654295	0.0009034846482981244	balanced	10	log2	2	5	25	{'class_weight': 'balanced', 'max_depth': 10, 'max_features': 'log2', 'min_samples_leaf': 2, 'min_samples_split': 5, 'n_estimators': 25}	0.5325068094298864	0.5460860978102358	0.5962962962962963	0.5037037037037037	0.6207407407407407	0.5598667295961726	0.04272122443027829	846
0.08361306190490722	0.009756717256785986	0.004440116882324219	0.0015363997687857945	balanced	10	log2	2	5	50	{'class_weight': 'balanced', 'max_depth': 10, 'max_features': 'log2', 'min_samples_leaf': 2, 'min_samples_split': 5, 'n_estimators': 50}	0.539301954762889	0.5233904027007475	0.5413786992734361	0.5193769235600779	0.5608294930875576	0.5368554946769416	0.014751313817967043	1916
0.17357373237609863	0.013664882739640038	0.00787038803100586	0.002269890070326152	balanced	10	log2	2	5	100	{'class_weight': 'balanced', 'max_depth': 10, 'max_features': 'log2', 'min_samples_leaf': 2, 'min_samples_split': 5, 'n_estimators': 100}	0.5596301547914452	0.5003422606314708	0.5831896551724138	0.5259259259259259	0.5449373737373737	0.5428050740517258	0.028307386319323107	1669
0.2544577598571777	0.019849295193918037	0.009615468978881835	0.002662346758100381	balanced	10	log2	2	5	150	{'class_weight': 'balanced', 'max_depth': 10, 'max_features': 'log2', 'min_samples_leaf': 2, 'min_samples_split': 5, 'n_estimators': 150}	0.5364527945173106	0.4763299692433551	0.6301287139499774	0.5259259259259259	0.5704594017094017	0.5478593610691942	0.051003230276175225	1419
0.3337691307067871	0.024018228733872004	0.013274335861206054	0.004018730529055843	balanced	10	log2	2	5	200	{'class_weight': 'balanced', 'max_depth': 10, 'max_features': 'log2', 'min_samples_leaf': 2, 'min_samples_split': 5, 'n_estimators': 200}	0.5415813000558763	0.5241354863156865	0.5914703850260662	0.5434080773820741	0.5534782388407559	0.5508146975240917	0.022413716068696247	1283
0.4624007225036621	0.04061363861959878	0.015725994110107423	0.004847081099379021	balanced	10	log2	2	5	300	{'class_weight': 'balanced', 'max_depth': 10, 'max_features': 'log2', 'min_samples_leaf': 2, 'min_samples_split': 5, 'n_estimators': 300}	0.5306551372125142	0.5541223803518884	0.601980438612478	0.5120327700972862	0.5534391534391534	0.5504459759426641	0.03015137670002571	1320
0.6067621231079101	0.016592222078533152	0.01916985511779785	0.002419720584483461	balanced	10	log2	2	5	400	{'class_weight': 'balanced', 'max_depth': 10, 'max_features': 'log2', 'min_samples_leaf': 2, 'min_samples_split': 5, 'n_estimators': 400}	0.5596301547914452	0.539301954762889	0.597037037037037	0.47114343434343436	0.536	0.5406225161869611	0.04097399868271408	1784
0.7717947959899902	0.03501127970993879	0.025123453140258788	0.004263763085439069	balanced	10	log2	2	5	500	{'class_weight': 'balanced', 'max_depth': 10, 'max_features': 'log2', 'min_samples_leaf': 2, 'min_samples_split': 5, 'n_estimators': 500}	0.5541223803518884	0.591935635154711	0.597037037037037	0.5037037037037037	0.4802218311736789	0.5454041174842039	0.046679339292308525	1545
1.0579700469970703	0.06014549335500784	0.04785456657409668	0.016823485323925018	balanced	10	log2	2	5	600	{'class_weight': 'balanced', 'max_depth': 10, 'max_features': 'log2', 'min_samples_leaf': 2, 'min_samples_split': 5, 'n_estimators': 600}	0.5541223803518884	0.5955151633683335	0.5763324299909666	0.4876344086021505	0.5257575757575758	0.547872391614183	0.03804352644478975	1417
0.04279661178588867	0.007404270884641177	0.0035940170288085937	0.002170967602096896	balanced	10	log2	2	10	25	{'class_weight': 'balanced', 'max_depth': 10, 'max_features': 'log2', 'min_samples_leaf': 2, 'min_samples_split': 10, 'n_estimators': 25}	0.5506202480992397	0.5553113553113553	0.4677547112329721	0.5317416924852683	0.5941333333333334	0.5399122680924338	0.0413888582991579	1802
0.08473763465881348	0.00717573659410306	0.0035121917724609377	0.0015189563615967832	balanced	10	log2	2	10	50	{'class_weight': 'balanced', 'max_depth': 10, 'max_features': 'log2', 'min_samples_leaf': 2, 'min_samples_split': 10, 'n_estimators': 50}	0.5460860978102358	0.5168323739752311	0.5413786992734361	0.6113606098176976	0.5941333333333334	0.5619582228419867	0.035178450657485164	730
0.16310648918151854	0.00929009425852756	0.009613513946533203	0.0034536280241910383	balanced	10	log2	2	10	100	{'class_weight': 'balanced', 'max_depth': 10, 'max_features': 'log2', 'min_samples_leaf': 2, 'min_samples_split': 10, 'n_estimators': 100}	0.5415813000558763	0.5306551372125142	0.5046451133407656	0.6113606098176976	0.609626216077829	0.5595736753009366	0.043276547357682556	856
0.284006404876709	0.04148825330290977	0.011842155456542968	0.004210873453467697	balanced	10	log2	2	10	150	{'class_weight': 'balanced', 'max_depth': 10, 'max_features': 'log2', 'min_samples_leaf': 2, 'min_samples_split': 10, 'n_estimators': 150}	0.5645022350530825	0.5565421245421245	0.49551656920077974	0.6526580459770115	0.6030570252792475	0.5744552000104491	0.052124843873643405	298
0.4084378719329834	0.01257668838327762	0.013929939270019532	0.006125479964552323	balanced	10	log2	2	10	200	{'class_weight': 'balanced', 'max_depth': 10, 'max_features': 'log2', 'min_samples_leaf': 2, 'min_samples_split': 10, 'n_estimators': 200}	0.5596301547914452	0.5629274955442795	0.49056513409961683	0.5785675232367414	0.5617777777777778	0.5506936170899721	0.030805120408393345	1292
0.5873955726623535	0.027591135378216156	0.024190425872802734	0.008459879483378343	balanced	10	log2	2	10	300	{'class_weight': 'balanced', 'max_depth': 10, 'max_features': 'log2', 'min_samples_leaf': 2, 'min_samples_split': 10, 'n_estimators': 300}	0.5736653635813299	0.545299707743821	0.5171450000765334	0.606266050333847	0.5789937680498556	0.5642739779570773	0.030493828795365118	650
0.7955596446990967	0.05344104673413291	0.022831249237060546	0.007376680986598406	balanced	10	log2	2	10	400	{'class_weight': 'balanced', 'max_depth': 10, 'max_features': 'log2', 'min_samples_leaf': 2, 'min_samples_split': 10, 'n_estimators': 400}	0.5736653635813299	0.591935635154711	0.5259259259259259	0.5831896551724138	0.5704594017094017	0.5690351963087565	0.02283267311549615	470
0.9251958847045898	0.04593379293888158	0.02626147270202637	0.0023849115678463064	balanced	10	log2	2	10	500	{'class_weight': 'balanced', 'max_depth': 10, 'max_features': 'log2', 'min_samples_leaf': 2, 'min_samples_split': 10, 'n_estimators': 500}	0.5553113553113553	0.6010568666306372	0.5279132791327914	0.5548188262228679	0.5619439079549019	0.5602088470505107	0.023527059301773692	819
0.9916136741638184	0.07066835596224098	0.029133415222167967	0.006264615542301816	balanced	10	log2	2	10	600	{'class_weight': 'balanced', 'max_depth': 10, 'max_features': 'log2', 'min_samples_leaf': 2, 'min_samples_split': 10, 'n_estimators': 600}	0.5645022350530825	0.5805128205128205	0.5496296296296296	0.5507246376811594	0.5617777777777778	0.5614294201308939	0.011203277537425862	763
0.045616960525512694	0.008999558831968235	0.003734445571899414	0.0021437219122711374	balanced	10	log2	4	2	25	{'class_weight': 'balanced', 'max_depth': 10, 'max_features': 'log2', 'min_samples_leaf': 4, 'min_samples_split': 2, 'n_estimators': 25}	0.5132754342431762	0.5596301547914452	0.5452847805788983	0.5034920634920635	0.5925925925925926	0.5428550051396351	0.032204127840186024	1665
0.07827434539794922	0.012523163941007286	0.0038289546966552733	0.001586372416014933	balanced	10	log2	4	2	50	{'class_weight': 'balanced', 'max_depth': 10, 'max_features': 'log2', 'min_samples_leaf': 4, 'min_samples_split': 2, 'n_estimators': 50}	0.49866378033293085	0.5541223803518884	0.49947089947089945	0.4585655890003716	0.5733333333333334	0.5168311964978847	0.04149563784359727	2312
0.1406386375427246	0.009778213261237205	0.00627593994140625	0.0013660091685152784	balanced	10	log2	4	2	100	{'class_weight': 'balanced', 'max_depth': 10, 'max_features': 'log2', 'min_samples_leaf': 4, 'min_samples_split': 2, 'n_estimators': 100}	0.5071878940731399	0.5828075150655795	0.5406989025118244	0.546031746031746	0.5434080773820741	0.5440268270128727	0.02398552221170936	1624
0.2248173713684082	0.014379863597990058	0.006719398498535156	0.0012683262254815902	balanced	10	log2	4	2	150	{'class_weight': 'balanced', 'max_depth': 10, 'max_features': 'log2', 'min_samples_leaf': 4, 'min_samples_split': 2, 'n_estimators': 150}	0.5219817440383759	0.5686176714492661	0.5872408293460926	0.5137212643678162	0.5763324299909666	0.5535787878385036	0.029879841512439883	1117
0.28797760009765627	0.009616484426714469	0.010356378555297852	0.001507998198105728	balanced	10	log2	4	2	200	{'class_weight': 'balanced', 'max_depth': 10, 'max_features': 'log2', 'min_samples_leaf': 4, 'min_samples_split': 2, 'n_estimators': 200}	0.5596301547914452	0.5828075150655795	0.5872408293460926	0.5600335249042145	0.536431131592422	0.5652286311399507	0.01833675040105244	609
0.4358657360076904	0.022814430289798914	0.016126012802124022	0.002475989392212094	balanced	10	log2	4	2	300	{'class_weight': 'balanced', 'max_depth': 10, 'max_features': 'log2', 'min_samples_leaf': 4, 'min_samples_split': 2, 'n_estimators': 300}	0.545299707743821	0.5874231700502887	0.6101718943824207	0.5406989025118244	0.5534391534391534	0.5674065656255016	0.026931909824457766	532
0.6107044696807862	0.032023776518366326	0.017882633209228515	0.002617627725324245	balanced	10	log2	4	2	400	{'class_weight': 'balanced', 'max_depth': 10, 'max_features': 'log2', 'min_samples_leaf': 4, 'min_samples_split': 2, 'n_estimators': 400}	0.545299707743821	0.545299707743821	0.6101718943824207	0.5831896551724138	0.5941333333333334	0.575618859675162	0.026201209263897865	275
0.7454122066497803	0.021326147488208824	0.025511407852172853	0.002219502704429615	balanced	10	log2	4	2	500	{'class_weight': 'balanced', 'max_depth': 10, 'max_features': 'log2', 'min_samples_leaf': 4, 'min_samples_split': 2, 'n_estimators': 500}	0.5596301547914452	0.5775896234912629	0.606345785440613	0.5737643998513563	0.5914703850260662	0.5817600697201487	0.015936148430396972	152
0.9328800201416015	0.1346832788787409	0.02609114646911621	0.005331192347938447	balanced	10	log2	4	2	600	{'class_weight': 'balanced', 'max_depth': 10, 'max_features': 'log2', 'min_samples_leaf': 4, 'min_samples_split': 2, 'n_estimators': 600}	0.5506202480992397	0.5775896234912629	0.5785675232367414	0.5507246376811594	0.5695353535353536	0.5654074772087514	0.012432849905031863	598
0.03899750709533691	0.007598727221311178	0.0022804737091064453	0.0007656392073746182	balanced	10	log2	4	5	25	{'class_weight': 'balanced', 'max_depth': 10, 'max_features': 'log2', 'min_samples_leaf': 4, 'min_samples_split': 5, 'n_estimators': 25}	0.5132754342431762	0.5596301547914452	0.5452847805788983	0.5034920634920635	0.5925925925925926	0.5428550051396351	0.032204127840186024	1665
0.08963522911071778	0.010342435359116333	0.003709745407104492	0.0013826528833242495	balanced	10	log2	4	5	50	{'class_weight': 'balanced', 'max_depth': 10, 'max_features': 'log2', 'min_samples_leaf': 4, 'min_samples_split': 5, 'n_estimators': 50}	0.49866378033293085	0.5541223803518884	0.49947089947089945	0.4585655890003716	0.5733333333333334	0.5168311964978847	0.04149563784359727	2312
0.15908188819885255	0.019153753170701244	0.004388093948364258	0.000491098059358531	balanced	10	log2	4	5	100	{'class_weight': 'balanced', 'max_depth': 10, 'max_features': 'log2', 'min_samples_leaf': 4, 'min_samples_split': 5, 'n_estimators': 100}	0.5071878940731399	0.5828075150655795	0.5406989025118244	0.546031746031746	0.5434080773820741	0.5440268270128727	0.02398552221170936	1624
0.20736379623413087	0.01778412986650281	0.0065154552459716795	0.0005742180566204212	balanced	10	log2	4	5	150	{'class_weight': 'balanced', 'max_depth': 10, 'max_features': 'log2', 'min_samples_leaf': 4, 'min_samples_split': 5, 'n_estimators': 150}	0.5219817440383759	0.5686176714492661	0.5872408293460926	0.5137212643678162	0.5763324299909666	0.5535787878385036	0.029879841512439883	1117
0.3131244659423828	0.05327984908275567	0.012316751480102538	0.0031520196194068937	balanced	10	log2	4	5	200	{'class_weight': 'balanced', 'max_depth': 10, 'max_features': 'log2', 'min_samples_leaf': 4, 'min_samples_split': 5, 'n_estimators': 200}	0.5596301547914452	0.5828075150655795	0.5872408293460926	0.5600335249042145	0.536431131592422	0.5652286311399507	0.01833675040105244	609
0.4162472724914551	0.03285998972084944	0.01655855178833008	0.006444507925012088	balanced	10	log2	4	5	300	{'class_weight': 'balanced', 'max_depth': 10, 'max_features': 'log2', 'min_samples_leaf': 4, 'min_samples_split': 5, 'n_estimators': 300}	0.545299707743821	0.5874231700502887	0.6101718943824207	0.5406989025118244	0.5534391534391534	0.5674065656255016	0.026931909824457766	532
0.5997462749481202	0.01661006485471571	0.017554616928100585	0.003081816093026605	balanced	10	log2	4	5	400	{'class_weight': 'balanced', 'max_depth': 10, 'max_features': 'log2', 'min_samples_leaf': 4, 'min_samples_split': 5, 'n_estimators': 400}	0.545299707743821	0.545299707743821	0.6101718943824207	0.5831896551724138	0.5941333333333334	0.575618859675162	0.026201209263897865	275
0.7402150630950928	0.06106014267784482	0.028480005264282227	0.005584967933607735	balanced	10	log2	4	5	500	{'class_weight': 'balanced', 'max_depth': 10, 'max_features': 'log2', 'min_samples_leaf': 4, 'min_samples_split': 5, 'n_estimators': 500}	0.5596301547914452	0.5775896234912629	0.606345785440613	0.5737643998513563	0.5914703850260662	0.5817600697201487	0.015936148430396972	152
0.8765285968780517	0.05270740969425295	0.03065948486328125	0.008718270394958262	balanced	10	log2	4	5	600	{'class_weight': 'balanced', 'max_depth': 10, 'max_features': 'log2', 'min_samples_leaf': 4, 'min_samples_split': 5, 'n_estimators': 600}	0.5506202480992397	0.5775896234912629	0.5785675232367414	0.5507246376811594	0.5695353535353536	0.5654074772087514	0.012432849905031863	598
0.03847136497497559	0.004501904680349148	0.0030189990997314454	0.001067868001884033	balanced	10	log2	4	10	25	{'class_weight': 'balanced', 'max_depth': 10, 'max_features': 'log2', 'min_samples_leaf': 4, 'min_samples_split': 10, 'n_estimators': 25}	0.531043956043956	0.6105043288141879	0.4809235209235209	0.5184476342371079	0.5674392312040701	0.5416717342445686	0.04414644693988628	1727
0.07709145545959473	0.006349408912937378	0.003996610641479492	0.0009187860039042226	balanced	10	log2	4	10	50	{'class_weight': 'balanced', 'max_depth': 10, 'max_features': 'log2', 'min_samples_leaf': 4, 'min_samples_split': 10, 'n_estimators': 50}	0.5500062373127389	0.5874231700502887	0.5711976911976913	0.5317416924852683	0.5782480893592005	0.5637233760810375	0.02019653880282209	665
0.15531587600708008	0.012506539527527753	0.005817842483520508	0.0017087211922455442	balanced	10	log2	4	10	100	{'class_weight': 'balanced', 'max_depth': 10, 'max_features': 'log2', 'min_samples_leaf': 4, 'min_samples_split': 10, 'n_estimators': 100}	0.5506202480992397	0.5828075150655795	0.6134920634920635	0.5737643998513563	0.5941333333333334	0.5829635119683145	0.0209164628173277	122
0.23295283317565918	0.024287338028980483	0.007728958129882812	0.0030242223799577393	balanced	10	log2	4	10	150	{'class_weight': 'balanced', 'max_depth': 10, 'max_features': 'log2', 'min_samples_leaf': 4, 'min_samples_split': 10, 'n_estimators': 150}	0.5219817440383759	0.6245241097700115	0.6101718943824207	0.5693121693121693	0.5451923076923078	0.574236445039057	0.03851900810229716	305
0.3257004261016846	0.016256859082368867	0.012385797500610352	0.0016396275808958475	balanced	10	log2	4	10	200	{'class_weight': 'balanced', 'max_depth': 10, 'max_features': 'log2', 'min_samples_leaf': 4, 'min_samples_split': 10, 'n_estimators': 200}	0.5415813000558763	0.6103441050474949	0.5600335249042145	0.5406989025118244	0.5941333333333334	0.5693582331705487	0.028190469002500766	460
0.49291000366210935	0.025951156908277147	0.015642976760864256	0.003612875431716027	balanced	10	log2	4	10	300	{'class_weight': 'balanced', 'max_depth': 10, 'max_features': 'log2', 'min_samples_leaf': 4, 'min_samples_split': 10, 'n_estimators': 300}	0.5645022350530825	0.6141731831387004	0.5776486300063106	0.5693121693121693	0.5914703850260662	0.5834213205072658	0.017892950524824213	113
0.6415034294128418	0.017459093221536232	0.02408633232116699	0.004417468482590997	balanced	10	log2	4	10	400	{'class_weight': 'balanced', 'max_depth': 10, 'max_features': 'log2', 'min_samples_leaf': 4, 'min_samples_split': 10, 'n_estimators': 400}	0.5645022350530825	0.6009204470742932	0.6198439241917503	0.5785675232367414	0.6395326926700584	0.6006733644451853	0.027109546724148018	8
0.7495859146118165	0.05736717681815415	0.027349328994750975	0.005846486370053355	balanced	10	log2	4	10	500	{'class_weight': 'balanced', 'max_depth': 10, 'max_features': 'log2', 'min_samples_leaf': 4, 'min_samples_split': 10, 'n_estimators': 500}	0.5645022350530825	0.6009204470742932	0.6295019157088123	0.546031746031746	0.5674392312040701	0.5816791150144007	0.02975165049949076	154
0.8882526397705078	0.046407100609069225	0.028501558303833007	0.0067223573428116246	balanced	10	log2	4	10	600	{'class_weight': 'balanced', 'max_depth': 10, 'max_features': 'log2', 'min_samples_leaf': 4, 'min_samples_split': 10, 'n_estimators': 600}	0.5781159011928243	0.6103441050474949	0.6198439241917503	0.5317416924852683	0.5763324299909666	0.583275610581661	0.030985545097644104	115
1.4648496150970458	0.053500198922808086	0.0024454593658447266	0.0007954877247753596	balanced	10		1	2	25	{'class_weight': 'balanced', 'max_depth': 10, 'max_features': None, 'min_samples_leaf': 1, 'min_samples_split': 2, 'n_estimators': 25}	0.4669207136949073	0.5955151633683335	0.6134920634920635	0.49040344692518606	0.5600335249042145	0.545272982476941	0.05752518982667673	1551
2.928400421142578	0.05164697095362385	0.00464324951171875	0.0011279456273562453	balanced	10		1	2	50	{'class_weight': 'balanced', 'max_depth': 10, 'max_features': None, 'min_samples_leaf': 1, 'min_samples_split': 2, 'n_estimators': 50}	0.5071878940731399	0.5332404863654864	0.6113606098176976	0.5276848755109624	0.5733333333333334	0.5505614398201238	0.03720138519035399	1308
5.822715902328492	0.1546391880968165	0.008074188232421875	0.001682444186680219	balanced	10		1	2	100	{'class_weight': 'balanced', 'max_depth': 10, 'max_features': None, 'min_samples_leaf': 1, 'min_samples_split': 2, 'n_estimators': 100}	0.5086007326007326	0.5414301947869302	0.5878067073824066	0.5643097643097642	0.5118803545783192	0.5428055507316305	0.030383430504091827	1668
8.854685020446777	0.19415678404326034	0.010248422622680664	0.0037637337246756468	balanced	10		1	2	150	{'class_weight': 'balanced', 'max_depth': 10, 'max_features': None, 'min_samples_leaf': 1, 'min_samples_split': 2, 'n_estimators': 150}	0.47654903494725526	0.5250434604765313	0.5551546078610048	0.5776486300063106	0.5118803545783192	0.5292552175738843	0.034957881037422284	2122
11.695987033843995	0.10176652970719983	0.013466835021972656	0.006742966995310846	balanced	10		1	2	200	{'class_weight': 'balanced', 'max_depth': 10, 'max_features': None, 'min_samples_leaf': 1, 'min_samples_split': 2, 'n_estimators': 200}	0.5003422606314708	0.5166426377483858	0.5831896551724138	0.546031746031746	0.49465811965811973	0.5281728838484272	0.032791808940350456	2140
17.283772706985474	0.10161120828980534	0.016140460968017578	0.0037948938697085766	balanced	10		1	2	300	{'class_weight': 'balanced', 'max_depth': 10, 'max_features': None, 'min_samples_leaf': 1, 'min_samples_split': 2, 'n_estimators': 300}	0.5306551372125142	0.5168323739752311	0.5551546078610048	0.5368773946360154	0.5440445898461165	0.5367128207061763	0.012851530090188449	1922
22.869421100616456	0.2857389071440062	0.0208737850189209	0.00315470212200209	balanced	10		1	2	400	{'class_weight': 'balanced', 'max_depth': 10, 'max_features': None, 'min_samples_leaf': 1, 'min_samples_split': 2, 'n_estimators': 400}	0.5219817440383759	0.5086741961741962	0.5496296296296296	0.5551546078610048	0.5440445898461165	0.5358969535098647	0.017666574053722246	1943
28.727740049362183	0.2767124480406476	0.0228024959564209	0.0032669729200639035	balanced	10		1	2	500	{'class_weight': 'balanced', 'max_depth': 10, 'max_features': None, 'min_samples_leaf': 1, 'min_samples_split': 2, 'n_estimators': 500}	0.5071878940731399	0.5086741961741962	0.5733333333333334	0.5368773946360154	0.5617777777777778	0.5375701191988925	0.026920445974979133	1890
34.95260534286499	0.5738252371068137	0.024114370346069336	0.004286136761346639	balanced	10		1	2	600	{'class_weight': 'balanced', 'max_depth': 10, 'max_features': None, 'min_samples_leaf': 1, 'min_samples_split': 2, 'n_estimators': 600}	0.5306551372125142	0.5250434604765313	0.5642528049471155	0.5317416924852683	0.5534782388407559	0.5410342667924369	0.015124398230035422	1763
1.4572156429290772	0.05958001427103697	0.002820396423339844	0.001337674574912013	balanced	10		1	5	25	{'class_weight': 'balanced', 'max_depth': 10, 'max_features': None, 'min_samples_leaf': 1, 'min_samples_split': 5, 'n_estimators': 25}	0.47534581662748576	0.5168323739752311	0.6004784337897533	0.5276848755109624	0.5674392312040701	0.5375561462215005	0.043009893909772196	1891
2.8230144500732424	0.09210459277927592	0.004391384124755859	0.0017317900252001898	balanced	10		1	5	50	{'class_weight': 'balanced', 'max_depth': 10, 'max_features': None, 'min_samples_leaf': 1, 'min_samples_split': 5, 'n_estimators': 50}	0.48148490165296887	0.48463003663003656	0.6005420054200542	0.5227513227513227	0.536	0.5250816532908765	0.04325717402373078	2188
5.844359397888184	0.24429379773616292	0.005588388442993164	0.0015456853528989548	balanced	10		1	5	100	{'class_weight': 'balanced', 'max_depth': 10, 'max_features': None, 'min_samples_leaf': 1, 'min_samples_split': 5, 'n_estimators': 100}	0.49205087320010843	0.565149136577708	0.6113606098176976	0.5507246376811594	0.5102222222222222	0.5459014958997791	0.04207500469050307	1523
8.601090669631958	0.11711159759558544	0.009796857833862305	0.0023553808851917257	balanced	10		1	5	150	{'class_weight': 'balanced', 'max_depth': 10, 'max_features': None, 'min_samples_leaf': 1, 'min_samples_split': 5, 'n_estimators': 150}	0.5045300171350592	0.5006867148599432	0.5785675232367414	0.5368773946360154	0.5257575757575758	0.529283845125067	0.02803399849326465	2121
11.561341571807862	0.2244924711431912	0.008489036560058593	0.0016268494887920174	balanced	10		1	5	200	{'class_weight': 'balanced', 'max_depth': 10, 'max_features': None, 'min_samples_leaf': 1, 'min_samples_split': 5, 'n_estimators': 200}	0.46842533241871814	0.48463003663003656	0.5600335249042145	0.5317416924852683	0.533532412591763	0.5156725998060001	0.033885174728620786	2325
17.523602867126463	0.22834022383429314	0.015692138671875	0.0038302741474302788	balanced	10		1	5	300	{'class_weight': 'balanced', 'max_depth': 10, 'max_features': None, 'min_samples_leaf': 1, 'min_samples_split': 5, 'n_estimators': 300}	0.5275751326171494	0.5332404863654864	0.5733333333333334	0.5368773946360154	0.5521043771043772	0.5446261448112724	0.016495090150936188	1589
23.625144672393798	0.2624207926262553	0.025988340377807617	0.00854243345646851	balanced	10		1	5	400	{'class_weight': 'balanced', 'max_depth': 10, 'max_features': None, 'min_samples_leaf': 1, 'min_samples_split': 5, 'n_estimators': 400}	0.5645022350530825	0.5332404863654864	0.5434080773820741	0.5642528049471155	0.5257575757575758	0.5462322359010668	0.015839866874978317	1505
29.363387393951417	0.281533845182495	0.024066638946533204	0.0027816910143075727	balanced	10		1	5	500	{'class_weight': 'balanced', 'max_depth': 10, 'max_features': None, 'min_samples_leaf': 1, 'min_samples_split': 5, 'n_estimators': 500}	0.5071878940731399	0.5332404863654864	0.5521228545618789	0.5496296296296296	0.5179899949801804	0.532034171922063	0.017488207029877082	2059
34.86845703125	0.17788884110001352	0.028597164154052734	0.00340414705287876	balanced	10		1	5	600	{'class_weight': 'balanced', 'max_depth': 10, 'max_features': None, 'min_samples_leaf': 1, 'min_samples_split': 5, 'n_estimators': 600}	0.5071878940731399	0.5409907552764696	0.5824033867177165	0.5259259259259259	0.536	0.5385015923986504	0.024813369504560118	1854
1.4704211235046387	0.047226388269806054	0.002214384078979492	0.0008440538217905538	balanced	10		1	10	25	{'class_weight': 'balanced', 'max_depth': 10, 'max_features': None, 'min_samples_leaf': 1, 'min_samples_split': 10, 'n_estimators': 25}	0.48463003663003656	0.5578067765567766	0.6331029594187488	0.49981325863678805	0.5406989025118244	0.5432103867508349	0.05218238192748257	1646
2.8423534870147704	0.031381922844069585	0.0057719707489013675	0.0020442465593983315	balanced	10		1	10	50	{'class_weight': 'balanced', 'max_depth': 10, 'max_features': None, 'min_samples_leaf': 1, 'min_samples_split': 10, 'n_estimators': 50}	0.5241354863156865	0.5325484274743367	0.6488062693639512	0.5413786992734361	0.536431131592422	0.5566600028039664	0.04641739360778894	960
5.744021987915039	0.12572641303596738	0.005470991134643555	0.0017249176920872194	balanced	10		1	10	100	{'class_weight': 'balanced', 'max_depth': 10, 'max_features': None, 'min_samples_leaf': 1, 'min_samples_split': 10, 'n_estimators': 100}	0.5241354863156865	0.5414301947869302	0.6253933539882145	0.5600335249042145	0.4876344086021505	0.5477253937194393	0.045586932116248834	1422
8.621391773223877	0.10266523811527371	0.008943271636962891	0.001936980864466784	balanced	10		1	10	150	{'class_weight': 'balanced', 'max_depth': 10, 'max_features': None, 'min_samples_leaf': 1, 'min_samples_split': 10, 'n_estimators': 150}	0.5364527945173106	0.5086741961741962	0.5831896551724138	0.5368773946360154	0.5279627096316563	0.5386313500263185	0.024513326889265333	1845
11.178700828552246	0.05287922413908693	0.010050392150878907	0.0021712119846522683	balanced	10		1	10	200	{'class_weight': 'balanced', 'max_depth': 10, 'max_features': None, 'min_samples_leaf': 1, 'min_samples_split': 10, 'n_estimators': 200}	0.5364527945173106	0.5332404863654864	0.5872408293460926	0.5259259259259259	0.5102222222222222	0.5386164516754076	0.025942992229930083	1846
16.776337480545045	0.229586266609485	0.015941858291625977	0.0016687391921307246	balanced	10		1	10	300	{'class_weight': 'balanced', 'max_depth': 10, 'max_features': None, 'min_samples_leaf': 1, 'min_samples_split': 10, 'n_estimators': 300}	0.5736653635813299	0.5086741961741962	0.5642528049471155	0.5413786992734361	0.5440445898461165	0.5464031307644388	0.022432656280414392	1499
22.15080943107605	0.3048826636310929	0.023029661178588866	0.008363972332597742	balanced	10		1	10	400	{'class_weight': 'balanced', 'max_depth': 10, 'max_features': None, 'min_samples_leaf': 1, 'min_samples_split': 10, 'n_estimators': 400}	0.5506202480992397	0.5409907552764696	0.5496296296296296	0.5642528049471155	0.5440445898461165	0.5499076055597142	0.008003187461291158	1335
27.893172597885133	0.3221349880745474	0.026486778259277345	0.0012545614050409252	balanced	10		1	10	500	{'class_weight': 'balanced', 'max_depth': 10, 'max_features': None, 'min_samples_leaf': 1, 'min_samples_split': 10, 'n_estimators': 500}	0.5506202480992397	0.5479287119999022	0.5674392312040701	0.5317416924852683	0.536	0.5467459767576961	0.012531753138872557	1472
33.648734378814694	0.40426654242155435	0.030668973922729492	0.004156754630908264	balanced	10		1	10	600	{'class_weight': 'balanced', 'max_depth': 10, 'max_features': None, 'min_samples_leaf': 1, 'min_samples_split': 10, 'n_estimators': 600}	0.5596301547914452	0.539301954762889	0.5878067073824066	0.5317416924852683	0.536	0.5508961018844019	0.02079368162047188	1280
1.3698009490966796	0.04831178416451104	0.002737140655517578	0.0012013593873131056	balanced	10		2	2	25	{'class_weight': 'balanced', 'max_depth': 10, 'max_features': None, 'min_samples_leaf': 2, 'min_samples_split': 2, 'n_estimators': 25}	0.4367861646550172	0.5981136973262957	0.606345785440613	0.5065843621399178	0.5674392312040701	0.5430538481531828	0.06364738358996147	1653
2.801155185699463	0.0458434477357331	0.004421758651733399	0.0014621741212504488	balanced	10		2	2	50	{'class_weight': 'balanced', 'max_depth': 10, 'max_features': None, 'min_samples_leaf': 2, 'min_samples_split': 2, 'n_estimators': 50}	0.5415813000558763	0.47654903494725526	0.6526580459770115	0.5583496540018279	0.5286302175191064	0.5515536505002154	0.05747853226308718	1226
5.507564830780029	0.0682675603985973	0.006924962997436524	0.0016792480360188298	balanced	10		2	2	100	{'class_weight': 'balanced', 'max_depth': 10, 'max_features': None, 'min_samples_leaf': 2, 'min_samples_split': 2, 'n_estimators': 100}	0.5219817440383759	0.5737569517097076	0.5925925925925926	0.5507246376811594	0.5016042780748663	0.5481320408193404	0.03313236788503896	1409
8.358946228027344	0.08825846155388886	0.008126497268676758	0.0017367777896164643	balanced	10		2	2	150	{'class_weight': 'balanced', 'max_depth': 10, 'max_features': None, 'min_samples_leaf': 2, 'min_samples_split': 2, 'n_estimators': 150}	0.49205087320010843	0.539301954762889	0.5831896551724138	0.5368773946360154	0.5102222222222222	0.5323284199987297	0.030877672700511612	2052
11.123608255386353	0.21250706132110359	0.009913158416748048	0.0020899931610916292	balanced	10		2	2	200	{'class_weight': 'balanced', 'max_depth': 10, 'max_features': None, 'min_samples_leaf': 2, 'min_samples_split': 2, 'n_estimators': 200}	0.49267399267399264	0.5325714285714286	0.5968041620215533	0.5551546078610048	0.5440445898461165	0.5442497561948191	0.03369678374482848	1605
16.666407442092897	0.2832129701075105	0.014557600021362305	0.0018846299226999862	balanced	10		2	2	300	{'class_weight': 'balanced', 'max_depth': 10, 'max_features': None, 'min_samples_leaf': 2, 'min_samples_split': 2, 'n_estimators': 300}	0.5219817440383759	0.5479287119999022	0.5551546078610048	0.5368773946360154	0.5521043771043772	0.542809367127935	0.012116006374572174	1667
22.133194541931154	0.34934587658761945	0.01962285041809082	0.004046302098422461	balanced	10		2	2	400	{'class_weight': 'balanced', 'max_depth': 10, 'max_features': None, 'min_samples_leaf': 2, 'min_samples_split': 2, 'n_estimators': 400}	0.49866378033293085	0.49267399267399264	0.5317416924852683	0.5406989025118244	0.5617777777777778	0.5251112291563589	0.026011598383338063	2185
27.99677186012268	0.4763043557636403	0.024647855758666994	0.004735547641659734	balanced	10		2	2	500	{'class_weight': 'balanced', 'max_depth': 10, 'max_features': None, 'min_samples_leaf': 2, 'min_samples_split': 2, 'n_estimators': 500}	0.49866378033293085	0.5325714285714286	0.5642528049471155	0.546031746031746	0.5534782388407559	0.5389995997447954	0.022649971994345985	1833
33.558791923522946	0.5299849071797395	0.027199602127075194	0.003887551304701319	balanced	10		2	2	600	{'class_weight': 'balanced', 'max_depth': 10, 'max_features': None, 'min_samples_leaf': 2, 'min_samples_split': 2, 'n_estimators': 600}	0.545299707743821	0.539301954762889	0.5785675232367414	0.546031746031746	0.5451923076923078	0.550878647893501	0.014054502035638045	1281
1.4203201293945313	0.041781736546266345	0.002850198745727539	0.00091933634764147	balanced	10		2	5	25	{'class_weight': 'balanced', 'max_depth': 10, 'max_features': None, 'min_samples_leaf': 2, 'min_samples_split': 5, 'n_estimators': 25}	0.4728184950642578	0.5409907552764696	0.5925925925925926	0.5130521826173999	0.5914703850260662	0.5421848821153572	0.04611254459295615	1708
2.827932596206665	0.05868712899882242	0.0032288074493408204	0.0012771472743632296	balanced	10		2	5	50	{'class_weight': 'balanced', 'max_depth': 10, 'max_features': None, 'min_samples_leaf': 2, 'min_samples_split': 5, 'n_estimators': 50}	0.5045300171350592	0.48463003663003656	0.5878067073824066	0.5319890224394253	0.5286302175191064	0.5275172002212069	0.03470959539472912	2157
5.562016391754151	0.08804485923849739	0.006291770935058593	0.0024182842366106297	balanced	10		2	5	100	{'class_weight': 'balanced', 'max_depth': 10, 'max_features': None, 'min_samples_leaf': 2, 'min_samples_split': 5, 'n_estimators': 100}	0.5071878940731399	0.5823730667480668	0.5878067073824066	0.5413786992734361	0.5179899949801804	0.5473472724914459	0.03278420784182507	1442
8.357744169235229	0.12855932856038224	0.01012120246887207	0.0030440761387191175	balanced	10		2	5	150	{'class_weight': 'balanced', 'max_depth': 10, 'max_features': None, 'min_samples_leaf': 2, 'min_samples_split': 5, 'n_estimators': 150}	0.5132754342431762	0.565149136577708	0.5551546078610048	0.5368773946360154	0.5179899949801804	0.537689313659617	0.020218003132502205	1887
11.173271894454956	0.15306793958207252	0.013673925399780273	0.0019271572027775657	balanced	10		2	5	200	{'class_weight': 'balanced', 'max_depth': 10, 'max_features': None, 'min_samples_leaf': 2, 'min_samples_split': 5, 'n_estimators': 200}	0.49205087320010843	0.5479287119999022	0.5831896551724138	0.5600335249042145	0.5179899949801804	0.540238552051364	0.0319775779395992	1793
16.79132037162781	0.2064648137082451	0.016357994079589842	0.002873049336789042	balanced	10		2	5	300	{'class_weight': 'balanced', 'max_depth': 10, 'max_features': None, 'min_samples_leaf': 2, 'min_samples_split': 5, 'n_estimators': 300}	0.5415813000558763	0.5805128205128205	0.5551546078610048	0.5276848755109624	0.5440445898461165	0.5497956387573562	0.017673141090775387	1340
22.243534994125366	0.25417296338833795	0.02039470672607422	0.006218256033737938	balanced	10		2	5	400	{'class_weight': 'balanced', 'max_depth': 10, 'max_features': None, 'min_samples_leaf': 2, 'min_samples_split': 5, 'n_estimators': 400}	0.5415813000558763	0.5494002060931195	0.5496296296296296	0.5137212643678162	0.536	0.5380664800292883	0.013202072566867505	1867
27.67313494682312	0.4651875759190837	0.023628091812133788	0.0039869984331239085	balanced	10		2	5	500	{'class_weight': 'balanced', 'max_depth': 10, 'max_features': None, 'min_samples_leaf': 2, 'min_samples_split': 5, 'n_estimators': 500}	0.5275751326171494	0.5494002060931195	0.5733333333333334	0.5227513227513227	0.5534782388407559	0.5453076467271362	0.018396611293185268	1548
33.50160059928894	0.27936741263143533	0.02887248992919922	0.0037640416608855382	balanced	10		2	5	600	{'class_weight': 'balanced', 'max_depth': 10, 'max_features': None, 'min_samples_leaf': 2, 'min_samples_split': 5, 'n_estimators': 600}	0.545299707743821	0.5629274955442795	0.5785675232367414	0.5317416924852683	0.536	0.5509072838020221	0.017496092398236095	1279
1.3762802124023437	0.03784907408193653	0.0031357765197753905	0.0011083360935058557	balanced	10		2	10	25	{'class_weight': 'balanced', 'max_depth': 10, 'max_features': None, 'min_samples_leaf': 2, 'min_samples_split': 10, 'n_estimators': 25}	0.4669207136949073	0.5629274955442795	0.5872408293460926	0.5034920634920635	0.5733333333333334	0.5387828870821353	0.04590094076597074	1842
2.804334783554077	0.07914642460407782	0.004439830780029297	0.0014078779122746986	balanced	10		2	10	50	{'class_weight': 'balanced', 'max_depth': 10, 'max_features': None, 'min_samples_leaf': 2, 'min_samples_split': 10, 'n_estimators': 50}	0.5186603650586702	0.539301954762889	0.5785675232367414	0.5184476342371079	0.5434080773820741	0.5396771109354965	0.021995087223644627	1815
5.533316612243652	0.08239562589673827	0.005149364471435547	0.0016161564419993448	balanced	10		2	10	100	{'class_weight': 'balanced', 'max_depth': 10, 'max_features': None, 'min_samples_leaf': 2, 'min_samples_split': 10, 'n_estimators': 100}	0.539301954762889	0.5737569517097076	0.601980438612478	0.5368773946360154	0.45420340975896534	0.541224029896011	0.049688848128720556	1746
8.274551153182983	0.07712853747538682	0.01017622947692871	0.0030673492219249546	balanced	10		2	10	150	{'class_weight': 'balanced', 'max_depth': 10, 'max_features': None, 'min_samples_leaf': 2, 'min_samples_split': 10, 'n_estimators': 150}	0.49866378033293085	0.5325714285714286	0.5643097643097642	0.5413786992734361	0.47949412827461607	0.5232835601524352	0.03039899962064142	2222
11.027596855163575	0.12486998103412138	0.011987876892089844	0.005477362361534997	balanced	10		2	10	200	{'class_weight': 'balanced', 'max_depth': 10, 'max_features': None, 'min_samples_leaf': 2, 'min_samples_split': 10, 'n_estimators': 200}	0.49866378033293085	0.539301954762889	0.5831896551724138	0.5317416924852683	0.5118803545783192	0.5329554874663642	0.028932006342096066	2033
16.51812324523926	0.23991439393873118	0.01555948257446289	0.003110383027212927	balanced	10		2	10	300	{'class_weight': 'balanced', 'max_depth': 10, 'max_features': None, 'min_samples_leaf': 2, 'min_samples_split': 10, 'n_estimators': 300}	0.5645022350530825	0.5409907552764696	0.5785675232367414	0.5227513227513227	0.5440445898461165	0.5501712852327465	0.019418523757762086	1328
21.808152770996095	0.1995724014507869	0.020029592514038085	0.0027093993127663978	balanced	10		2	10	400	{'class_weight': 'balanced', 'max_depth': 10, 'max_features': None, 'min_samples_leaf': 2, 'min_samples_split': 10, 'n_estimators': 400}	0.5645022350530825	0.5409907552764696	0.5406989025118244	0.5276848755109624	0.536	0.5419753536704678	0.012247299815867424	1714
27.483305501937867	0.3363230687454827	0.023963737487792968	0.00476361055249478	balanced	10		2	10	500	{'class_weight': 'balanced', 'max_depth': 10, 'max_features': None, 'min_samples_leaf': 2, 'min_samples_split': 10, 'n_estimators': 500}	0.568781792919724	0.5479287119999022	0.5642528049471155	0.5227513227513227	0.5440445898461165	0.5495518444928361	0.016353235357138455	1350
33.10589756965637	0.2694316308444964	0.0294802188873291	0.0028903803905818383	balanced	10		2	10	600	{'class_weight': 'balanced', 'max_depth': 10, 'max_features': None, 'min_samples_leaf': 2, 'min_samples_split': 10, 'n_estimators': 600}	0.5874231700502887	0.5541223803518884	0.5785675232367414	0.5600335249042145	0.536	0.5632293197086267	0.018194439713816023	681
1.3035950183868408	0.03496202668195432	0.0028314113616943358	0.0007002802874346841	balanced	10		4	2	25	{'class_weight': 'balanced', 'max_depth': 10, 'max_features': None, 'min_samples_leaf': 4, 'min_samples_split': 2, 'n_estimators': 25}	0.4957394300614639	0.5596301547914452	0.5881058201058201	0.48632941487254	0.5279132791327914	0.5315436197928121	0.03828205755880115	2067
2.5667373657226564	0.05984123810104675	0.0034721851348876952	0.0009575746956707662	balanced	10		4	2	50	{'class_weight': 'balanced', 'max_depth': 10, 'max_features': None, 'min_samples_leaf': 4, 'min_samples_split': 2, 'n_estimators': 50}	0.5132754342431762	0.5325714285714286	0.5838422994644729	0.5130521826173999	0.4713146159160857	0.5228111921625127	0.03649143621389315	2225
5.171339464187622	0.0485846874010826	0.004164457321166992	4.24524348688994e-05	balanced	10		4	2	100	{'class_weight': 'balanced', 'max_depth': 10, 'max_features': None, 'min_samples_leaf': 4, 'min_samples_split': 2, 'n_estimators': 100}	0.5132754342431762	0.591935635154711	0.6134920634920635	0.5738683127572016	0.5521228545618789	0.5689388600418062	0.034407365837237205	475
7.6456584453582765	0.06794401628257855	0.008778905868530274	0.003139332104934311	balanced	10		4	2	150	{'class_weight': 'balanced', 'max_depth': 10, 'max_features': None, 'min_samples_leaf': 4, 'min_samples_split': 2, 'n_estimators': 150}	0.5325068094298864	0.545299707743821	0.606345785440613	0.5413786992734361	0.5120327700972862	0.5475127543970085	0.031584355050533426	1426
10.264007902145385	0.16979542990160013	0.009475040435791015	0.002109327845748654	balanced	10		4	2	200	{'class_weight': 'balanced', 'max_depth': 10, 'max_features': None, 'min_samples_leaf': 4, 'min_samples_split': 2, 'n_estimators': 200}	0.5368199613494875	0.5541223803518884	0.5968041620215533	0.5548188262228679	0.5279132791327914	0.5540957218157178	0.023700239070557527	1094
15.443561458587647	0.17932523150203797	0.013550376892089844	0.0019234009022597405	balanced	10		4	2	300	{'class_weight': 'balanced', 'max_depth': 10, 'max_features': None, 'min_samples_leaf': 4, 'min_samples_split': 2, 'n_estimators': 300}	0.5757064364207221	0.5686176714492661	0.5878067073824066	0.5643097643097642	0.5695353535353536	0.5731951866195024	0.008162128001065323	331
20.453660631179808	0.2739921042569852	0.01944417953491211	0.0035248562375775677	balanced	10		4	2	400	{'class_weight': 'balanced', 'max_depth': 10, 'max_features': None, 'min_samples_leaf': 4, 'min_samples_split': 2, 'n_estimators': 400}	0.5757064364207221	0.539301954762889	0.5406989025118244	0.5680205415499533	0.6030570252792475	0.5653569721049273	0.023758721968621044	604
25.62527651786804	0.4350369447274308	0.02381930351257324	0.0016032595624645822	balanced	10		4	2	500	{'class_weight': 'balanced', 'max_depth': 10, 'max_features': None, 'min_samples_leaf': 4, 'min_samples_split': 2, 'n_estimators': 500}	0.5629637772769747	0.539301954762889	0.5317416924852683	0.5413786992734361	0.5941333333333334	0.5539038914263802	0.022635147812501377	1106
30.897152280807497	0.46996928906123014	0.03100476264953613	0.003043484345547594	balanced	10		4	2	600	{'class_weight': 'balanced', 'max_depth': 10, 'max_features': None, 'min_samples_leaf': 4, 'min_samples_split': 2, 'n_estimators': 600}	0.5781159011928243	0.539301954762889	0.5968041620215533	0.5548188262228679	0.5619439079549019	0.5661969504310073	0.019747170234737817	568
1.2814414501190186	0.02936080330067784	0.0018348217010498047	8.000574428868945e-05	balanced	10		4	5	25	{'class_weight': 'balanced', 'max_depth': 10, 'max_features': None, 'min_samples_leaf': 4, 'min_samples_split': 5, 'n_estimators': 25}	0.4957394300614639	0.5596301547914452	0.5881058201058201	0.48632941487254	0.5279132791327914	0.5315436197928121	0.03828205755880115	2067
2.5510865688323974	0.030663803357731258	0.003033351898193359	0.0007068760896996684	balanced	10		4	5	50	{'class_weight': 'balanced', 'max_depth': 10, 'max_features': None, 'min_samples_leaf': 4, 'min_samples_split': 5, 'n_estimators': 50}	0.5132754342431762	0.5325714285714286	0.5838422994644729	0.5130521826173999	0.4713146159160857	0.5228111921625127	0.03649143621389315	2225
5.193542957305908	0.11928461295812062	0.005429363250732422	0.0014733178258909425	balanced	10		4	5	100	{'class_weight': 'balanced', 'max_depth': 10, 'max_features': None, 'min_samples_leaf': 4, 'min_samples_split': 5, 'n_estimators': 100}	0.5132754342431762	0.591935635154711	0.6134920634920635	0.5738683127572016	0.5521228545618789	0.5689388600418062	0.034407365837237205	475
7.756824588775634	0.09873159838625699	0.006380224227905273	0.000909134737152114	balanced	10		4	5	150	{'class_weight': 'balanced', 'max_depth': 10, 'max_features': None, 'min_samples_leaf': 4, 'min_samples_split': 5, 'n_estimators': 150}	0.5325068094298864	0.545299707743821	0.606345785440613	0.5413786992734361	0.5120327700972862	0.5475127543970085	0.031584355050533426	1426
10.221484327316285	0.060396317329210976	0.011230182647705079	0.002142948669917389	balanced	10		4	5	200	{'class_weight': 'balanced', 'max_depth': 10, 'max_features': None, 'min_samples_leaf': 4, 'min_samples_split': 5, 'n_estimators': 200}	0.5368199613494875	0.5541223803518884	0.5968041620215533	0.5548188262228679	0.5279132791327914	0.5540957218157178	0.023700239070557527	1094
15.410571527481078	0.23101303978190257	0.011850595474243164	0.0016982841000611404	balanced	10		4	5	300	{'class_weight': 'balanced', 'max_depth': 10, 'max_features': None, 'min_samples_leaf': 4, 'min_samples_split': 5, 'n_estimators': 300}	0.5757064364207221	0.5686176714492661	0.5878067073824066	0.5643097643097642	0.5695353535353536	0.5731951866195024	0.008162128001065323	331
20.553505659103394	0.2758676979750517	0.01949625015258789	0.00030493452549524945	balanced	10		4	5	400	{'class_weight': 'balanced', 'max_depth': 10, 'max_features': None, 'min_samples_leaf': 4, 'min_samples_split': 5, 'n_estimators': 400}	0.5757064364207221	0.539301954762889	0.5406989025118244	0.5680205415499533	0.6030570252792475	0.5653569721049273	0.023758721968621044	604
25.634205865859986	0.2388784326563125	0.024664020538330077	0.0037177557750582534	balanced	10		4	5	500	{'class_weight': 'balanced', 'max_depth': 10, 'max_features': None, 'min_samples_leaf': 4, 'min_samples_split': 5, 'n_estimators': 500}	0.5629637772769747	0.539301954762889	0.5317416924852683	0.5413786992734361	0.5941333333333334	0.5539038914263802	0.022635147812501377	1106
30.868202924728394	0.3530704922989983	0.02762441635131836	0.0031906599297466805	balanced	10		4	5	600	{'class_weight': 'balanced', 'max_depth': 10, 'max_features': None, 'min_samples_leaf': 4, 'min_samples_split': 5, 'n_estimators': 600}	0.5781159011928243	0.539301954762889	0.5968041620215533	0.5548188262228679	0.5619439079549019	0.5661969504310073	0.019747170234737817	568
1.273364210128784	0.049509962889021916	0.0023497581481933595	0.0007978865828435376	balanced	10		4	10	25	{'class_weight': 'balanced', 'max_depth': 10, 'max_features': None, 'min_samples_leaf': 4, 'min_samples_split': 10, 'n_estimators': 25}	0.49009807396904165	0.5645022350530825	0.618724279835391	0.5225490196078432	0.5551546078610048	0.5502056432652725	0.04313118839905746	1324
2.5863322257995605	0.08543100530161567	0.0046122074127197266	0.0014305467044942687	balanced	10		4	10	50	{'class_weight': 'balanced', 'max_depth': 10, 'max_features': None, 'min_samples_leaf': 4, 'min_samples_split': 10, 'n_estimators': 50}	0.49009807396904165	0.5565421245421245	0.5486291486291487	0.5319890224394253	0.5193769235600779	0.5293270586279636	0.02348716657112392	2115
5.112999820709229	0.08615044114114909	0.006018781661987304	0.002493192247345729	balanced	10		4	10	100	{'class_weight': 'balanced', 'max_depth': 10, 'max_features': None, 'min_samples_leaf': 4, 'min_samples_split': 10, 'n_estimators': 100}	0.5045300171350592	0.605984875339714	0.5711976911976913	0.5680205415499533	0.5496296296296296	0.5598725509704094	0.03313218525634005	845
7.590777730941772	0.1262587900376154	0.005998945236206055	0.00044432559417250533	balanced	10		4	10	150	{'class_weight': 'balanced', 'max_depth': 10, 'max_features': None, 'min_samples_leaf': 4, 'min_samples_split': 10, 'n_estimators': 150}	0.5186603650586702	0.591935635154711	0.5776486300063106	0.5413786992734361	0.5259259259259259	0.5511098510838108	0.028819944402831157	1260
10.250484848022461	0.11007469631619837	0.010855388641357423	0.002292595793021349	balanced	10		4	10	200	{'class_weight': 'balanced', 'max_depth': 10, 'max_features': None, 'min_samples_leaf': 4, 'min_samples_split': 10, 'n_estimators': 200}	0.5325068094298864	0.5828075150655795	0.5831896551724138	0.546031746031746	0.558540723101586	0.5606152897602423	0.020045782991688167	802
15.220568180084229	0.23471466828777035	0.014260959625244141	0.0025645055800591686	balanced	10		4	10	300	{'class_weight': 'balanced', 'max_depth': 10, 'max_features': None, 'min_samples_leaf': 4, 'min_samples_split': 10, 'n_estimators': 300}	0.5725059254471019	0.5828075150655795	0.5785675232367414	0.5319890224394253	0.5763324299909666	0.568440483235963	0.018528292856753042	489
20.38546085357666	0.13963751712622896	0.018628787994384766	0.0022555542688959414	balanced	10		4	10	400	{'class_weight': 'balanced', 'max_depth': 10, 'max_features': None, 'min_samples_leaf': 4, 'min_samples_split': 10, 'n_estimators': 400}	0.5757064364207221	0.539301954762889	0.5551546078610048	0.5319890224394253	0.5941333333333334	0.559257070963475	0.02300225483396454	863
25.513701295852663	0.4928251715035888	0.027364110946655272	0.011865114756168723	balanced	10		4	10	500	{'class_weight': 'balanced', 'max_depth': 10, 'max_features': None, 'min_samples_leaf': 4, 'min_samples_split': 10, 'n_estimators': 500}	0.5500062373127389	0.5306551372125142	0.5693121693121693	0.5413786992734361	0.5869756846431933	0.5556655855508102	0.02014059294854842	1011
30.855153369903565	0.46502063922492914	0.02852787971496582	0.0020959901098007265	balanced	10		4	10	600	{'class_weight': 'balanced', 'max_depth': 10, 'max_features': None, 'min_samples_leaf': 4, 'min_samples_split': 10, 'n_estimators': 600}	0.5781159011928243	0.5306551372125142	0.5968041620215533	0.5548188262228679	0.5782480893592005	0.567728423201792	0.022825634235190503	521
0.07558240890502929	0.005756168425251236	0.0025032997131347657	0.0009383861921927862	balanced	15	sqrt	1	2	25	{'class_weight': 'balanced', 'max_depth': 15, 'max_features': 'sqrt', 'min_samples_leaf': 1, 'min_samples_split': 2, 'n_estimators': 25}	0.49009807396904165	0.5865530363256697	0.5693121693121693	0.48632941487254	0.558540723101586	0.5381666835162013	0.04177098408447763	1861
0.14749131202697754	0.0062991246431869305	0.0025042057037353515	3.1886325745254554e-05	balanced	15	sqrt	1	2	50	{'class_weight': 'balanced', 'max_depth': 15, 'max_features': 'sqrt', 'min_samples_leaf': 1, 'min_samples_split': 2, 'n_estimators': 50}	0.49957734573119195	0.5404995004995006	0.5496296296296296	0.5642528049471155	0.6030570252792475	0.551403261217337	0.03358924053504278	1241
0.30907816886901857	0.011907866759692513	0.007167148590087891	0.0021401531390713912	balanced	15	sqrt	1	2	100	{'class_weight': 'balanced', 'max_depth': 15, 'max_features': 'sqrt', 'min_samples_leaf': 1, 'min_samples_split': 2, 'n_estimators': 100}	0.5003422606314708	0.5245984784446323	0.5102222222222222	0.5120327700972862	0.5957264957264957	0.5285844454244214	0.034446169744898184	2133
0.4779707908630371	0.026061780207680407	0.010586166381835937	0.0022036266050584024	balanced	15	sqrt	1	2	150	{'class_weight': 'balanced', 'max_depth': 15, 'max_features': 'sqrt', 'min_samples_leaf': 1, 'min_samples_split': 2, 'n_estimators': 150}	0.49866378033293085	0.5494002060931195	0.4730639730639731	0.5199252136752136	0.5704594017094017	0.5223025149749277	0.034762755789364816	2235
0.6270876407623291	0.04945979037311049	0.009803199768066406	0.0025287377903215297	balanced	15	sqrt	1	2	200	{'class_weight': 'balanced', 'max_depth': 15, 'max_features': 'sqrt', 'min_samples_leaf': 1, 'min_samples_split': 2, 'n_estimators': 200}	0.539301954762889	0.5414301947869302	0.46939102564102564	0.5038212815990594	0.5257575757575758	0.515940406509496	0.026853625837499694	2322
0.9326839923858643	0.01592217747010614	0.015628242492675783	0.004960326195144468	balanced	15	sqrt	1	2	300	{'class_weight': 'balanced', 'max_depth': 15, 'max_features': 'sqrt', 'min_samples_leaf': 1, 'min_samples_split': 2, 'n_estimators': 300}	0.5241354863156865	0.5245984784446323	0.5024471804225566	0.5369121312666105	0.5257575757575758	0.5227701704414123	0.011199556843037787	2227
1.227513360977173	0.0175725186172684	0.019121837615966798	0.0009517315316149228	balanced	15	sqrt	1	2	400	{'class_weight': 'balanced', 'max_depth': 15, 'max_features': 'sqrt', 'min_samples_leaf': 1, 'min_samples_split': 2, 'n_estimators': 400}	0.5241354863156865	0.5245984784446323	0.5199252136752136	0.5534391534391534	0.5143413367942894	0.527287933733795	0.013585885363341783	2159
1.563890027999878	0.022639191646352454	0.02568974494934082	0.005985465745963934	balanced	15	sqrt	1	2	500	{'class_weight': 'balanced', 'max_depth': 15, 'max_features': 'sqrt', 'min_samples_leaf': 1, 'min_samples_split': 2, 'n_estimators': 500}	0.48463003663003656	0.5245984784446323	0.5024471804225566	0.5279627096316563	0.5143413367942894	0.5107959483846342	0.01582488022816431	2359
1.857848882675171	0.06790137686966885	0.028709554672241212	0.004287375752071839	balanced	15	sqrt	1	2	600	{'class_weight': 'balanced', 'max_depth': 15, 'max_features': 'sqrt', 'min_samples_leaf': 1, 'min_samples_split': 2, 'n_estimators': 600}	0.5156764139814987	0.5325484274743367	0.5024471804225566	0.5279627096316563	0.5143413367942894	0.5185952136608675	0.01067535473805921	2292
0.08546109199523926	0.007544237140853128	0.002408409118652344	0.000849058841511535	balanced	15	sqrt	1	5	25	{'class_weight': 'balanced', 'max_depth': 15, 'max_features': 'sqrt', 'min_samples_leaf': 1, 'min_samples_split': 5, 'n_estimators': 25}	0.5142258131226334	0.5506202480992397	0.5368773946360154	0.49574141414141415	0.5083287771095316	0.5211587294217669	0.019868419361924995	2263
0.15183658599853517	0.008023293802710113	0.0029886245727539064	0.00096275211721929	balanced	15	sqrt	1	5	50	{'class_weight': 'balanced', 'max_depth': 15, 'max_features': 'sqrt', 'min_samples_leaf': 1, 'min_samples_split': 5, 'n_estimators': 50}	0.5168323739752311	0.5629274955442795	0.6207407407407407	0.49534576973808175	0.5118803545783192	0.5415453469153304	0.04550659384397359	1736
0.3177182674407959	0.02584874335710174	0.00558004379272461	0.001757020018083241	balanced	15	sqrt	1	5	100	{'class_weight': 'balanced', 'max_depth': 15, 'max_features': 'sqrt', 'min_samples_leaf': 1, 'min_samples_split': 5, 'n_estimators': 100}	0.5086007326007326	0.5409907552764696	0.5824033867177165	0.4552845528455285	0.5789937680498556	0.5332546390980605	0.047443997005272846	2026
0.48181948661804197	0.052390582053129776	0.009986495971679688	0.003920453710434693	balanced	15	sqrt	1	5	150	{'class_weight': 'balanced', 'max_depth': 15, 'max_features': 'sqrt', 'min_samples_leaf': 1, 'min_samples_split': 5, 'n_estimators': 150}	0.5086007326007326	0.5241354863156865	0.5534391534391534	0.49534576973808175	0.5683034104838128	0.5299649105154934	0.02723885406290406	2109
0.6291269779205322	0.019224108354340522	0.008577346801757812	0.0010100395255537345	balanced	15	sqrt	1	5	200	{'class_weight': 'balanced', 'max_depth': 15, 'max_features': 'sqrt', 'min_samples_leaf': 1, 'min_samples_split': 5, 'n_estimators': 200}	0.49267399267399264	0.5245984784446323	0.5369121312666105	0.5037037037037037	0.5413223736390511	0.5198421359455981	0.018835950465253635	2275
0.9290040016174317	0.010748665171262415	0.013425683975219727	0.0012653016683860376	balanced	15	sqrt	1	5	300	{'class_weight': 'balanced', 'max_depth': 15, 'max_features': 'sqrt', 'min_samples_leaf': 1, 'min_samples_split': 5, 'n_estimators': 300}	0.5241354863156865	0.5332404863654864	0.5434080773820741	0.47949412827461607	0.5413223736390511	0.5243201103953827	0.023419663984276605	2196
1.251476001739502	0.0472348022922243	0.020533657073974608	0.0046614205284705905	balanced	15	sqrt	1	5	400	{'class_weight': 'balanced', 'max_depth': 15, 'max_features': 'sqrt', 'min_samples_leaf': 1, 'min_samples_split': 5, 'n_estimators': 400}	0.5241354863156865	0.5737569517097076	0.5449373737373737	0.5279132791327914	0.5087232878779305	0.535893275754698	0.022161172644730137	1944
1.5533647537231445	0.050815913267348446	0.025327396392822266	0.005095197099645546	balanced	15	sqrt	1	5	500	{'class_weight': 'balanced', 'max_depth': 15, 'max_features': 'sqrt', 'min_samples_leaf': 1, 'min_samples_split': 5, 'n_estimators': 500}	0.5086007326007326	0.5662177518254745	0.5695353535353536	0.536431131592422	0.5292929292929294	0.5420155797693825	0.023033397440474532	1713
1.889894676208496	0.07041240906211627	0.032342720031738284	0.0016443398777769968	balanced	15	sqrt	1	5	600	{'class_weight': 'balanced', 'max_depth': 15, 'max_features': 'sqrt', 'min_samples_leaf': 1, 'min_samples_split': 5, 'n_estimators': 600}	0.5086007326007326	0.5662177518254745	0.5449373737373737	0.5279132791327914	0.5087232878779305	0.5312784850348605	0.02209823336589712	2074
0.08561244010925292	0.006383267992001782	0.0017242431640625	4.2762749967140725e-05	balanced	15	sqrt	1	10	25	{'class_weight': 'balanced', 'max_depth': 15, 'max_features': 'sqrt', 'min_samples_leaf': 1, 'min_samples_split': 10, 'n_estimators': 25}	0.5562215562215562	0.5874231700502887	0.5551546078610048	0.6584684146882798	0.6005420054200542	0.5915619508482368	0.037811860324360465	39
0.1570749282836914	0.006468646252337556	0.004573202133178711	0.0015591566581076718	balanced	15	sqrt	1	10	50	{'class_weight': 'balanced', 'max_depth': 15, 'max_features': 'sqrt', 'min_samples_leaf': 1, 'min_samples_split': 10, 'n_estimators': 50}	0.6152535988601562	0.5967104790634203	0.5693121693121693	0.5674392312040701	0.609626216077829	0.591668338903529	0.01995505447715203	38
0.30433197021484376	0.02554340286654949	0.005499124526977539	0.0021298514484898033	balanced	15	sqrt	1	10	100	{'class_weight': 'balanced', 'max_depth': 15, 'max_features': 'sqrt', 'min_samples_leaf': 1, 'min_samples_split': 10, 'n_estimators': 100}	0.5596301547914452	0.5325714285714286	0.5925925925925926	0.5733333333333334	0.609626216077829	0.5735507450733257	0.026597616614152084	321
0.4507434368133545	0.01844052811010383	0.009381628036499024	0.0023175371433076116	balanced	15	sqrt	1	10	150	{'class_weight': 'balanced', 'max_depth': 15, 'max_features': 'sqrt', 'min_samples_leaf': 1, 'min_samples_split': 10, 'n_estimators': 150}	0.539301954762889	0.5071878940731399	0.5434080773820741	0.5878067073824066	0.5957264957264957	0.5546862258654011	0.032867108177644905	1062
0.62080397605896	0.020257002518262575	0.013918781280517578	0.0038937212141624184	balanced	15	sqrt	1	10	200	{'class_weight': 'balanced', 'max_depth': 15, 'max_features': 'sqrt', 'min_samples_leaf': 1, 'min_samples_split': 10, 'n_estimators': 200}	0.5805128205128205	0.5409907552764696	0.5693121693121693	0.5642528049471155	0.5875555555555556	0.5685248211208261	0.016017963689757043	488
0.9309944629669189	0.01809408122056066	0.018320369720458984	0.004520368018476389	balanced	15	sqrt	1	10	300	{'class_weight': 'balanced', 'max_depth': 15, 'max_features': 'sqrt', 'min_samples_leaf': 1, 'min_samples_split': 10, 'n_estimators': 300}	0.545299707743821	0.5494002060931195	0.5785675232367414	0.5434080773820741	0.5016042780748663	0.5436559585061244	0.02458829362107711	1638
1.2044958591461181	0.05851971780818954	0.02136259078979492	0.00405620608443363	balanced	15	sqrt	1	10	400	{'class_weight': 'balanced', 'max_depth': 15, 'max_features': 'sqrt', 'min_samples_leaf': 1, 'min_samples_split': 10, 'n_estimators': 400}	0.5596301547914452	0.565149136577708	0.606345785440613	0.5600335249042145	0.5087232878779305	0.5599763779183823	0.030996392567641185	833
1.515829610824585	0.05806112909552342	0.024734067916870116	0.004691831655470539	balanced	15	sqrt	1	10	500	{'class_weight': 'balanced', 'max_depth': 15, 'max_features': 'sqrt', 'min_samples_leaf': 1, 'min_samples_split': 10, 'n_estimators': 500}	0.5241354863156865	0.5805128205128205	0.5733333333333334	0.558540723101586	0.5292929292929294	0.5531630585112712	0.02278662660796919	1144
1.896681308746338	0.038859380677094754	0.03263764381408692	0.0026497848878687304	balanced	15	sqrt	1	10	600	{'class_weight': 'balanced', 'max_depth': 15, 'max_features': 'sqrt', 'min_samples_leaf': 1, 'min_samples_split': 10, 'n_estimators': 600}	0.5306551372125142	0.565149136577708	0.558540723101586	0.5824033867177165	0.5218106995884774	0.5517118166396004	0.02239030394543835	1217
0.07208943367004395	0.004496494774907275	0.003024578094482422	0.0007690479446573724	balanced	15	sqrt	2	2	25	{'class_weight': 'balanced', 'max_depth': 15, 'max_features': 'sqrt', 'min_samples_leaf': 2, 'min_samples_split': 2, 'n_estimators': 25}	0.5275751326171494	0.5006947075912592	0.5643097643097642	0.5368773946360154	0.5600335249042145	0.5378981048116805	0.023148438172144112	1875
0.1504362106323242	0.004262922067236316	0.003990793228149414	0.0010191509821927919	balanced	15	sqrt	2	2	50	{'class_weight': 'balanced', 'max_depth': 15, 'max_features': 'sqrt', 'min_samples_leaf': 2, 'min_samples_split': 2, 'n_estimators': 50}	0.5156764139814987	0.4837206509337657	0.5600335249042145	0.546031746031746	0.5852278545826933	0.5381380380867836	0.03528441686557867	1866
0.33112344741821287	0.016078742978506182	0.006882953643798828	0.0014537203099004713	balanced	15	sqrt	2	2	100	{'class_weight': 'balanced', 'max_depth': 15, 'max_features': 'sqrt', 'min_samples_leaf': 2, 'min_samples_split': 2, 'n_estimators': 100}	0.5132754342431762	0.5241354863156865	0.5733333333333334	0.5521228545618789	0.6209935897435898	0.556772139639533	0.03841197251452499	951
0.443448543548584	0.015435830146295734	0.00806884765625	0.0027253688133579376	balanced	15	sqrt	2	2	150	{'class_weight': 'balanced', 'max_depth': 15, 'max_features': 'sqrt', 'min_samples_leaf': 2, 'min_samples_split': 2, 'n_estimators': 150}	0.5045300171350592	0.5479287119999022	0.5449373737373737	0.5317416924852683	0.5789937680498556	0.5416263126814919	0.0241696129173928	1735
0.6009982109069825	0.03576464931800957	0.01242079734802246	0.001065397099309377	balanced	15	sqrt	2	2	200	{'class_weight': 'balanced', 'max_depth': 15, 'max_features': 'sqrt', 'min_samples_leaf': 2, 'min_samples_split': 2, 'n_estimators': 200}	0.5045300171350592	0.565149136577708	0.5203393939393939	0.5171450000765334	0.5521043771043772	0.5318535849666143	0.022865628190887388	2061
0.9030411720275879	0.024009829472519166	0.013766193389892578	0.0021255027083149753	balanced	15	sqrt	2	2	300	{'class_weight': 'balanced', 'max_depth': 15, 'max_features': 'sqrt', 'min_samples_leaf': 2, 'min_samples_split': 2, 'n_estimators': 300}	0.5364527945173106	0.565149136577708	0.558540723101586	0.510815395869325	0.5534782388407559	0.5448872577813371	0.019507935553906206	1573
1.230253028869629	0.018470227515691436	0.019846439361572266	0.00217251746198875	balanced	15	sqrt	2	2	400	{'class_weight': 'balanced', 'max_depth': 15, 'max_features': 'sqrt', 'min_samples_leaf': 2, 'min_samples_split': 2, 'n_estimators': 400}	0.5364527945173106	0.5409907552764696	0.5346780594854555	0.49534576973808175	0.533532412591763	0.5281999583218161	0.016622348586934635	2139
1.497842264175415	0.02614090319379578	0.024358606338500975	0.0037482863871650196	balanced	15	sqrt	2	2	500	{'class_weight': 'balanced', 'max_depth': 15, 'max_features': 'sqrt', 'min_samples_leaf': 2, 'min_samples_split': 2, 'n_estimators': 500}	0.5506202480992397	0.5823730667480668	0.5279132791327914	0.5346780594854555	0.5700991847120528	0.5531367676355212	0.02061924309119795	1146
1.8022854328155518	0.04525742985221664	0.0288754940032959	0.002336687618790402	balanced	15	sqrt	2	2	600	{'class_weight': 'balanced', 'max_depth': 15, 'max_features': 'sqrt', 'min_samples_leaf': 2, 'min_samples_split': 2, 'n_estimators': 600}	0.5645022350530825	0.5737569517097076	0.5521228545618789	0.4876344086021505	0.5218106995884774	0.5399654299030594	0.031495570325065204	1800
0.07797894477844239	0.006810576787804446	0.0018504142761230468	0.0002800336547746729	balanced	15	sqrt	2	5	25	{'class_weight': 'balanced', 'max_depth': 15, 'max_features': 'sqrt', 'min_samples_leaf': 2, 'min_samples_split': 5, 'n_estimators': 25}	0.5775896234912629	0.45530331737228286	0.5925925925925926	0.5693121693121693	0.5083287771095316	0.5406252959755677	0.05140584264817234	1781
0.151200008392334	0.008697485172661513	0.004432058334350586	0.0017111158516542105	balanced	15	sqrt	2	5	50	{'class_weight': 'balanced', 'max_depth': 15, 'max_features': 'sqrt', 'min_samples_leaf': 2, 'min_samples_split': 5, 'n_estimators': 50}	0.539301954762889	0.47534581662748576	0.597037037037037	0.5037037037037037	0.5449373737373737	0.5320651771736978	0.04113603288240396	2058
0.2961428642272949	0.008049887642785086	0.00852375030517578	0.002403274620287223	balanced	15	sqrt	2	5	100	{'class_weight': 'balanced', 'max_depth': 15, 'max_features': 'sqrt', 'min_samples_leaf': 2, 'min_samples_split': 5, 'n_estimators': 100}	0.49009807396904165	0.5086741961741962	0.5878067073824066	0.5037037037037037	0.5869756846431933	0.5354516731745083	0.04284317720628776	1958
0.43762941360473634	0.01764521374569831	0.008494853973388672	0.0015852029523431505	balanced	15	sqrt	2	5	150	{'class_weight': 'balanced', 'max_depth': 15, 'max_features': 'sqrt', 'min_samples_leaf': 2, 'min_samples_split': 5, 'n_estimators': 150}	0.5415813000558763	0.5156764139814987	0.6395326926700584	0.510815395869325	0.5179899949801804	0.5451191595113878	0.04838604494178045	1567
0.6156310558319091	0.039812609132982395	0.012735986709594726	0.0032647590547916754	balanced	15	sqrt	2	5	200	{'class_weight': 'balanced', 'max_depth': 15, 'max_features': 'sqrt', 'min_samples_leaf': 2, 'min_samples_split': 5, 'n_estimators': 200}	0.5132754342431762	0.5578067765567766	0.5852278545826933	0.5434080773820741	0.5440445898461165	0.5487525465221672	0.02333144179745013	1387
0.9204889297485351	0.030785273430243704	0.015407657623291016	0.005246368094976829	balanced	15	sqrt	2	5	300	{'class_weight': 'balanced', 'max_depth': 15, 'max_features': 'sqrt', 'min_samples_leaf': 2, 'min_samples_split': 5, 'n_estimators': 300}	0.5364527945173106	0.5409907552764696	0.5733333333333334	0.5120327700972862	0.5068771218827209	0.5339373550214243	0.02374947602111467	2007
1.206351375579834	0.04958931162047236	0.019266939163208006	0.005762937365636384	balanced	15	sqrt	2	5	400	{'class_weight': 'balanced', 'max_depth': 15, 'max_features': 'sqrt', 'min_samples_leaf': 2, 'min_samples_split': 5, 'n_estimators': 400}	0.5596301547914452	0.5494002060931195	0.5674392312040701	0.5521228545618789	0.5143413367942894	0.5485867566889606	0.018238897493297893	1392
1.4932234287261963	0.08879795701465369	0.02393198013305664	0.0023900375174999338	balanced	15	sqrt	2	5	500	{'class_weight': 'balanced', 'max_depth': 15, 'max_features': 'sqrt', 'min_samples_leaf': 2, 'min_samples_split': 5, 'n_estimators': 500}	0.5596301547914452	0.5494002060931195	0.5674392312040701	0.5286302175191064	0.48065033289952663	0.5371500285014535	0.031105181278002044	1903
1.8264642715454102	0.035400768241725805	0.029380655288696288	0.0012173780832090203	balanced	15	sqrt	2	5	600	{'class_weight': 'balanced', 'max_depth': 15, 'max_features': 'sqrt', 'min_samples_leaf': 2, 'min_samples_split': 5, 'n_estimators': 600}	0.5506202480992397	0.5332404863654864	0.5449373737373737	0.5534391534391534	0.5218106995884774	0.5408095922459462	0.011756212402685939	1769
0.07363262176513671	0.0038796006855881557	0.001818370819091797	0.00017697542450088624	balanced	15	sqrt	2	10	25	{'class_weight': 'balanced', 'max_depth': 15, 'max_features': 'sqrt', 'min_samples_leaf': 2, 'min_samples_split': 10, 'n_estimators': 25}	0.5368199613494875	0.531043956043956	0.5548188262228679	0.5776486300063106	0.5824033867177165	0.5565469520680677	0.020767182825576217	964
0.15431833267211914	0.015484332362860927	0.003846597671508789	0.0015151556669202393	balanced	15	sqrt	2	10	50	{'class_weight': 'balanced', 'max_depth': 15, 'max_features': 'sqrt', 'min_samples_leaf': 2, 'min_samples_split': 10, 'n_estimators': 50}	0.5781159011928243	0.5553113553113553	0.5809983896940418	0.5878067073824066	0.5914703850260662	0.5787405477213389	0.012638505445250348	198
0.30179128646850584	0.0077692803604459135	0.006439208984375	0.0018124548707034625	balanced	15	sqrt	2	10	100	{'class_weight': 'balanced', 'max_depth': 15, 'max_features': 'sqrt', 'min_samples_leaf': 2, 'min_samples_split': 10, 'n_estimators': 100}	0.5874231700502887	0.5686176714492661	0.6101718943824207	0.5521228545618789	0.6207407407407407	0.587815266236919	0.025402973564404133	59
0.44170336723327636	0.010892233633676744	0.007697057723999023	0.0023961995870708797	balanced	15	sqrt	2	10	150	{'class_weight': 'balanced', 'max_depth': 15, 'max_features': 'sqrt', 'min_samples_leaf': 2, 'min_samples_split': 10, 'n_estimators': 150}	0.5775896234912629	0.5325714285714286	0.5600335249042145	0.5785675232367414	0.609626216077829	0.5716776632562952	0.025248356995293743	378
0.5763012886047363	0.020189052450254756	0.008300304412841797	0.0018218593190144682	balanced	15	sqrt	2	10	200	{'class_weight': 'balanced', 'max_depth': 15, 'max_features': 'sqrt', 'min_samples_leaf': 2, 'min_samples_split': 10, 'n_estimators': 200}	0.5686176714492661	0.5006867148599432	0.5600335249042145	0.5878067073824066	0.5695353535353536	0.5573359944262368	0.02973544179339577	936
0.8969617366790772	0.021922221722319377	0.014411401748657227	0.002084773524378862	balanced	15	sqrt	2	10	300	{'class_weight': 'balanced', 'max_depth': 15, 'max_features': 'sqrt', 'min_samples_leaf': 2, 'min_samples_split': 10, 'n_estimators': 300}	0.5874231700502887	0.5565421245421245	0.5693121693121693	0.5674392312040701	0.5869756846431933	0.5735384759503692	0.011977326272342558	322
1.1686927795410156	0.0176810421958589	0.020008373260498046	0.003990458564087216	balanced	15	sqrt	2	10	400	{'class_weight': 'balanced', 'max_depth': 15, 'max_features': 'sqrt', 'min_samples_leaf': 2, 'min_samples_split': 10, 'n_estimators': 400}	0.5686176714492661	0.5805128205128205	0.5785675232367414	0.5496296296296296	0.5704594017094017	0.5695574093075719	0.010954599838612125	451
1.4844745635986327	0.034177227322747084	0.02171769142150879	0.004134165301847422	balanced	15	sqrt	2	10	500	{'class_weight': 'balanced', 'max_depth': 15, 'max_features': 'sqrt', 'min_samples_leaf': 2, 'min_samples_split': 10, 'n_estimators': 500}	0.5686176714492661	0.5805128205128205	0.5824033867177165	0.5824033867177165	0.5617777777777778	0.5751430086350595	0.008431731502669284	285
1.804392671585083	0.044458703183895214	0.028263950347900392	0.004823447025910504	balanced	15	sqrt	2	10	600	{'class_weight': 'balanced', 'max_depth': 15, 'max_features': 'sqrt', 'min_samples_leaf': 2, 'min_samples_split': 10, 'n_estimators': 600}	0.545299707743821	0.5805128205128205	0.5551546078610048	0.5824033867177165	0.5257575757575758	0.5578256197185877	0.021499618271818923	918
0.07959365844726562	0.009889285571984362	0.003253269195556641	0.0008665264713663185	balanced	15	sqrt	4	2	25	{'class_weight': 'balanced', 'max_depth': 15, 'max_features': 'sqrt', 'min_samples_leaf': 4, 'min_samples_split': 2, 'n_estimators': 25}	0.5806410806410808	0.4868977176669485	0.4935910976412422	0.5046451133407656	0.5968041620215533	0.5325158342623181	0.04652301192423248	2044
0.15366954803466798	0.018273483255824192	0.004685401916503906	0.002253265593090165	balanced	15	sqrt	4	2	50	{'class_weight': 'balanced', 'max_depth': 15, 'max_features': 'sqrt', 'min_samples_leaf': 4, 'min_samples_split': 2, 'n_estimators': 50}	0.5820082578031961	0.5097022635484174	0.5184476342371079	0.546031746031746	0.5496296296296296	0.5411639062500193	0.025571426889901844	1751
0.26521315574646	0.01541977393565755	0.005781745910644532	0.001667463677478503	balanced	15	sqrt	4	2	100	{'class_weight': 'balanced', 'max_depth': 15, 'max_features': 'sqrt', 'min_samples_leaf': 4, 'min_samples_split': 2, 'n_estimators': 100}	0.5874231700502887	0.5914774880292122	0.49551656920077974	0.5733333333333334	0.5521228545618789	0.5599746830350985	0.03504511192495068	834
0.4110085964202881	0.008052235613997141	0.008717584609985351	0.0029309511967247886	balanced	15	sqrt	4	2	150	{'class_weight': 'balanced', 'max_depth': 15, 'max_features': 'sqrt', 'min_samples_leaf': 4, 'min_samples_split': 2, 'n_estimators': 150}	0.5415813000558763	0.5736653635813299	0.5413786992734361	0.5317416924852683	0.5674392312040701	0.5511612573199962	0.016346258005298188	1254
0.5439340114593506	0.013331407975532053	0.007933855056762695	0.000797429494100996	balanced	15	sqrt	4	2	200	{'class_weight': 'balanced', 'max_depth': 15, 'max_features': 'sqrt', 'min_samples_leaf': 4, 'min_samples_split': 2, 'n_estimators': 200}	0.5686176714492661	0.5541223803518884	0.5413786992734361	0.546031746031746	0.5674392312040701	0.5555179456620813	0.011005214573768853	1015
0.8389333724975586	0.02429273702335291	0.01552410125732422	0.004124984659124602	balanced	15	sqrt	4	2	300	{'class_weight': 'balanced', 'max_depth': 15, 'max_features': 'sqrt', 'min_samples_leaf': 4, 'min_samples_split': 2, 'n_estimators': 300}	0.5736653635813299	0.5596301547914452	0.546031746031746	0.5406989025118244	0.5914703850260662	0.5622993103884824	0.01853900980545546	704
1.1258922576904298	0.03723568220946317	0.019270944595336913	0.0024674307211033143	balanced	15	sqrt	4	2	400	{'class_weight': 'balanced', 'max_depth': 15, 'max_features': 'sqrt', 'min_samples_leaf': 4, 'min_samples_split': 2, 'n_estimators': 400}	0.5736653635813299	0.5541223803518884	0.5600335249042145	0.5259259259259259	0.5608294930875576	0.5549153375701833	0.015835095965095084	1045
1.4071114540100098	0.02355096784354533	0.022834587097167968	0.004965644667487235	balanced	15	sqrt	4	2	500	{'class_weight': 'balanced', 'max_depth': 15, 'max_features': 'sqrt', 'min_samples_leaf': 4, 'min_samples_split': 2, 'n_estimators': 500}	0.5967104790634203	0.6010568666306372	0.5551546078610048	0.5317416924852683	0.5782480893592005	0.5725823470799062	0.026064346583924855	339
1.6679680347442627	0.028272183453192205	0.029184341430664062	0.005364981865391507	balanced	15	sqrt	4	2	600	{'class_weight': 'balanced', 'max_depth': 15, 'max_features': 'sqrt', 'min_samples_leaf': 4, 'min_samples_split': 2, 'n_estimators': 600}	0.5736653635813299	0.5805128205128205	0.5693121693121693	0.5496296296296296	0.5869756846431933	0.5720191335358285	0.012705658214566587	365
0.07165226936340333	0.007714421416366688	0.0017438888549804687	5.8475013346201834e-05	balanced	15	sqrt	4	5	25	{'class_weight': 'balanced', 'max_depth': 15, 'max_features': 'sqrt', 'min_samples_leaf': 4, 'min_samples_split': 5, 'n_estimators': 25}	0.5806410806410808	0.4868977176669485	0.4935910976412422	0.5046451133407656	0.5968041620215533	0.5325158342623181	0.04652301192423248	2044
0.14196739196777344	0.004679336044973485	0.004124212265014649	0.0014253259960892045	balanced	15	sqrt	4	5	50	{'class_weight': 'balanced', 'max_depth': 15, 'max_features': 'sqrt', 'min_samples_leaf': 4, 'min_samples_split': 5, 'n_estimators': 50}	0.5820082578031961	0.5097022635484174	0.5184476342371079	0.546031746031746	0.5496296296296296	0.5411639062500193	0.025571426889901844	1751
0.2728642463684082	0.004748862934571265	0.006307649612426758	0.0015980540947435346	balanced	15	sqrt	4	5	100	{'class_weight': 'balanced', 'max_depth': 15, 'max_features': 'sqrt', 'min_samples_leaf': 4, 'min_samples_split': 5, 'n_estimators': 100}	0.5874231700502887	0.5914774880292122	0.49551656920077974	0.5733333333333334	0.5521228545618789	0.5599746830350985	0.03504511192495068	834
0.41812739372253416	0.00849021113666302	0.009845161437988281	0.0026075016672997887	balanced	15	sqrt	4	5	150	{'class_weight': 'balanced', 'max_depth': 15, 'max_features': 'sqrt', 'min_samples_leaf': 4, 'min_samples_split': 5, 'n_estimators': 150}	0.5415813000558763	0.5736653635813299	0.5413786992734361	0.5317416924852683	0.5674392312040701	0.5511612573199962	0.016346258005298188	1254
0.5696555614471436	0.024997754080302775	0.0117919921875	0.002072278038241029	balanced	15	sqrt	4	5	200	{'class_weight': 'balanced', 'max_depth': 15, 'max_features': 'sqrt', 'min_samples_leaf': 4, 'min_samples_split': 5, 'n_estimators': 200}	0.5686176714492661	0.5541223803518884	0.5413786992734361	0.546031746031746	0.5674392312040701	0.5555179456620813	0.011005214573768853	1015
0.8433090686798096	0.013247910112839883	0.015656280517578124	0.0013878825914488237	balanced	15	sqrt	4	5	300	{'class_weight': 'balanced', 'max_depth': 15, 'max_features': 'sqrt', 'min_samples_leaf': 4, 'min_samples_split': 5, 'n_estimators': 300}	0.5736653635813299	0.5596301547914452	0.546031746031746	0.5406989025118244	0.5914703850260662	0.5622993103884824	0.01853900980545546	704
1.1578670978546142	0.067396931290762	0.01911954879760742	0.0011993638732868887	balanced	15	sqrt	4	5	400	{'class_weight': 'balanced', 'max_depth': 15, 'max_features': 'sqrt', 'min_samples_leaf': 4, 'min_samples_split': 5, 'n_estimators': 400}	0.5736653635813299	0.5541223803518884	0.5600335249042145	0.5259259259259259	0.5608294930875576	0.5549153375701833	0.015835095965095084	1045
1.3998285770416259	0.05709057545422844	0.02318401336669922	0.0018021084482360303	balanced	15	sqrt	4	5	500	{'class_weight': 'balanced', 'max_depth': 15, 'max_features': 'sqrt', 'min_samples_leaf': 4, 'min_samples_split': 5, 'n_estimators': 500}	0.5967104790634203	0.6010568666306372	0.5551546078610048	0.5317416924852683	0.5782480893592005	0.5725823470799062	0.026064346583924855	339
1.6648509502410889	0.06150667927911911	0.03929505348205566	0.01066153089069733	balanced	15	sqrt	4	5	600	{'class_weight': 'balanced', 'max_depth': 15, 'max_features': 'sqrt', 'min_samples_leaf': 4, 'min_samples_split': 5, 'n_estimators': 600}	0.5736653635813299	0.5805128205128205	0.5693121693121693	0.5496296296296296	0.5869756846431933	0.5720191335358285	0.012705658214566587	365
0.07713155746459961	0.009441755377958595	0.002205657958984375	0.0007421376464663597	balanced	15	sqrt	4	10	25	{'class_weight': 'balanced', 'max_depth': 15, 'max_features': 'sqrt', 'min_samples_leaf': 4, 'min_samples_split': 10, 'n_estimators': 25}	0.6105043288141879	0.5736653635813299	0.5314295427502975	0.5551546078610048	0.5346780594854555	0.5610863804984552	0.02902577406962396	784
0.1423588752746582	0.007453404162543853	0.004161834716796875	0.0014115337471439203	balanced	15	sqrt	4	10	50	{'class_weight': 'balanced', 'max_depth': 15, 'max_features': 'sqrt', 'min_samples_leaf': 4, 'min_samples_split': 10, 'n_estimators': 50}	0.5460860978102358	0.5781159011928243	0.5357009183096141	0.5496296296296296	0.5914703850260662	0.560200586393674	0.02102358895132522	823
0.29106950759887695	0.00638531565478351	0.007153606414794922	0.002709329856056944	balanced	15	sqrt	4	10	100	{'class_weight': 'balanced', 'max_depth': 15, 'max_features': 'sqrt', 'min_samples_leaf': 4, 'min_samples_split': 10, 'n_estimators': 100}	0.6009204470742932	0.6291622356138484	0.5091592186559826	0.5642528049471155	0.609626216077829	0.5826241844738137	0.04234208763897102	130
0.4477972984313965	0.07740933119105102	0.009229135513305665	0.0035676884842306494	balanced	15	sqrt	4	10	150	{'class_weight': 'balanced', 'max_depth': 15, 'max_features': 'sqrt', 'min_samples_leaf': 4, 'min_samples_split': 10, 'n_estimators': 150}	0.605984875339714	0.5775896234912629	0.5319890224394253	0.5831896551724138	0.6113606098176976	0.5820227572521027	0.02813994186706315	144
0.5851508617401123	0.022143065344470688	0.009256982803344726	0.0014952717405726098	balanced	15	sqrt	4	10	200	{'class_weight': 'balanced', 'max_depth': 15, 'max_features': 'sqrt', 'min_samples_leaf': 4, 'min_samples_split': 10, 'n_estimators': 200}	0.591935635154711	0.5775896234912629	0.5368773946360154	0.5600335249042145	0.5824033867177165	0.569767912980784	0.019435980893485583	447
0.824111032485962	0.019348043379012483	0.017266559600830077	0.0036214817315534525	balanced	15	sqrt	4	10	300	{'class_weight': 'balanced', 'max_depth': 15, 'max_features': 'sqrt', 'min_samples_leaf': 4, 'min_samples_split': 10, 'n_estimators': 300}	0.5596301547914452	0.5717219376841179	0.5548188262228679	0.5171450000765334	0.597037037037037	0.5600705911624002	0.025971728420032446	826
1.0905131340026855	0.05521162890390571	0.022305679321289063	0.00435918349253739	balanced	15	sqrt	4	10	400	{'class_weight': 'balanced', 'max_depth': 15, 'max_features': 'sqrt', 'min_samples_leaf': 4, 'min_samples_split': 10, 'n_estimators': 400}	0.5736653635813299	0.5629274955442795	0.5413786992734361	0.5551546078610048	0.5914703850260662	0.5649193102572234	0.016940661878192487	627
1.3709327697753906	0.033282980350702866	0.02620539665222168	0.007920485994682185	balanced	15	sqrt	4	10	500	{'class_weight': 'balanced', 'max_depth': 15, 'max_features': 'sqrt', 'min_samples_leaf': 4, 'min_samples_split': 10, 'n_estimators': 500}	0.5553113553113553	0.5717219376841179	0.5317416924852683	0.5551546078610048	0.5852278545826933	0.5598314895848879	0.01798721573067936	847
1.6937854290008545	0.01019523816615528	0.028460979461669922	0.00374067623332764	balanced	15	sqrt	4	10	600	{'class_weight': 'balanced', 'max_depth': 15, 'max_features': 'sqrt', 'min_samples_leaf': 4, 'min_samples_split': 10, 'n_estimators': 600}	0.5736653635813299	0.5629274955442795	0.5600335249042145	0.5693121693121693	0.5914703850260662	0.5714817876736119	0.01107481743387896	385
0.04552030563354492	0.005374979458391254	0.0033203601837158204	0.0008884182219575565	balanced	15	log2	1	2	25	{'class_weight': 'balanced', 'max_depth': 15, 'max_features': 'log2', 'min_samples_leaf': 1, 'min_samples_split': 2, 'n_estimators': 25}	0.5415813000558763	0.5250434604765313	0.5171450000765334	0.4868485778900279	0.49465811965811973	0.5130552916314177	0.019997114020755786	2345
0.07985124588012696	0.0025118364547225282	0.0040110588073730465	0.0017488853333792707	balanced	15	log2	1	2	50	{'class_weight': 'balanced', 'max_depth': 15, 'max_features': 'log2', 'min_samples_leaf': 1, 'min_samples_split': 2, 'n_estimators': 50}	0.49205087320010843	0.5564348586736647	0.5037037037037037	0.48444444444444446	0.5534391534391534	0.5180146066922149	0.030779497946137692	2301
0.1627948760986328	0.0055477392174550924	0.007715797424316407	0.001139204294809163	balanced	15	log2	1	2	100	{'class_weight': 'balanced', 'max_depth': 15, 'max_features': 'log2', 'min_samples_leaf': 1, 'min_samples_split': 2, 'n_estimators': 100}	0.47654903494725526	0.5484590597372552	0.536431131592422	0.49574141414141415	0.4730639730639731	0.506048922696464	0.030939273919413878	2387
0.26416702270507814	0.012401099057236385	0.008352327346801757	0.0023305987568163766	balanced	15	log2	1	2	150	{'class_weight': 'balanced', 'max_depth': 15, 'max_features': 'log2', 'min_samples_leaf': 1, 'min_samples_split': 2, 'n_estimators': 150}	0.48463003663003656	0.5226567202936698	0.5434080773820741	0.5024471804225566	0.5619439079549019	0.5230171845366478	0.027669139615257823	2224
0.32170639038085935	0.008934305047158494	0.010821294784545899	0.00474443117211893	balanced	15	log2	1	2	200	{'class_weight': 'balanced', 'max_depth': 15, 'max_features': 'log2', 'min_samples_leaf': 1, 'min_samples_split': 2, 'n_estimators': 200}	0.5086007326007326	0.5484590597372552	0.5449373737373737	0.49465811965811973	0.5789937680498556	0.5351298107566673	0.03013188904667485	1975
0.47920799255371094	0.016477456711496044	0.013123369216918946	0.001412809087783217	balanced	15	log2	1	2	300	{'class_weight': 'balanced', 'max_depth': 15, 'max_features': 'log2', 'min_samples_leaf': 1, 'min_samples_split': 2, 'n_estimators': 300}	0.5006867148599432	0.5457477305303392	0.5608294930875576	0.5203393939393939	0.5257575757575758	0.530672181634962	0.020817222094954173	2092
0.6342586040496826	0.009217455393232767	0.02227153778076172	0.0019028662261117808	balanced	15	log2	1	2	400	{'class_weight': 'balanced', 'max_depth': 15, 'max_features': 'log2', 'min_samples_leaf': 1, 'min_samples_split': 2, 'n_estimators': 400}	0.5250434604765313	0.5484590597372552	0.5279627096316563	0.49465811965811973	0.5491358024691358	0.5290518303945396	0.01990068861477001	2123
0.7988085269927978	0.048341324581575765	0.02600851058959961	0.002775872627244804	balanced	15	log2	1	2	500	{'class_weight': 'balanced', 'max_depth': 15, 'max_features': 'log2', 'min_samples_leaf': 1, 'min_samples_split': 2, 'n_estimators': 500}	0.5086741961741962	0.5149716949716949	0.5451923076923078	0.49465811965811973	0.5413223736390511	0.5209637384270739	0.019392888432147305	2266
0.9591565608978272	0.03803344277103335	0.02824435234069824	0.004448008502468285	balanced	15	log2	1	2	600	{'class_weight': 'balanced', 'max_depth': 15, 'max_features': 'log2', 'min_samples_leaf': 1, 'min_samples_split': 2, 'n_estimators': 600}	0.5250434604765313	0.5484590597372552	0.536	0.5199252136752136	0.5292929292929294	0.5317441326363859	0.00988023730119506	2063
0.053240633010864256	0.017018327534379898	0.004583597183227539	0.002131564732028406	balanced	15	log2	1	5	25	{'class_weight': 'balanced', 'max_depth': 15, 'max_features': 'log2', 'min_samples_leaf': 1, 'min_samples_split': 5, 'n_estimators': 25}	0.591935635154711	0.5275751326171494	0.5711976911976913	0.47114343434343436	0.5534391534391534	0.5430582093504278	0.04171344560568931	1652
0.09205951690673828	0.02272812795315446	0.0026321887969970705	7.826093399877975e-05	balanced	15	log2	1	5	50	{'class_weight': 'balanced', 'max_depth': 15, 'max_features': 'log2', 'min_samples_leaf': 1, 'min_samples_split': 5, 'n_estimators': 50}	0.5168323739752311	0.5168323739752311	0.606345785440613	0.5674392312040701	0.49574141414141415	0.5406382357473118	0.04045970376536501	1779
0.15879158973693847	0.009043831623823004	0.005086421966552734	0.0006412571097424131	balanced	15	log2	1	5	100	{'class_weight': 'balanced', 'max_depth': 15, 'max_features': 'log2', 'min_samples_leaf': 1, 'min_samples_split': 5, 'n_estimators': 100}	0.4763299692433551	0.5414301947869302	0.6113606098176976	0.5193769235600779	0.48444444444444446	0.5265884283705011	0.048498731270625484	2170
0.268632698059082	0.0068176807675157675	0.009907102584838868	0.002263852420747432	balanced	15	log2	1	5	150	{'class_weight': 'balanced', 'max_depth': 15, 'max_features': 'log2', 'min_samples_leaf': 1, 'min_samples_split': 5, 'n_estimators': 150}	0.4685156113727542	0.5496196111580728	0.6155015388480624	0.609626216077829	0.476931651213457	0.544038925734035	0.06268476542705	1623
0.35689425468444824	0.02324556482722195	0.012530708312988281	0.0016796459965045195	balanced	15	log2	1	5	200	{'class_weight': 'balanced', 'max_depth': 15, 'max_features': 'log2', 'min_samples_leaf': 1, 'min_samples_split': 5, 'n_estimators': 200}	0.4763299692433551	0.5823730667480668	0.6155015388480624	0.5369121312666105	0.4802218311736789	0.5382677074559548	0.05498689331989164	1860
0.49068474769592285	0.018925878377507022	0.016105842590332032	0.0035735983799057725	balanced	15	log2	1	5	300	{'class_weight': 'balanced', 'max_depth': 15, 'max_features': 'log2', 'min_samples_leaf': 1, 'min_samples_split': 5, 'n_estimators': 300}	0.48463003663003656	0.5737569517097076	0.5763324299909666	0.5193769235600779	0.5257575757575758	0.535970783529673	0.03484937619153433	1942
0.6370824337005615	0.025891270762105373	0.020999431610107422	0.001367928686742912	balanced	15	log2	1	5	400	{'class_weight': 'balanced', 'max_depth': 15, 'max_features': 'log2', 'min_samples_leaf': 1, 'min_samples_split': 5, 'n_estimators': 400}	0.48463003663003656	0.5404995004995006	0.5608294930875576	0.5203393939393939	0.48736029994952773	0.5187317448212032	0.029650410408446844	2290
0.8237241268157959	0.05120244678024863	0.02652902603149414	0.0036236448977067745	balanced	15	log2	1	5	500	{'class_weight': 'balanced', 'max_depth': 15, 'max_features': 'log2', 'min_samples_leaf': 1, 'min_samples_split': 5, 'n_estimators': 500}	0.5006867148599432	0.5662177518254745	0.5521228545618789	0.4876344086021505	0.4802218311736789	0.5173767122046253	0.03503252026139986	2304
0.9433032035827636	0.07355642085229654	0.02665543556213379	0.005018363428646251	balanced	15	log2	1	5	600	{'class_weight': 'balanced', 'max_depth': 15, 'max_features': 'log2', 'min_samples_leaf': 1, 'min_samples_split': 5, 'n_estimators': 600}	0.5006867148599432	0.5910053088640188	0.5521228545618789	0.49574141414141415	0.4994107744107744	0.5277934133676059	0.037829468390687127	2153
0.046879911422729494	0.008308734626403885	0.0026774883270263674	0.001859674682347016	balanced	15	log2	1	10	25	{'class_weight': 'balanced', 'max_depth': 15, 'max_features': 'log2', 'min_samples_leaf': 1, 'min_samples_split': 10, 'n_estimators': 25}	0.545299707743821	0.5553113553113553	0.5065843621399178	0.48160535117056863	0.49193540011424414	0.5161472352959814	0.02917018413106326	2320
0.08330883979797363	0.010192607909300065	0.0032233715057373045	0.0008022571336976766	balanced	15	log2	1	10	50	{'class_weight': 'balanced', 'max_depth': 15, 'max_features': 'log2', 'min_samples_leaf': 1, 'min_samples_split': 10, 'n_estimators': 50}	0.539301954762889	0.5645022350530825	0.606266050333847	0.48695273225319446	0.476931651213457	0.534790924723294	0.0482659157676882	1994
0.16519756317138673	0.0205167929821608	0.006548881530761719	0.003117982096298249	balanced	15	log2	1	10	100	{'class_weight': 'balanced', 'max_depth': 15, 'max_features': 'log2', 'min_samples_leaf': 1, 'min_samples_split': 10, 'n_estimators': 100}	0.5541223803518884	0.605984875339714	0.6158730158730159	0.5496296296296296	0.5534782388407559	0.5758176280070008	0.028879197519601545	273
0.2331644058227539	0.014399654093516238	0.008182287216186523	0.0032806840397359765	balanced	15	log2	1	10	150	{'class_weight': 'balanced', 'max_depth': 15, 'max_features': 'log2', 'min_samples_leaf': 1, 'min_samples_split': 10, 'n_estimators': 150}	0.5086007326007326	0.5479287119999022	0.5346780594854555	0.6113606098176976	0.5440445898461165	0.5493225407499809	0.033915329951012284	1361
0.34471774101257324	0.015723402257548605	0.01464705467224121	0.007021266487563112	balanced	15	log2	1	10	200	{'class_weight': 'balanced', 'max_depth': 15, 'max_features': 'log2', 'min_samples_leaf': 1, 'min_samples_split': 10, 'n_estimators': 200}	0.5156764139814987	0.5325714285714286	0.5037037037037037	0.606266050333847	0.5179899949801804	0.5352415183141317	0.03667875582171253	1970
0.4811145782470703	0.015212485462617375	0.014260196685791015	0.002314337474167061	balanced	15	log2	1	10	300	{'class_weight': 'balanced', 'max_depth': 15, 'max_features': 'log2', 'min_samples_leaf': 1, 'min_samples_split': 10, 'n_estimators': 300}	0.49267399267399264	0.5409907552764696	0.5279132791327914	0.597037037037037	0.533532412591763	0.5384294953424107	0.03367355711299577	1855
0.6260119438171386	0.016553048714675545	0.017953968048095702	0.0019221205984361058	balanced	15	log2	1	10	400	{'class_weight': 'balanced', 'max_depth': 15, 'max_features': 'log2', 'min_samples_leaf': 1, 'min_samples_split': 10, 'n_estimators': 400}	0.539301954762889	0.5409907552764696	0.5521228545618789	0.5642528049471155	0.5068771218827209	0.5407090982862147	0.019137617231916645	1778
0.782244348526001	0.014965646426880282	0.02704620361328125	0.0023824527306783444	balanced	15	log2	1	10	500	{'class_weight': 'balanced', 'max_depth': 15, 'max_features': 'log2', 'min_samples_leaf': 1, 'min_samples_split': 10, 'n_estimators': 500}	0.539301954762889	0.5578067765567766	0.5120327700972862	0.5733333333333334	0.5257575757575758	0.5416464821015723	0.02190953103005899	1731
0.9366848468780518	0.029888802054159887	0.02813830375671387	0.004255405331723087	balanced	15	log2	1	10	600	{'class_weight': 'balanced', 'max_depth': 15, 'max_features': 'log2', 'min_samples_leaf': 1, 'min_samples_split': 10, 'n_estimators': 600}	0.5479287119999022	0.5662177518254745	0.5118803545783192	0.5496296296296296	0.5143413367942894	0.5379995569655229	0.02131683534691588	1871
0.04201784133911133	0.006507562571413138	0.0021062374114990236	0.0005547936176442175	balanced	15	log2	2	2	25	{'class_weight': 'balanced', 'max_depth': 15, 'max_features': 'log2', 'min_samples_leaf': 2, 'min_samples_split': 2, 'n_estimators': 25}	0.5717219376841179	0.5967104790634203	0.5962962962962963	0.597037037037037	0.5619439079549019	0.5847419316071547	0.014947837390867481	89
0.0770864486694336	0.009041813381471246	0.002930450439453125	0.0007939303515473793	balanced	15	log2	2	2	50	{'class_weight': 'balanced', 'max_depth': 15, 'max_features': 'log2', 'min_samples_leaf': 2, 'min_samples_split': 2, 'n_estimators': 50}	0.545299707743821	0.5775896234912629	0.5693121693121693	0.5259259259259259	0.5601877033008051	0.5556630259547969	0.018326161526466822	1012
0.1604341983795166	0.012702637762575868	0.0069640159606933595	0.001974367924813106	balanced	15	log2	2	2	100	{'class_weight': 'balanced', 'max_depth': 15, 'max_features': 'log2', 'min_samples_leaf': 2, 'min_samples_split': 2, 'n_estimators': 100}	0.5596301547914452	0.5325484274743367	0.5878067073824066	0.5674392312040701	0.5218106995884774	0.5538470440881472	0.023880574070251907	1109
0.22975826263427734	0.01997906871437807	0.007031869888305664	0.0012526306797576334	balanced	15	log2	2	2	150	{'class_weight': 'balanced', 'max_depth': 15, 'max_features': 'log2', 'min_samples_leaf': 2, 'min_samples_split': 2, 'n_estimators': 150}	0.5736653635813299	0.5072807749053819	0.558540723101586	0.5878067073824066	0.5179899949801804	0.549056712790177	0.03132878602143997	1373
0.31543264389038084	0.012449656897733943	0.012729263305664063	0.0015407116741960726	balanced	15	log2	2	2	200	{'class_weight': 'balanced', 'max_depth': 15, 'max_features': 'log2', 'min_samples_leaf': 2, 'min_samples_split': 2, 'n_estimators': 200}	0.5686176714492661	0.5166426377483858	0.5496296296296296	0.5674392312040701	0.48736029994952773	0.5379378939961759	0.03149557201244067	1874
0.4939159393310547	0.01797274738291609	0.017313194274902344	0.0018996328658362049	balanced	15	log2	2	2	300	{'class_weight': 'balanced', 'max_depth': 15, 'max_features': 'log2', 'min_samples_leaf': 2, 'min_samples_split': 2, 'n_estimators': 300}	0.5541223803518884	0.49957734573119195	0.5521228545618789	0.5674392312040701	0.5257575757575758	0.539803877521321	0.02423205292543681	1810
0.6384570121765136	0.028281047285199624	0.019481849670410157	0.0026711267976356396	balanced	15	log2	2	2	400	{'class_weight': 'balanced', 'max_depth': 15, 'max_features': 'log2', 'min_samples_leaf': 2, 'min_samples_split': 2, 'n_estimators': 400}	0.5306551372125142	0.5414301947869302	0.5521228545618789	0.5674392312040701	0.5440445898461165	0.547138401522302	0.012254156478515157	1456
0.7941193103790283	0.018506165396590023	0.025300073623657226	0.002682303564312543	balanced	15	log2	2	2	500	{'class_weight': 'balanced', 'max_depth': 15, 'max_features': 'log2', 'min_samples_leaf': 2, 'min_samples_split': 2, 'n_estimators': 500}	0.5086007326007326	0.5578160800432915	0.5674392312040701	0.5496296296296296	0.5218106995884774	0.5410592746132402	0.022245036359256714	1760
0.8978577136993409	0.053828996876457307	0.030083894729614258	0.002204463740840791	balanced	15	log2	2	2	600	{'class_weight': 'balanced', 'max_depth': 15, 'max_features': 'log2', 'min_samples_leaf': 2, 'min_samples_split': 2, 'n_estimators': 600}	0.5086007326007326	0.5578160800432915	0.536431131592422	0.5496296296296296	0.49448559670781894	0.5293926341147789	0.024156875384712565	2114
0.043935108184814456	0.004412391028668464	0.0019266128540039063	0.00041937987732271567	balanced	15	log2	2	5	25	{'class_weight': 'balanced', 'max_depth': 15, 'max_features': 'log2', 'min_samples_leaf': 2, 'min_samples_split': 5, 'n_estimators': 25}	0.5736653635813299	0.5275751326171494	0.6085719569268411	0.49574141414141415	0.5496296296296296	0.5510366993792728	0.03855478137503715	1264
0.08382115364074708	0.010237764730727383	0.003180694580078125	0.0010867877940387443	balanced	15	log2	2	5	50	{'class_weight': 'balanced', 'max_depth': 15, 'max_features': 'log2', 'min_samples_leaf': 2, 'min_samples_split': 5, 'n_estimators': 50}	0.5541223803518884	0.5717219376841179	0.6134920634920635	0.47851851851851845	0.536	0.5507709800093177	0.04432315166346391	1290
0.16392736434936522	0.009239316528992871	0.005762958526611328	0.0017267165559987213	balanced	15	log2	2	5	100	{'class_weight': 'balanced', 'max_depth': 15, 'max_features': 'log2', 'min_samples_leaf': 2, 'min_samples_split': 5, 'n_estimators': 100}	0.5364527945173106	0.591935635154711	0.6113606098176976	0.47851851851851845	0.5286302175191064	0.5493795551054689	0.04747966669670568	1354
0.23543286323547363	0.00839902523819427	0.006603717803955078	0.0009418512003840992	balanced	15	log2	2	5	150	{'class_weight': 'balanced', 'max_depth': 15, 'max_features': 'log2', 'min_samples_leaf': 2, 'min_samples_split': 5, 'n_estimators': 150}	0.5415813000558763	0.5805128205128205	0.606266050333847	0.5022222222222222	0.5789937680498556	0.5619152322349243	0.03628020392340271	732
0.3277600765228271	0.022011834231597336	0.010717058181762695	0.0021607701677481177	balanced	15	log2	2	5	200	{'class_weight': 'balanced', 'max_depth': 15, 'max_features': 'log2', 'min_samples_leaf': 2, 'min_samples_split': 5, 'n_estimators': 200}	0.5364527945173106	0.5494002060931195	0.5763324299909666	0.5346780594854555	0.4994107744107744	0.5392548528995253	0.024875787722782542	1826
0.46521902084350586	0.034707508459634946	0.012785911560058594	0.0022051655904863627	balanced	15	log2	2	5	300	{'class_weight': 'balanced', 'max_depth': 15, 'max_features': 'log2', 'min_samples_leaf': 2, 'min_samples_split': 5, 'n_estimators': 300}	0.5132754342431762	0.5578067765567766	0.5852278545826933	0.536431131592422	0.5257575757575758	0.5436997545465287	0.02539285367136203	1637
0.6275573253631592	0.02554014299546306	0.02018284797668457	0.0005477519572979172	balanced	15	log2	2	5	400	{'class_weight': 'balanced', 'max_depth': 15, 'max_features': 'log2', 'min_samples_leaf': 2, 'min_samples_split': 5, 'n_estimators': 400}	0.5506202480992397	0.5409907552764696	0.5695353535353536	0.47114343434343436	0.5521043771043772	0.5368788336717749	0.03413251399186779	1912
0.7627048015594482	0.042075198192427714	0.02335782051086426	0.003957872809328021	balanced	15	log2	2	5	500	{'class_weight': 'balanced', 'max_depth': 15, 'max_features': 'log2', 'min_samples_leaf': 2, 'min_samples_split': 5, 'n_estimators': 500}	0.539301954762889	0.5494002060931195	0.5534391534391534	0.510815395869325	0.5143413367942894	0.5334596093917552	0.017695686232149916	2023
0.9951225280761719	0.028151280769260035	0.03266754150390625	0.0020266216638301876	balanced	15	log2	2	5	600	{'class_weight': 'balanced', 'max_depth': 15, 'max_features': 'log2', 'min_samples_leaf': 2, 'min_samples_split': 5, 'n_estimators': 600}	0.5479287119999022	0.5578067765567766	0.5286302175191064	0.5037037037037037	0.5143413367942894	0.5304821493147556	0.020159654922556527	2097
0.038557577133178714	0.004747907005380871	0.003425264358520508	0.0009442185911423826	balanced	15	log2	2	10	25	{'class_weight': 'balanced', 'max_depth': 15, 'max_features': 'log2', 'min_samples_leaf': 2, 'min_samples_split': 10, 'n_estimators': 25}	0.545299707743821	0.5306551372125142	0.5583496540018279	0.5642528049471155	0.5869756846431933	0.5571065977096943	0.01888839979546505	940
0.08735437393188476	0.012565574200440062	0.0033948421478271484	0.001088246105293492	balanced	15	log2	2	10	50	{'class_weight': 'balanced', 'max_depth': 15, 'max_features': 'log2', 'min_samples_leaf': 2, 'min_samples_split': 10, 'n_estimators': 50}	0.5460860978102358	0.5006867148599432	0.5191026899386904	0.5785675232367414	0.6155015388480624	0.5519889129387346	0.04120324888315713	1190
0.15168867111206055	0.01603420004668591	0.004681539535522461	0.0010472492639671874	balanced	15	log2	2	10	100	{'class_weight': 'balanced', 'max_depth': 15, 'max_features': 'log2', 'min_samples_leaf': 2, 'min_samples_split': 10, 'n_estimators': 100}	0.5415813000558763	0.5565421245421245	0.5319890224394253	0.6005420054200542	0.5451923076923078	0.5551693520299577	0.024008608581587893	1033
0.22885828018188475	0.02428412818744808	0.010480880737304688	0.002540460248063053	balanced	15	log2	2	10	150	{'class_weight': 'balanced', 'max_depth': 15, 'max_features': 'log2', 'min_samples_leaf': 2, 'min_samples_split': 10, 'n_estimators': 150}	0.5364527945173106	0.5565421245421245	0.5317416924852683	0.6584684146882798	0.5534782388407559	0.5673366530147479	0.04654973556288055	536
0.3041008472442627	0.008134787253825597	0.010641956329345703	0.003622752256119368	balanced	15	log2	2	10	200	{'class_weight': 'balanced', 'max_depth': 15, 'max_features': 'log2', 'min_samples_leaf': 2, 'min_samples_split': 10, 'n_estimators': 200}	0.568781792919724	0.5893075178789464	0.49534576973808175	0.6005420054200542	0.4994107744107744	0.5506775720735161	0.04471328690809963	1294
0.4486856460571289	0.014949137929694165	0.01431574821472168	0.0029350169833655144	balanced	15	log2	2	10	300	{'class_weight': 'balanced', 'max_depth': 15, 'max_features': 'log2', 'min_samples_leaf': 2, 'min_samples_split': 10, 'n_estimators': 300}	0.5541223803518884	0.5479287119999022	0.49534576973808175	0.6349145122529887	0.49193540011424414	0.5448493548914211	0.05188004542239918	1579
0.6047362327575684	0.014715469802323328	0.018812036514282225	0.0020195248781258827	balanced	15	log2	2	10	400	{'class_weight': 'balanced', 'max_depth': 15, 'max_features': 'log2', 'min_samples_leaf': 2, 'min_samples_split': 10, 'n_estimators': 400}	0.5596301547914452	0.5479287119999022	0.49574141414141415	0.597037037037037	0.5257575757575758	0.5452189787454749	0.033843496922901575	1555
0.7481728076934815	0.014225999212980739	0.02528724670410156	0.004949092949065	balanced	15	log2	2	10	500	{'class_weight': 'balanced', 'max_depth': 15, 'max_features': 'log2', 'min_samples_leaf': 2, 'min_samples_split': 10, 'n_estimators': 500}	0.5828075150655795	0.5865530363256697	0.5521228545618789	0.5925925925925926	0.5257575757575758	0.5679667148606593	0.025317084679646336	509
0.9189830303192139	0.030825830972791485	0.02682657241821289	0.002929597875905564	balanced	15	log2	2	10	600	{'class_weight': 'balanced', 'max_depth': 15, 'max_features': 'log2', 'min_samples_leaf': 2, 'min_samples_split': 10, 'n_estimators': 600}	0.5686176714492661	0.5717219376841179	0.5674392312040701	0.5600335249042145	0.5440445898461165	0.5623713910175571	0.009934475381141698	699
0.04248733520507812	0.004096966089440066	0.002359962463378906	0.0006546857420233679	balanced	15	log2	4	2	25	{'class_weight': 'balanced', 'max_depth': 15, 'max_features': 'log2', 'min_samples_leaf': 4, 'min_samples_split': 2, 'n_estimators': 25}	0.5275751326171494	0.5686176714492661	0.5388522777849564	0.5191026899386904	0.558540723101586	0.5425376989783296	0.018562985295192104	1681
0.0730504035949707	0.005618597808138028	0.004955482482910156	0.0010724126778317257	balanced	15	log2	4	2	50	{'class_weight': 'balanced', 'max_depth': 15, 'max_features': 'log2', 'min_samples_leaf': 4, 'min_samples_split': 2, 'n_estimators': 50}	0.49009807396904165	0.591935635154711	0.5317416924852683	0.4809235209235209	0.5733333333333334	0.533606451173175	0.043937378669443125	2014
0.15273871421813964	0.009457624685288823	0.006937503814697266	0.0030014011927456553	balanced	15	log2	4	2	100	{'class_weight': 'balanced', 'max_depth': 15, 'max_features': 'log2', 'min_samples_leaf': 4, 'min_samples_split': 2, 'n_estimators': 100}	0.49866378033293085	0.5717219376841179	0.558540723101586	0.5643097643097642	0.5369121312666105	0.5460296673390019	0.026372098638313708	1510
0.2433962345123291	0.03412012644839545	0.007733058929443359	0.0025864335999705754	balanced	15	log2	4	2	150	{'class_weight': 'balanced', 'max_depth': 15, 'max_features': 'log2', 'min_samples_leaf': 4, 'min_samples_split': 2, 'n_estimators': 150}	0.5275751326171494	0.5805128205128205	0.5737643998513563	0.5368773946360154	0.5534391534391534	0.554433780211299	0.02041760077084262	1069
0.3104640007019043	0.014230995536645873	0.009990262985229491	0.0025116369740595785	balanced	15	log2	4	2	200	{'class_weight': 'balanced', 'max_depth': 15, 'max_features': 'log2', 'min_samples_leaf': 4, 'min_samples_split': 2, 'n_estimators': 200}	0.5415813000558763	0.5865530363256697	0.606345785440613	0.5368773946360154	0.5534391534391534	0.5649593339794656	0.027007290470039632	625
0.45661187171936035	0.03374554311648736	0.016706418991088868	0.004227196578166199	balanced	15	log2	4	2	300	{'class_weight': 'balanced', 'max_depth': 15, 'max_features': 'log2', 'min_samples_leaf': 4, 'min_samples_split': 2, 'n_estimators': 300}	0.5306551372125142	0.6010568666306372	0.601980438612478	0.5831896551724138	0.5782480893592005	0.5790260373974487	0.025961305331857115	188
0.5957492351531982	0.018934597595877636	0.018435001373291016	0.00300476212796793	balanced	15	log2	4	2	400	{'class_weight': 'balanced', 'max_depth': 15, 'max_features': 'log2', 'min_samples_leaf': 4, 'min_samples_split': 2, 'n_estimators': 400}	0.545299707743821	0.5775896234912629	0.5831896551724138	0.6004784337897533	0.5782480893592005	0.5769611019112902	0.017868156206524807	248
0.7668441772460938	0.021224901489543098	0.026182222366333007	0.005999819398923857	balanced	15	log2	4	2	500	{'class_weight': 'balanced', 'max_depth': 15, 'max_features': 'log2', 'min_samples_leaf': 4, 'min_samples_split': 2, 'n_estimators': 500}	0.5736653635813299	0.591935635154711	0.5785675232367414	0.5680205415499533	0.5695353535353536	0.5763448834116178	0.008612268676643709	265
0.8947052001953125	0.10964375720768911	0.03461189270019531	0.007658253652333235	balanced	15	log2	4	2	600	{'class_weight': 'balanced', 'max_depth': 15, 'max_features': 'log2', 'min_samples_leaf': 4, 'min_samples_split': 2, 'n_estimators': 600}	0.5596301547914452	0.5865530363256697	0.5785675232367414	0.5413786992734361	0.5451923076923078	0.56226434426392	0.01783444846491328	711
0.04100422859191895	0.0036037800341080757	0.002192783355712891	0.0009126121755062588	balanced	15	log2	4	5	25	{'class_weight': 'balanced', 'max_depth': 15, 'max_features': 'log2', 'min_samples_leaf': 4, 'min_samples_split': 5, 'n_estimators': 25}	0.5275751326171494	0.5686176714492661	0.5388522777849564	0.5191026899386904	0.558540723101586	0.5425376989783296	0.018562985295192104	1681
0.07599105834960937	0.004707029810758605	0.005281209945678711	0.000628002158736411	balanced	15	log2	4	5	50	{'class_weight': 'balanced', 'max_depth': 15, 'max_features': 'log2', 'min_samples_leaf': 4, 'min_samples_split': 5, 'n_estimators': 50}	0.49009807396904165	0.591935635154711	0.5317416924852683	0.4809235209235209	0.5733333333333334	0.533606451173175	0.043937378669443125	2014
0.14712696075439452	0.015360403032270084	0.005322647094726562	0.0021185307212879673	balanced	15	log2	4	5	100	{'class_weight': 'balanced', 'max_depth': 15, 'max_features': 'log2', 'min_samples_leaf': 4, 'min_samples_split': 5, 'n_estimators': 100}	0.49866378033293085	0.5717219376841179	0.558540723101586	0.5643097643097642	0.5369121312666105	0.5460296673390019	0.026372098638313708	1510
0.2059969425201416	0.011550407540362864	0.008989858627319335	0.001987348939566012	balanced	15	log2	4	5	150	{'class_weight': 'balanced', 'max_depth': 15, 'max_features': 'log2', 'min_samples_leaf': 4, 'min_samples_split': 5, 'n_estimators': 150}	0.5275751326171494	0.5805128205128205	0.5737643998513563	0.5368773946360154	0.5534391534391534	0.554433780211299	0.02041760077084262	1069
0.2916878700256348	0.009412082217585655	0.01033782958984375	0.0029731230705845576	balanced	15	log2	4	5	200	{'class_weight': 'balanced', 'max_depth': 15, 'max_features': 'log2', 'min_samples_leaf': 4, 'min_samples_split': 5, 'n_estimators': 200}	0.5415813000558763	0.5865530363256697	0.606345785440613	0.5368773946360154	0.5534391534391534	0.5649593339794656	0.027007290470039632	625
0.4578403949737549	0.023409834331554656	0.01412820816040039	0.0017462280452115182	balanced	15	log2	4	5	300	{'class_weight': 'balanced', 'max_depth': 15, 'max_features': 'log2', 'min_samples_leaf': 4, 'min_samples_split': 5, 'n_estimators': 300}	0.5306551372125142	0.6010568666306372	0.601980438612478	0.5831896551724138	0.5782480893592005	0.5790260373974487	0.025961305331857115	188
0.6038053512573243	0.015051940133522967	0.018680858612060546	0.00275092592468925	balanced	15	log2	4	5	400	{'class_weight': 'balanced', 'max_depth': 15, 'max_features': 'log2', 'min_samples_leaf': 4, 'min_samples_split': 5, 'n_estimators': 400}	0.545299707743821	0.5775896234912629	0.5831896551724138	0.6004784337897533	0.5782480893592005	0.5769611019112902	0.017868156206524807	248
0.7266285419464111	0.01863504276324748	0.02566046714782715	0.0028433405684549417	balanced	15	log2	4	5	500	{'class_weight': 'balanced', 'max_depth': 15, 'max_features': 'log2', 'min_samples_leaf': 4, 'min_samples_split': 5, 'n_estimators': 500}	0.5736653635813299	0.591935635154711	0.5785675232367414	0.5680205415499533	0.5695353535353536	0.5763448834116178	0.008612268676643709	265
0.9318008899688721	0.09470263298053909	0.03148441314697266	0.00582747308277192	balanced	15	log2	4	5	600	{'class_weight': 'balanced', 'max_depth': 15, 'max_features': 'log2', 'min_samples_leaf': 4, 'min_samples_split': 5, 'n_estimators': 600}	0.5596301547914452	0.5865530363256697	0.5785675232367414	0.5413786992734361	0.5451923076923078	0.56226434426392	0.01783444846491328	711
0.037597370147705075	0.006574511612357151	0.003271484375	0.0008472964211922779	balanced	15	log2	4	10	25	{'class_weight': 'balanced', 'max_depth': 15, 'max_features': 'log2', 'min_samples_leaf': 4, 'min_samples_split': 10, 'n_estimators': 25}	0.5021385551736187	0.5853758912627709	0.4713672452656818	0.5368773946360154	0.606266050333847	0.5404050273343868	0.05020564786964136	1787
0.07433538436889649	0.0023401085763690706	0.004625654220581055	0.0013570006208099205	balanced	15	log2	4	10	50	{'class_weight': 'balanced', 'max_depth': 15, 'max_features': 'log2', 'min_samples_leaf': 4, 'min_samples_split': 10, 'n_estimators': 50}	0.5186603650586702	0.5775896234912629	0.5548188262228679	0.5227513227513227	0.6005420054200542	0.5548724285888356	0.03144793491066948	1047
0.14296503067016603	0.01141069272486233	0.005782985687255859	0.002502632309192832	balanced	15	log2	4	10	100	{'class_weight': 'balanced', 'max_depth': 15, 'max_features': 'log2', 'min_samples_leaf': 4, 'min_samples_split': 10, 'n_estimators': 100}	0.5553113553113553	0.5775896234912629	0.5872408293460926	0.5413786992734361	0.6005420054200542	0.5724125025684402	0.02141726859902934	350
0.20030136108398439	0.009644135089596393	0.009723329544067382	0.0022119903618727007	balanced	15	log2	4	10	150	{'class_weight': 'balanced', 'max_depth': 15, 'max_features': 'log2', 'min_samples_leaf': 4, 'min_samples_split': 10, 'n_estimators': 150}	0.5364527945173106	0.6193083890525493	0.6004784337897533	0.5551546078610048	0.5852278545826933	0.5793244159606623	0.030010720454019913	184
0.29444684982299807	0.009672072927934226	0.009300804138183594	0.0011528706328696574	balanced	15	log2	4	10	200	{'class_weight': 'balanced', 'max_depth': 15, 'max_features': 'log2', 'min_samples_leaf': 4, 'min_samples_split': 10, 'n_estimators': 200}	0.5415813000558763	0.6245241097700115	0.5785675232367414	0.5693121693121693	0.5695353535353536	0.5767040911820305	0.026943898461974057	258
0.42798829078674316	0.01373432231967144	0.013674592971801758	0.0023976684842034568	balanced	15	log2	4	10	300	{'class_weight': 'balanced', 'max_depth': 15, 'max_features': 'log2', 'min_samples_leaf': 4, 'min_samples_split': 10, 'n_estimators': 300}	0.5596301547914452	0.6009204470742932	0.5968041620215533	0.5785675232367414	0.5852278545826933	0.5842300283413453	0.014662143876169955	96
0.6077037334442139	0.010171878502595946	0.01975421905517578	0.003407644025066202	balanced	15	log2	4	10	400	{'class_weight': 'balanced', 'max_depth': 15, 'max_features': 'log2', 'min_samples_leaf': 4, 'min_samples_split': 10, 'n_estimators': 400}	0.5506202480992397	0.6103441050474949	0.5925925925925926	0.5693121693121693	0.5914703850260662	0.5828679000155126	0.020722852728568556	126
0.7365732669830323	0.04154478694692105	0.02189779281616211	0.003560163061412405	balanced	15	log2	4	10	500	{'class_weight': 'balanced', 'max_depth': 15, 'max_features': 'log2', 'min_samples_leaf': 4, 'min_samples_split': 10, 'n_estimators': 500}	0.5553113553113553	0.6103441050474949	0.606345785440613	0.5693121693121693	0.5824033867177165	0.5847433603658698	0.021127720903601852	86
0.8976036071777344	0.060146436876655926	0.03173646926879883	0.004711444321960555	balanced	15	log2	4	10	600	{'class_weight': 'balanced', 'max_depth': 15, 'max_features': 'log2', 'min_samples_leaf': 4, 'min_samples_split': 10, 'n_estimators': 600}	0.5781159011928243	0.5967104790634203	0.5785675232367414	0.546031746031746	0.5914703850260662	0.5781792069101597	0.017627691292052074	208
1.4411571025848389	0.05679757986653552	0.0033077716827392576	0.0009455016954962899	balanced	15		1	2	25	{'class_weight': 'balanced', 'max_depth': 15, 'max_features': None, 'min_samples_leaf': 1, 'min_samples_split': 2, 'n_estimators': 25}	0.4584397861708786	0.5955151633683335	0.6198439241917503	0.5091592186559826	0.5785675232367414	0.5523051231247373	0.059649947931166035	1172
2.881551647186279	0.03834251213736185	0.00464630126953125	0.001685103002828666	balanced	15		1	2	50	{'class_weight': 'balanced', 'max_depth': 15, 'max_features': None, 'min_samples_leaf': 1, 'min_samples_split': 2, 'n_estimators': 50}	0.49866378033293085	0.5332404863654864	0.5608294930875576	0.546031746031746	0.5763324299909666	0.5430195871617375	0.026454034699180767	1656
5.928062391281128	0.10144435488835032	0.006491422653198242	0.001116046786294021	balanced	15		1	2	100	{'class_weight': 'balanced', 'max_depth': 15, 'max_features': None, 'min_samples_leaf': 1, 'min_samples_split': 2, 'n_estimators': 100}	0.49267399267399264	0.5578160800432915	0.5878067073824066	0.5776486300063106	0.48444444444444446	0.5400779709100891	0.0432352949461472	1797
8.808006477355956	0.07134838490454254	0.009482192993164062	0.0021836141698817002	balanced	15		1	2	150	{'class_weight': 'balanced', 'max_depth': 15, 'max_features': None, 'min_samples_leaf': 1, 'min_samples_split': 2, 'n_estimators': 150}	0.47654903494725526	0.5414301947869302	0.5496296296296296	0.5600335249042145	0.5102222222222222	0.5275729212980503	0.03045224764842584	2154
11.699620866775513	0.15268925389943433	0.010572099685668945	0.002077073420169023	balanced	15		1	2	200	{'class_weight': 'balanced', 'max_depth': 15, 'max_features': None, 'min_samples_leaf': 1, 'min_samples_split': 2, 'n_estimators': 200}	0.48463003663003656	0.5245984784446323	0.5642528049471155	0.5551546078610048	0.5179899949801804	0.5293251845725939	0.02840979512760258	2116
17.626164531707765	0.2624243461258078	0.014199542999267577	0.0012574110095932656	balanced	15		1	2	300	{'class_weight': 'balanced', 'max_depth': 15, 'max_features': None, 'min_samples_leaf': 1, 'min_samples_split': 2, 'n_estimators': 300}	0.5086007326007326	0.5166426377483858	0.5852278545826933	0.5368773946360154	0.5521043771043772	0.5398905993344408	0.02732488229263986	1803
24.016091775894164	0.7679575706333941	0.019182491302490234	0.0013196445515034805	balanced	15		1	2	400	{'class_weight': 'balanced', 'max_depth': 15, 'max_features': None, 'min_samples_leaf': 1, 'min_samples_split': 2, 'n_estimators': 400}	0.5071878940731399	0.5086741961741962	0.5434080773820741	0.5406989025118244	0.5440445898461165	0.5288027319974702	0.017085130320090583	2130
30.459493684768677	0.46717532066453676	0.023542118072509766	0.004493119406688902	balanced	15		1	2	500	{'class_weight': 'balanced', 'max_depth': 15, 'max_features': None, 'min_samples_leaf': 1, 'min_samples_split': 2, 'n_estimators': 500}	0.49205087320010843	0.5166426377483858	0.5763324299909666	0.546031746031746	0.5257575757575758	0.5313630525457566	0.028393572875316554	2071
36.52058639526367	0.7691248692810561	0.026044511795043947	0.003654959967301437	balanced	15		1	2	600	{'class_weight': 'balanced', 'max_depth': 15, 'max_features': None, 'min_samples_leaf': 1, 'min_samples_split': 2, 'n_estimators': 600}	0.5156764139814987	0.5332404863654864	0.558540723101586	0.5551546078610048	0.5617777777777778	0.5448780018174708	0.017697714599389135	1575
1.5315840721130372	0.06572932310172057	0.002416706085205078	0.0008042694557848582	balanced	15		1	5	25	{'class_weight': 'balanced', 'max_depth': 15, 'max_features': None, 'min_samples_leaf': 1, 'min_samples_split': 5, 'n_estimators': 25}	0.46842533241871814	0.5250434604765313	0.6004784337897533	0.5184476342371079	0.5763324299909666	0.5377454581826154	0.04639699820579764	1880
2.9557089805603027	0.10123234000067122	0.004360008239746094	0.0017093647207376895	balanced	15		1	5	50	{'class_weight': 'balanced', 'max_depth': 15, 'max_features': None, 'min_samples_leaf': 1, 'min_samples_split': 5, 'n_estimators': 50}	0.4957394300614639	0.49267399267399264	0.5914703850260662	0.5083287771095316	0.5179899949801804	0.5212405159702469	0.036265314090668674	2260
5.829890251159668	0.08282602384158537	0.005391836166381836	0.0008329525865248602	balanced	15		1	5	100	{'class_weight': 'balanced', 'max_depth': 15, 'max_features': None, 'min_samples_leaf': 1, 'min_samples_split': 5, 'n_estimators': 100}	0.48463003663003656	0.5565421245421245	0.606266050333847	0.5507246376811594	0.5257575757575758	0.5447840849889487	0.03983488749975857	1582
9.051927137374879	0.31160542032228294	0.009268426895141601	0.0036520530060899924	balanced	15		1	5	150	{'class_weight': 'balanced', 'max_depth': 15, 'max_features': None, 'min_samples_leaf': 1, 'min_samples_split': 5, 'n_estimators': 150}	0.49009807396904165	0.47654903494725526	0.5878067073824066	0.5551546078610048	0.4994107744107744	0.5218038397140965	0.04248141849343862	2253
12.143599891662598	0.22287848182528394	0.011251401901245118	0.002920352461175583	balanced	15		1	5	200	{'class_weight': 'balanced', 'max_depth': 15, 'max_features': None, 'min_samples_leaf': 1, 'min_samples_split': 5, 'n_estimators': 200}	0.46842533241871814	0.48463003663003656	0.5693121693121693	0.5551546078610048	0.533532412591763	0.5222109117627384	0.0393375207085703	2244
18.125397634506225	0.2521809832560571	0.01372079849243164	0.0024545793998397474	balanced	15		1	5	300	{'class_weight': 'balanced', 'max_depth': 15, 'max_features': None, 'min_samples_leaf': 1, 'min_samples_split': 5, 'n_estimators': 300}	0.5275751326171494	0.5332404863654864	0.5733333333333334	0.546031746031746	0.533532412591763	0.5427426221878956	0.01644251337183398	1672
24.107134056091308	0.5159131740127761	0.019535160064697264	0.004254379484465044	balanced	15		1	5	400	{'class_weight': 'balanced', 'max_depth': 15, 'max_features': None, 'min_samples_leaf': 1, 'min_samples_split': 5, 'n_estimators': 400}	0.5415813000558763	0.5332404863654864	0.5608294930875576	0.5406989025118244	0.5257575757575758	0.5404215515556641	0.011700477778093623	1786
30.25162081718445	0.27632981837872855	0.026185131072998045	0.006015438154241107	balanced	15		1	5	500	{'class_weight': 'balanced', 'max_depth': 15, 'max_features': None, 'min_samples_leaf': 1, 'min_samples_split': 5, 'n_estimators': 500}	0.5071878940731399	0.5332404863654864	0.5521228545618789	0.5496296296296296	0.533532412591763	0.5351426554443796	0.01603670412326722	1972
36.45114941596985	0.8084306762372886	0.02604084014892578	0.004762226026898584	balanced	15		1	5	600	{'class_weight': 'balanced', 'max_depth': 15, 'max_features': None, 'min_samples_leaf': 1, 'min_samples_split': 5, 'n_estimators': 600}	0.5071878940731399	0.5409907552764696	0.5763324299909666	0.5259259259259259	0.5440445898461165	0.5388963190225237	0.022829844808878768	1835
1.5657015323638916	0.06670192547246545	0.0026355266571044924	0.0012713312485141419	balanced	15		1	10	25	{'class_weight': 'balanced', 'max_depth': 15, 'max_features': None, 'min_samples_leaf': 1, 'min_samples_split': 10, 'n_estimators': 25}	0.47654903494725526	0.5245984784446323	0.6331029594187488	0.49981325863678805	0.5317416924852683	0.5331610847865385	0.053629680034084255	2028
2.9995633602142333	0.05511921646844579	0.003700590133666992	0.0013826507800403698	balanced	15		1	10	50	{'class_weight': 'balanced', 'max_depth': 15, 'max_features': None, 'min_samples_leaf': 1, 'min_samples_split': 10, 'n_estimators': 50}	0.5241354863156865	0.5414301947869302	0.6349145122529887	0.5319890224394253	0.536431131592422	0.5537800694774905	0.04096328574944979	1111
5.941150569915772	0.08372350291713303	0.005112648010253906	0.0012966048738098195	balanced	15		1	10	100	{'class_weight': 'balanced', 'max_depth': 15, 'max_features': None, 'min_samples_leaf': 1, 'min_samples_split': 10, 'n_estimators': 100}	0.5241354863156865	0.5578067765567766	0.6253933539882145	0.5368773946360154	0.5118803545783192	0.5512186732150025	0.04007982278033281	1249
9.081889486312866	0.20904269578778617	0.016911411285400392	0.011155520305118042	balanced	15		1	10	150	{'class_weight': 'balanced', 'max_depth': 15, 'max_features': None, 'min_samples_leaf': 1, 'min_samples_split': 10, 'n_estimators': 150}	0.5364527945173106	0.5006867148599432	0.5733333333333334	0.5083287771095316	0.5024471804225566	0.5242497600485351	0.027720600611462514	2197
11.938303565979004	0.1986533209711577	0.014321327209472656	0.003012030106198873	balanced	15		1	10	200	{'class_weight': 'balanced', 'max_depth': 15, 'max_features': None, 'min_samples_leaf': 1, 'min_samples_split': 10, 'n_estimators': 200}	0.5364527945173106	0.5250434604765313	0.5878067073824066	0.5083287771095316	0.5179899949801804	0.5351243468931921	0.02789411667811382	1976
17.875836277008055	0.23860651443287187	0.01704263687133789	0.0062783401153059795	balanced	15		1	10	300	{'class_weight': 'balanced', 'max_depth': 15, 'max_features': None, 'min_samples_leaf': 1, 'min_samples_split': 10, 'n_estimators': 300}	0.5736653635813299	0.5409907552764696	0.5733333333333334	0.5413786992734361	0.5257575757575758	0.5510251454444289	0.019195977244338493	1267
23.713757228851318	0.38111446483703254	0.017116546630859375	0.0020985497856005086	balanced	15		1	10	400	{'class_weight': 'balanced', 'max_depth': 15, 'max_features': None, 'min_samples_leaf': 1, 'min_samples_split': 10, 'n_estimators': 400}	0.5506202480992397	0.5494002060931195	0.558540723101586	0.5496296296296296	0.5704594017094017	0.5557300417265953	0.008102417085149437	1007
29.1584641456604	0.2683236331515254	0.023948001861572265	0.003956761243949192	balanced	15		1	10	500	{'class_weight': 'balanced', 'max_depth': 15, 'max_features': None, 'min_samples_leaf': 1, 'min_samples_split': 10, 'n_estimators': 500}	0.5364527945173106	0.5805128205128205	0.5674392312040701	0.5317416924852683	0.536	0.550429307743894	0.01973387972312841	1321
34.587505388259885	0.49822596303235034	0.026781272888183594	0.004112566813486468	balanced	15		1	10	600	{'class_weight': 'balanced', 'max_depth': 15, 'max_features': None, 'min_samples_leaf': 1, 'min_samples_split': 10, 'n_estimators': 600}	0.5306551372125142	0.539301954762889	0.5824033867177165	0.5317416924852683	0.5440445898461165	0.5456293522049009	0.019036655439437243	1538
1.4257875442504884	0.03568579589544306	0.0028681278228759764	0.0016335830674290615	balanced	15		2	2	25	{'class_weight': 'balanced', 'max_depth': 15, 'max_features': None, 'min_samples_leaf': 2, 'min_samples_split': 2, 'n_estimators': 25}	0.42870988921659564	0.5823730667480668	0.5968041620215533	0.5065843621399178	0.5914703850260662	0.54118837303044	0.06506369587230607	1748
2.8291149616241453	0.04966304417666687	0.0033211708068847656	0.0012871789271510505	balanced	15		2	2	50	{'class_weight': 'balanced', 'max_depth': 15, 'max_features': None, 'min_samples_leaf': 2, 'min_samples_split': 2, 'n_estimators': 50}	0.5506202480992397	0.47654903494725526	0.6113606098176976	0.5319890224394253	0.5286302175191064	0.5398298265645448	0.04341532952659903	1806
5.694735813140869	0.14807750090870117	0.006410121917724609	0.002475101578387439	balanced	15		2	2	100	{'class_weight': 'balanced', 'max_depth': 15, 'max_features': None, 'min_samples_leaf': 2, 'min_samples_split': 2, 'n_estimators': 100}	0.5071878940731399	0.5805128205128205	0.601980438612478	0.5507246376811594	0.4739156268568033	0.5428642835472803	0.04690552060851676	1662
8.53176736831665	0.11164220731927306	0.009049129486083985	0.0023563755294801598	balanced	15		2	2	150	{'class_weight': 'balanced', 'max_depth': 15, 'max_features': None, 'min_samples_leaf': 2, 'min_samples_split': 2, 'n_estimators': 150}	0.5003422606314708	0.5494002060931195	0.5642528049471155	0.5227513227513227	0.5024471804225566	0.527838754969117	0.025367500609075822	2150
11.382045030593872	0.21004935290411178	0.009492826461791993	0.001874227981674279	balanced	15		2	2	200	{'class_weight': 'balanced', 'max_depth': 15, 'max_features': None, 'min_samples_leaf': 2, 'min_samples_split': 2, 'n_estimators': 200}	0.4685156113727542	0.5565421245421245	0.5968041620215533	0.5496296296296296	0.5102222222222222	0.5363427499576567	0.04364158785281442	1934
16.88616509437561	0.27519813290482337	0.015005350112915039	0.0030578083727764087	balanced	15		2	2	300	{'class_weight': 'balanced', 'max_depth': 15, 'max_features': None, 'min_samples_leaf': 2, 'min_samples_split': 2, 'n_estimators': 300}	0.5071878940731399	0.5717219376841179	0.5551546078610048	0.5227513227513227	0.5521043771043772	0.5417840278947924	0.023412376212073798	1720
22.498017358779908	0.36365875827134125	0.019453811645507812	0.0031299216413783696	balanced	15		2	2	400	{'class_weight': 'balanced', 'max_depth': 15, 'max_features': None, 'min_samples_leaf': 2, 'min_samples_split': 2, 'n_estimators': 400}	0.4837206509337657	0.5086741961741962	0.5317416924852683	0.5406989025118244	0.5617777777777778	0.5253226439765665	0.026886825510371703	2181
28.379970407485963	0.4076100998722788	0.021516990661621094	0.0030932796386969412	balanced	15		2	2	500	{'class_weight': 'balanced', 'max_depth': 15, 'max_features': None, 'min_samples_leaf': 2, 'min_samples_split': 2, 'n_estimators': 500}	0.49866378033293085	0.5168323739752311	0.5496296296296296	0.5551546078610048	0.5440445898461165	0.5328649963289825	0.021585324543812442	2034
34.03508806228638	0.5881396156530329	0.030229568481445312	0.003453707540213574	balanced	15		2	2	600	{'class_weight': 'balanced', 'max_depth': 15, 'max_features': None, 'min_samples_leaf': 2, 'min_samples_split': 2, 'n_estimators': 600}	0.5306551372125142	0.539301954762889	0.5642528049471155	0.546031746031746	0.5440445898461165	0.5448572465600762	0.011052499463567046	1576
1.4120226860046388	0.07180174995360637	0.0022011756896972655	0.0008071162237702646	balanced	15		2	5	25	{'class_weight': 'balanced', 'max_depth': 15, 'max_features': None, 'min_samples_leaf': 2, 'min_samples_split': 5, 'n_estimators': 25}	0.4728184950642578	0.5494002060931195	0.5831896551724138	0.5034920634920635	0.5674392312040701	0.535267930205185	0.04108732945412543	1967
2.819417142868042	0.06034020378483084	0.0038320064544677735	0.00154475588049128	balanced	15		2	5	50	{'class_weight': 'balanced', 'max_depth': 15, 'max_features': None, 'min_samples_leaf': 2, 'min_samples_split': 5, 'n_estimators': 50}	0.5097022635484174	0.47654903494725526	0.601980438612478	0.5091592186559826	0.5199252136752136	0.5234632338878693	0.04188646617576638	2218
5.5944939136505125	0.15805801325739013	0.005922508239746094	0.0014559076352157838	balanced	15		2	5	100	{'class_weight': 'balanced', 'max_depth': 15, 'max_features': None, 'min_samples_leaf': 2, 'min_samples_split': 5, 'n_estimators': 100}	0.5156764139814987	0.5737569517097076	0.5878067073824066	0.5276848755109624	0.5068771218827209	0.5423604140934593	0.032365350202856226	1699
8.441389083862305	0.10530627446850187	0.007667970657348633	0.0013578408871962955	balanced	15		2	5	150	{'class_weight': 'balanced', 'max_depth': 15, 'max_features': None, 'min_samples_leaf': 2, 'min_samples_split': 5, 'n_estimators': 150}	0.49866378033293085	0.565149136577708	0.558540723101586	0.5507246376811594	0.5102222222222222	0.5366600999831213	0.026947652151010186	1923
11.250621128082276	0.1763982161824185	0.010758113861083985	0.002854061954446037	balanced	15		2	5	200	{'class_weight': 'balanced', 'max_depth': 15, 'max_features': None, 'min_samples_leaf': 2, 'min_samples_split': 5, 'n_estimators': 200}	0.48463003663003656	0.539301954762889	0.5831896551724138	0.5600335249042145	0.5257575757575758	0.538582549445426	0.03324397498095504	1847
16.840511655807497	0.2726145579951689	0.01567525863647461	0.0020950611920154774	balanced	15		2	5	300	{'class_weight': 'balanced', 'max_depth': 15, 'max_features': None, 'min_samples_leaf': 2, 'min_samples_split': 5, 'n_estimators': 300}	0.5275751326171494	0.5805128205128205	0.5496296296296296	0.5368773946360154	0.5521043771043772	0.5493398708999985	0.01793597719328526	1355
22.4791277885437	0.40727688532322265	0.017920780181884765	0.0026139728664474424	balanced	15		2	5	400	{'class_weight': 'balanced', 'max_depth': 15, 'max_features': None, 'min_samples_leaf': 2, 'min_samples_split': 5, 'n_estimators': 400}	0.5275751326171494	0.5494002060931195	0.5496296296296296	0.5227513227513227	0.5257575757575758	0.5350227733697595	0.011932900413266957	1985
28.031913614273073	0.4846550771311085	0.02192378044128418	0.0030900977620451687	balanced	15		2	5	500	{'class_weight': 'balanced', 'max_depth': 15, 'max_features': None, 'min_samples_leaf': 2, 'min_samples_split': 5, 'n_estimators': 500}	0.5275751326171494	0.5332404863654864	0.558540723101586	0.5227513227513227	0.5257575757575758	0.533573048118624	0.012943428679363945	2016
33.870424556732175	0.5747175568990066	0.030059432983398436	0.0016756382023382407	balanced	15		2	5	600	{'class_weight': 'balanced', 'max_depth': 15, 'max_features': None, 'min_samples_leaf': 2, 'min_samples_split': 5, 'n_estimators': 600}	0.545299707743821	0.5629274955442795	0.5785675232367414	0.5137212643678162	0.536	0.5473031981785316	0.02227599259728343	1449
1.36580548286438	0.035817742193768556	0.0025367259979248045	0.000799364916764391	balanced	15		2	10	25	{'class_weight': 'balanced', 'max_depth': 15, 'max_features': None, 'min_samples_leaf': 2, 'min_samples_split': 10, 'n_estimators': 25}	0.4669207136949073	0.5479287119999022	0.5968041620215533	0.5034920634920635	0.5733333333333334	0.5376957969083519	0.04700543194897971	1884
2.8078943729400634	0.08390715602953588	0.004256677627563476	0.0013602785387581513	balanced	15		2	10	50	{'class_weight': 'balanced', 'max_depth': 15, 'max_features': None, 'min_samples_leaf': 2, 'min_samples_split': 10, 'n_estimators': 50}	0.5506202480992397	0.5219817440383759	0.5925925925925926	0.49981325863678805	0.5193769235600779	0.5368769533854149	0.03223335656010595	1913
5.591588926315308	0.1472495488762872	0.0046940803527832035	0.0011469719583153022	balanced	15		2	10	100	{'class_weight': 'balanced', 'max_depth': 15, 'max_features': None, 'min_samples_leaf': 2, 'min_samples_split': 10, 'n_estimators': 100}	0.5306551372125142	0.565149136577708	0.606266050333847	0.5368773946360154	0.46939102564102564	0.5416677488802221	0.04492764394138015	1728
8.399712181091308	0.12508290358315963	0.006941556930541992	0.0016859008130521989	balanced	15		2	10	150	{'class_weight': 'balanced', 'max_depth': 15, 'max_features': None, 'min_samples_leaf': 2, 'min_samples_split': 10, 'n_estimators': 150}	0.49866378033293085	0.5325714285714286	0.5496296296296296	0.5413786992734361	0.4876344086021505	0.5219755892819151	0.024397768595096795	2249
11.167913913726807	0.1679106069842567	0.008594655990600586	0.0019971064592384626	balanced	15		2	10	200	{'class_weight': 'balanced', 'max_depth': 15, 'max_features': None, 'min_samples_leaf': 2, 'min_samples_split': 10, 'n_estimators': 200}	0.49866378033293085	0.5071878940731399	0.5831896551724138	0.5171450000765334	0.5279627096316563	0.5268298078573348	0.02983501714821555	2166
16.670335674285887	0.3227819371163235	0.014085054397583008	0.0045506268261428446	balanced	15		2	10	300	{'class_weight': 'balanced', 'max_depth': 15, 'max_features': None, 'min_samples_leaf': 2, 'min_samples_split': 10, 'n_estimators': 300}	0.5645022350530825	0.5494002060931195	0.5642528049471155	0.49947089947089945	0.5440445898461165	0.5443341470820667	0.02384099195532252	1599
22.30501890182495	0.36032929519408563	0.01960616111755371	0.0035593658161153846	balanced	15		2	10	400	{'class_weight': 'balanced', 'max_depth': 15, 'max_features': None, 'min_samples_leaf': 2, 'min_samples_split': 10, 'n_estimators': 400}	0.5645022350530825	0.5409907552764696	0.558540723101586	0.5368773946360154	0.536	0.5473822216134308	0.011818326584201426	1435
28.12349100112915	0.5231811095479515	0.024329090118408205	0.001661984607263212	balanced	15		2	10	500	{'class_weight': 'balanced', 'max_depth': 15, 'max_features': None, 'min_samples_leaf': 2, 'min_samples_split': 10, 'n_estimators': 500}	0.5553113553113553	0.5479287119999022	0.5642528049471155	0.5227513227513227	0.536	0.5452488390019391	0.014568911666548327	1552
34.28030114173889	0.9235685977775118	0.032818841934204104	0.005443001844062681	balanced	15		2	10	600	{'class_weight': 'balanced', 'max_depth': 15, 'max_features': None, 'min_samples_leaf': 2, 'min_samples_split': 10, 'n_estimators': 600}	0.5874231700502887	0.5541223803518884	0.5785675232367414	0.5368773946360154	0.5440445898461165	0.56020701162421	0.01959768001788109	820
1.3039326190948486	0.0577125303558788	0.0037706375122070314	0.0010419500472847564	balanced	15		4	2	25	{'class_weight': 'balanced', 'max_depth': 15, 'max_features': None, 'min_samples_leaf': 4, 'min_samples_split': 2, 'n_estimators': 25}	0.4957394300614639	0.5596301547914452	0.5862046401798034	0.48632941487254	0.5120327700972862	0.5279872820005076	0.038523708259314296	2143
2.6444778442382812	0.08912184246584819	0.004509401321411133	0.0017926665686703173	balanced	15		4	2	50	{'class_weight': 'balanced', 'max_depth': 15, 'max_features': None, 'min_samples_leaf': 4, 'min_samples_split': 2, 'n_estimators': 50}	0.5132754342431762	0.5325714285714286	0.5809983896940418	0.5130521826173999	0.4713146159160857	0.5222424102084264	0.035545635226498645	2238
5.229510164260864	0.10597268581129811	0.005409860610961914	0.001338588032933321	balanced	15		4	2	100	{'class_weight': 'balanced', 'max_depth': 15, 'max_features': None, 'min_samples_leaf': 4, 'min_samples_split': 2, 'n_estimators': 100}	0.5132754342431762	0.6010568666306372	0.5872408293460926	0.5738683127572016	0.5521228545618789	0.5655128595077973	0.03070288437711979	590
7.900707101821899	0.09193613678146718	0.011690187454223632	0.0037713082657541475	balanced	15		4	2	150	{'class_weight': 'balanced', 'max_depth': 15, 'max_features': None, 'min_samples_leaf': 4, 'min_samples_split': 2, 'n_estimators': 150}	0.5325068094298864	0.5541223803518884	0.606345785440613	0.5548188262228679	0.5120327700972862	0.5519653143085084	0.031442877107552135	1193
10.705930948257446	0.17494092802610992	0.009492874145507812	0.002374698200827825	balanced	15		4	2	200	{'class_weight': 'balanced', 'max_depth': 15, 'max_features': None, 'min_samples_leaf': 4, 'min_samples_split': 2, 'n_estimators': 200}	0.5368199613494875	0.5629274955442795	0.5831896551724138	0.5413786992734361	0.5346780594854555	0.5517987741650145	0.01862953308703993	1204
16.049565982818603	0.2899680775892882	0.014730310440063477	0.002913371857690689	balanced	15		4	2	300	{'class_weight': 'balanced', 'max_depth': 15, 'max_features': None, 'min_samples_leaf': 4, 'min_samples_split': 2, 'n_estimators': 300}	0.5629637772769747	0.5775896234912629	0.5733333333333334	0.5643097643097642	0.5695353535353536	0.5695463703893376	0.005473348252896979	453
21.05372281074524	0.3046089819107803	0.016732501983642577	0.0023464533267147205	balanced	15		4	2	400	{'class_weight': 'balanced', 'max_depth': 15, 'max_features': None, 'min_samples_leaf': 4, 'min_samples_split': 2, 'n_estimators': 400}	0.5659905378215238	0.539301954762889	0.5259259259259259	0.5319890224394253	0.6030570252792475	0.5532528932458023	0.028412121307879037	1133
26.311064577102663	0.4717549778871529	0.020596408843994142	0.002725036593815283	balanced	15		4	2	500	{'class_weight': 'balanced', 'max_depth': 15, 'max_features': None, 'min_samples_leaf': 4, 'min_samples_split': 2, 'n_estimators': 500}	0.5629637772769747	0.539301954762889	0.5406989025118244	0.5548188262228679	0.5782480893592005	0.5552063100267512	0.014523535559946439	1026
31.315705251693725	0.40414240642602983	0.026871299743652342	0.004302660545329861	balanced	15		4	2	600	{'class_weight': 'balanced', 'max_depth': 15, 'max_features': None, 'min_samples_leaf': 4, 'min_samples_split': 2, 'n_estimators': 600}	0.5781159011928243	0.539301954762889	0.606345785440613	0.5548188262228679	0.5619439079549019	0.5681052751148192	0.022832751464440002	500
1.3211533546447753	0.04374109043986577	0.003334188461303711	0.0008190361158276064	balanced	15		4	5	25	{'class_weight': 'balanced', 'max_depth': 15, 'max_features': None, 'min_samples_leaf': 4, 'min_samples_split': 5, 'n_estimators': 25}	0.4957394300614639	0.5596301547914452	0.5862046401798034	0.48632941487254	0.5120327700972862	0.5279872820005076	0.038523708259314296	2143
2.552982807159424	0.04623095182413555	0.0030649662017822265	0.0005946259662176877	balanced	15		4	5	50	{'class_weight': 'balanced', 'max_depth': 15, 'max_features': None, 'min_samples_leaf': 4, 'min_samples_split': 5, 'n_estimators': 50}	0.5132754342431762	0.5325714285714286	0.5809983896940418	0.5130521826173999	0.4713146159160857	0.5222424102084264	0.035545635226498645	2238
5.232149744033814	0.13817257402544236	0.005850791931152344	0.00147464984608478	balanced	15		4	5	100	{'class_weight': 'balanced', 'max_depth': 15, 'max_features': None, 'min_samples_leaf': 4, 'min_samples_split': 5, 'n_estimators': 100}	0.5132754342431762	0.6010568666306372	0.5872408293460926	0.5738683127572016	0.5521228545618789	0.5655128595077973	0.03070288437711979	590
7.766462707519532	0.09339709682180886	0.007060575485229492	0.0018685395505929762	balanced	15		4	5	150	{'class_weight': 'balanced', 'max_depth': 15, 'max_features': None, 'min_samples_leaf': 4, 'min_samples_split': 5, 'n_estimators': 150}	0.5325068094298864	0.5541223803518884	0.606345785440613	0.5548188262228679	0.5120327700972862	0.5519653143085084	0.031442877107552135	1193
10.232609701156616	0.1549979852742914	0.0085723876953125	0.001334206723828036	balanced	15		4	5	200	{'class_weight': 'balanced', 'max_depth': 15, 'max_features': None, 'min_samples_leaf': 4, 'min_samples_split': 5, 'n_estimators': 200}	0.5368199613494875	0.5629274955442795	0.5831896551724138	0.5413786992734361	0.5346780594854555	0.5517987741650145	0.01862953308703993	1204
15.481206846237182	0.1326651632009103	0.015893840789794923	0.002875001967934542	balanced	15		4	5	300	{'class_weight': 'balanced', 'max_depth': 15, 'max_features': None, 'min_samples_leaf': 4, 'min_samples_split': 5, 'n_estimators': 300}	0.5629637772769747	0.5775896234912629	0.5733333333333334	0.5643097643097642	0.5695353535353536	0.5695463703893376	0.005473348252896979	453
20.58042106628418	0.24720351307633012	0.020914554595947266	0.00483810618811592	balanced	15		4	5	400	{'class_weight': 'balanced', 'max_depth': 15, 'max_features': None, 'min_samples_leaf': 4, 'min_samples_split': 5, 'n_estimators': 400}	0.5659905378215238	0.539301954762889	0.5259259259259259	0.5319890224394253	0.6030570252792475	0.5532528932458023	0.028412121307879037	1133
26.040031576156615	0.48392147133760105	0.026443862915039064	0.005903168016076959	balanced	15		4	5	500	{'class_weight': 'balanced', 'max_depth': 15, 'max_features': None, 'min_samples_leaf': 4, 'min_samples_split': 5, 'n_estimators': 500}	0.5629637772769747	0.539301954762889	0.5406989025118244	0.5548188262228679	0.5782480893592005	0.5552063100267512	0.014523535559946439	1026
31.457978868484496	0.5055166285642396	0.024207067489624024	0.0029812166091292905	balanced	15		4	5	600	{'class_weight': 'balanced', 'max_depth': 15, 'max_features': None, 'min_samples_leaf': 4, 'min_samples_split': 5, 'n_estimators': 600}	0.5781159011928243	0.539301954762889	0.606345785440613	0.5548188262228679	0.5619439079549019	0.5681052751148192	0.022832751464440002	500
1.3118505954742432	0.04783801983296259	0.005566453933715821	0.006777483069956444	balanced	15		4	10	25	{'class_weight': 'balanced', 'max_depth': 15, 'max_features': None, 'min_samples_leaf': 4, 'min_samples_split': 10, 'n_estimators': 25}	0.49009807396904165	0.5645022350530825	0.618724279835391	0.5225490196078432	0.5551546078610048	0.5502056432652725	0.04313118839905746	1324
2.5858444213867187	0.07742240652261523	0.004210662841796875	0.0022265490318502607	balanced	15		4	10	50	{'class_weight': 'balanced', 'max_depth': 15, 'max_features': None, 'min_samples_leaf': 4, 'min_samples_split': 10, 'n_estimators': 50}	0.49009807396904165	0.5565421245421245	0.5583496540018279	0.5225490196078432	0.5037037037037037	0.5262485151649081	0.027484523185168665	2175
5.287647438049317	0.0888062642234156	0.00781702995300293	0.0018671758412506603	balanced	15		4	10	100	{'class_weight': 'balanced', 'max_depth': 15, 'max_features': None, 'min_samples_leaf': 4, 'min_samples_split': 10, 'n_estimators': 100}	0.5045300171350592	0.605984875339714	0.5809983896940418	0.5680205415499533	0.5496296296296296	0.5618326906696796	0.03402216930681593	738
7.647802782058716	0.09579471058117606	0.006348323822021484	0.0009188732137959457	balanced	15		4	10	150	{'class_weight': 'balanced', 'max_depth': 15, 'max_features': None, 'min_samples_leaf': 4, 'min_samples_split': 10, 'n_estimators': 150}	0.5186603650586702	0.591935635154711	0.5776486300063106	0.5413786992734361	0.5279132791327914	0.5515073217251839	0.028481597308713216	1228
10.25862717628479	0.15720772756151638	0.008753776550292969	0.0015320341194238218	balanced	15		4	10	200	{'class_weight': 'balanced', 'max_depth': 15, 'max_features': None, 'min_samples_leaf': 4, 'min_samples_split': 10, 'n_estimators': 200}	0.5325068094298864	0.5828075150655795	0.5831896551724138	0.546031746031746	0.558540723101586	0.5606152897602423	0.020045782991688167	802
15.520710897445678	0.15787749718399485	0.014038991928100587	0.0023570930143493717	balanced	15		4	10	300	{'class_weight': 'balanced', 'max_depth': 15, 'max_features': None, 'min_samples_leaf': 4, 'min_samples_split': 10, 'n_estimators': 300}	0.5725059254471019	0.5828075150655795	0.5785675232367414	0.5319890224394253	0.5763324299909666	0.568440483235963	0.018528292856753042	489
20.881297397613526	0.3828724781953729	0.02059144973754883	0.005178256714828486	balanced	15		4	10	400	{'class_weight': 'balanced', 'max_depth': 15, 'max_features': None, 'min_samples_leaf': 4, 'min_samples_split': 10, 'n_estimators': 400}	0.5757064364207221	0.539301954762889	0.5551546078610048	0.5319890224394253	0.5941333333333334	0.559257070963475	0.02300225483396454	863
27.31606273651123	0.49795963991672676	0.022728443145751953	0.0045985510956587225	balanced	15		4	10	500	{'class_weight': 'balanced', 'max_depth': 15, 'max_features': None, 'min_samples_leaf': 4, 'min_samples_split': 10, 'n_estimators': 500}	0.5500062373127389	0.5306551372125142	0.5551546078610048	0.5413786992734361	0.5941333333333334	0.5542656029986055	0.021595808991523625	1081
32.45588579177856	0.557340545469387	0.025777673721313475	0.0028782235088843267	balanced	15		4	10	600	{'class_weight': 'balanced', 'max_depth': 15, 'max_features': None, 'min_samples_leaf': 4, 'min_samples_split': 10, 'n_estimators': 600}	0.5781159011928243	0.5306551372125142	0.5968041620215533	0.5548188262228679	0.5782480893592005	0.567728423201792	0.022825634235190503	521
0.08582978248596192	0.007544965551095106	0.002378034591674805	0.0007802933068358089	balanced	20	sqrt	1	2	25	{'class_weight': 'balanced', 'max_depth': 20, 'max_features': 'sqrt', 'min_samples_leaf': 1, 'min_samples_split': 2, 'n_estimators': 25}	0.49009807396904165	0.5865530363256697	0.5693121693121693	0.5276848755109624	0.558540723101586	0.5464377756438858	0.03407282380616192	1492
0.17673082351684571	0.016354479730167872	0.0034772396087646485	0.0013669733804885127	balanced	20	sqrt	1	2	50	{'class_weight': 'balanced', 'max_depth': 20, 'max_features': 'sqrt', 'min_samples_leaf': 1, 'min_samples_split': 2, 'n_estimators': 50}	0.5072807749053819	0.5226567202936698	0.5496296296296296	0.5824033867177165	0.6030570252792475	0.5530055073651292	0.03575635983051372	1149
0.3752133846282959	0.04406315908155674	0.006011009216308594	0.0021954587164405527	balanced	20	sqrt	1	2	100	{'class_weight': 'balanced', 'max_depth': 20, 'max_features': 'sqrt', 'min_samples_leaf': 1, 'min_samples_split': 2, 'n_estimators': 100}	0.5003422606314708	0.5245984784446323	0.5102222222222222	0.5286302175191064	0.5789937680498556	0.5285573893734574	0.02717270107317568	2134
0.5673341274261474	0.03277767751529738	0.012162590026855468	0.007139076560224356	balanced	20	sqrt	1	2	150	{'class_weight': 'balanced', 'max_depth': 20, 'max_features': 'sqrt', 'min_samples_leaf': 1, 'min_samples_split': 2, 'n_estimators': 150}	0.49866378033293085	0.5250434604765313	0.45356654046463674	0.5199252136752136	0.5869756846431933	0.5168349359185012	0.0431966088537408	2310
0.6816781520843506	0.04642377110879921	0.010903406143188476	0.00363112084706982	balanced	20	sqrt	1	2	200	{'class_weight': 'balanced', 'max_depth': 20, 'max_features': 'sqrt', 'min_samples_leaf': 1, 'min_samples_split': 2, 'n_estimators': 200}	0.539301954762889	0.5578067765567766	0.45866666666666667	0.5038212815990594	0.5521043771043772	0.5223402113379538	0.036956067436581995	2232
1.0746046543121337	0.06833099789067237	0.01623668670654297	0.0042718007373769625	balanced	20	sqrt	1	2	300	{'class_weight': 'balanced', 'max_depth': 20, 'max_features': 'sqrt', 'min_samples_leaf': 1, 'min_samples_split': 2, 'n_estimators': 300}	0.5241354863156865	0.5245984784446323	0.5024471804225566	0.5451923076923078	0.5521043771043772	0.529695565995912	0.017559459686503978	2111
1.2674402713775634	0.08032359669719275	0.021126365661621092	0.006197576408222691	balanced	20	sqrt	1	2	400	{'class_weight': 'balanced', 'max_depth': 20, 'max_features': 'sqrt', 'min_samples_leaf': 1, 'min_samples_split': 2, 'n_estimators': 400}	0.5241354863156865	0.5245984784446323	0.5199252136752136	0.5369121312666105	0.5143413367942894	0.5239825292992865	0.007443007446237117	2203
1.60305814743042	0.04533459358980107	0.02335224151611328	0.0026683570597977172	balanced	20	sqrt	1	2	500	{'class_weight': 'balanced', 'max_depth': 20, 'max_features': 'sqrt', 'min_samples_leaf': 1, 'min_samples_split': 2, 'n_estimators': 500}	0.5003422606314708	0.5414301947869302	0.5024471804225566	0.5279627096316563	0.5143413367942894	0.5173047364533806	0.015574879947082298	2306
1.9253255367279052	0.0476678045895543	0.027286577224731445	0.005152826663368287	balanced	20	sqrt	1	2	600	{'class_weight': 'balanced', 'max_depth': 20, 'max_features': 'sqrt', 'min_samples_leaf': 1, 'min_samples_split': 2, 'n_estimators': 600}	0.539301954762889	0.5496196111580728	0.5024471804225566	0.5451923076923078	0.5143413367942894	0.5301804781660231	0.01847403830047738	2101
0.07848620414733887	0.008441241614722565	0.0024320125579833985	0.0014058887415595654	balanced	20	sqrt	1	5	25	{'class_weight': 'balanced', 'max_depth': 20, 'max_features': 'sqrt', 'min_samples_leaf': 1, 'min_samples_split': 5, 'n_estimators': 25}	0.5368199613494875	0.5506202480992397	0.546031746031746	0.5120327700972862	0.5083287771095316	0.5307667005374582	0.01742554153352914	2085
0.1668461799621582	0.013103225603928095	0.005011367797851563	0.001256676936660686	balanced	20	sqrt	1	5	50	{'class_weight': 'balanced', 'max_depth': 20, 'max_features': 'sqrt', 'min_samples_leaf': 1, 'min_samples_split': 5, 'n_estimators': 50}	0.5168323739752311	0.5629274955442795	0.606266050333847	0.5037037037037037	0.5118803545783192	0.5403219956270761	0.03888757012711068	1790
0.31279964447021485	0.013249572067546588	0.006538200378417969	0.00201003245594376	balanced	20	sqrt	1	5	100	{'class_weight': 'balanced', 'max_depth': 20, 'max_features': 'sqrt', 'min_samples_leaf': 1, 'min_samples_split': 5, 'n_estimators': 100}	0.5086007326007326	0.5409907552764696	0.5434080773820741	0.43883768561187914	0.5789937680498556	0.5221662037842021	0.04724958611972105	2245
0.4797731876373291	0.02062501229483455	0.010232019424438476	0.0038341742197689835	balanced	20	sqrt	1	5	150	{'class_weight': 'balanced', 'max_depth': 20, 'max_features': 'sqrt', 'min_samples_leaf': 1, 'min_samples_split': 5, 'n_estimators': 150}	0.49267399267399264	0.5241354863156865	0.5449373737373737	0.49534576973808175	0.5683034104838128	0.5250792065897895	0.028974969779560752	2189
0.6818925857543945	0.02154253722102333	0.011190223693847656	0.0032720514422248216	balanced	20	sqrt	1	5	200	{'class_weight': 'balanced', 'max_depth': 20, 'max_features': 'sqrt', 'min_samples_leaf': 1, 'min_samples_split': 5, 'n_estimators': 200}	0.49267399267399264	0.5578067765567766	0.5369121312666105	0.5037037037037037	0.5413223736390511	0.5264837955680269	0.024380722219467826	2172
0.9399854183197022	0.0300267052523265	0.015130186080932617	0.002533083085566096	balanced	20	sqrt	1	5	300	{'class_weight': 'balanced', 'max_depth': 20, 'max_features': 'sqrt', 'min_samples_leaf': 1, 'min_samples_split': 5, 'n_estimators': 300}	0.5241354863156865	0.5578067765567766	0.5521228545618789	0.4876344086021505	0.5601877033008051	0.5363774458674595	0.02756741454436068	1932
1.2628076553344727	0.02120687861833107	0.021041345596313477	0.0037588218651184594	balanced	20	sqrt	1	5	400	{'class_weight': 'balanced', 'max_depth': 20, 'max_features': 'sqrt', 'min_samples_leaf': 1, 'min_samples_split': 5, 'n_estimators': 400}	0.5156764139814987	0.5737569517097076	0.5286302175191064	0.5279132791327914	0.5087232878779305	0.530940030044207	0.02269073310267017	2081
1.6017136096954345	0.044632373374448905	0.02333207130432129	0.0015064086074680508	balanced	20	sqrt	1	5	500	{'class_weight': 'balanced', 'max_depth': 20, 'max_features': 'sqrt', 'min_samples_leaf': 1, 'min_samples_split': 5, 'n_estimators': 500}	0.5086007326007326	0.5662177518254745	0.5534391534391534	0.5203393939393939	0.5292929292929294	0.5355779922195367	0.02124761341373729	1953
1.8775434017181396	0.04015292173204973	0.027754545211791992	0.0036829757277536622	balanced	20	sqrt	1	5	600	{'class_weight': 'balanced', 'max_depth': 20, 'max_features': 'sqrt', 'min_samples_leaf': 1, 'min_samples_split': 5, 'n_estimators': 600}	0.5086007326007326	0.5662177518254745	0.5534391534391534	0.49574141414141415	0.5292929292929294	0.5306583962599408	0.026423592989222967	2093
0.07721467018127441	0.0034376470028972725	0.0028830051422119142	0.0012463325455334504	balanced	20	sqrt	1	10	25	{'class_weight': 'balanced', 'max_depth': 20, 'max_features': 'sqrt', 'min_samples_leaf': 1, 'min_samples_split': 10, 'n_estimators': 25}	0.5562215562215562	0.5874231700502887	0.5551546078610048	0.6584684146882798	0.6005420054200542	0.5915619508482368	0.037811860324360465	39
0.1660153388977051	0.008752561761654627	0.0027638912200927735	0.0005198630075484872	balanced	20	sqrt	1	10	50	{'class_weight': 'balanced', 'max_depth': 20, 'max_features': 'sqrt', 'min_samples_leaf': 1, 'min_samples_split': 10, 'n_estimators': 50}	0.6152535988601562	0.5967104790634203	0.5785675232367414	0.5674392312040701	0.609626216077829	0.5935194096884434	0.018142335753778892	29
0.32198300361633303	0.03469227147968757	0.005780601501464843	0.002010131552886905	balanced	20	sqrt	1	10	100	{'class_weight': 'balanced', 'max_depth': 20, 'max_features': 'sqrt', 'min_samples_leaf': 1, 'min_samples_split': 10, 'n_estimators': 100}	0.5364527945173106	0.5479287119999022	0.5642528049471155	0.5733333333333334	0.609626216077829	0.5663187721750982	0.0251363399122493	562
0.46483736038208007	0.023560739950982564	0.006968355178833008	0.0010909857302512371	balanced	20	sqrt	1	10	150	{'class_weight': 'balanced', 'max_depth': 20, 'max_features': 'sqrt', 'min_samples_leaf': 1, 'min_samples_split': 10, 'n_estimators': 150}	0.5306551372125142	0.5241354863156865	0.5434080773820741	0.5878067073824066	0.6120074613314845	0.5596025739248331	0.03435076558727171	853
0.619469404220581	0.019836980496156006	0.010693216323852539	0.0027144638504421666	balanced	20	sqrt	1	10	200	{'class_weight': 'balanced', 'max_depth': 20, 'max_features': 'sqrt', 'min_samples_leaf': 1, 'min_samples_split': 10, 'n_estimators': 200}	0.5865530363256697	0.5325714285714286	0.5551546078610048	0.5733333333333334	0.5521043771043772	0.5599433566391628	0.018552469862750033	840
0.9386367797851562	0.05494799042065235	0.013160228729248047	0.0030577373857254295	balanced	20	sqrt	1	10	300	{'class_weight': 'balanced', 'max_depth': 20, 'max_features': 'sqrt', 'min_samples_leaf': 1, 'min_samples_split': 10, 'n_estimators': 300}	0.5306551372125142	0.5494002060931195	0.5406989025118244	0.5434080773820741	0.5087232878779305	0.5345771222154926	0.014275773149721737	1998
1.2293727397918701	0.03581861645583754	0.019042491912841797	0.004519676711855346	balanced	20	sqrt	1	10	400	{'class_weight': 'balanced', 'max_depth': 20, 'max_features': 'sqrt', 'min_samples_leaf': 1, 'min_samples_split': 10, 'n_estimators': 400}	0.545299707743821	0.565149136577708	0.5925925925925926	0.5600335249042145	0.5087232878779305	0.5543596499392534	0.027477714161660723	1075
1.5357800483703614	0.07919433738611514	0.03297266960144043	0.014241320689605456	balanced	20	sqrt	1	10	500	{'class_weight': 'balanced', 'max_depth': 20, 'max_features': 'sqrt', 'min_samples_leaf': 1, 'min_samples_split': 10, 'n_estimators': 500}	0.539301954762889	0.5805128205128205	0.5733333333333334	0.5434080773820741	0.5292929292929294	0.5531698230568093	0.02005952223757219	1141
1.8545376777648925	0.06796139124857903	0.03644537925720215	0.010061713784909332	balanced	20	sqrt	1	10	600	{'class_weight': 'balanced', 'max_depth': 20, 'max_features': 'sqrt', 'min_samples_leaf': 1, 'min_samples_split': 10, 'n_estimators': 600}	0.5306551372125142	0.565149136577708	0.558540723101586	0.5914703850260662	0.5218106995884774	0.5535252163012704	0.02501582598461303	1119
0.07432036399841309	0.006186630510987086	0.0018790721893310546	0.00017107602827004225	balanced	20	sqrt	2	2	25	{'class_weight': 'balanced', 'max_depth': 20, 'max_features': 'sqrt', 'min_samples_leaf': 2, 'min_samples_split': 2, 'n_estimators': 25}	0.5275751326171494	0.5006947075912592	0.5643097643097642	0.5368773946360154	0.546031746031746	0.5350977490371868	0.021053362123675076	1979
0.15572795867919922	0.015296534306169271	0.003850507736206055	0.0015683538853668868	balanced	20	sqrt	2	2	50	{'class_weight': 'balanced', 'max_depth': 20, 'max_features': 'sqrt', 'min_samples_leaf': 2, 'min_samples_split': 2, 'n_estimators': 50}	0.5156764139814987	0.4837206509337657	0.5600335249042145	0.546031746031746	0.5695353535353536	0.5349995378773157	0.03144531777436529	1988
0.30657167434692384	0.01853420927400772	0.005059576034545899	0.0010835827098414311	balanced	20	sqrt	2	2	100	{'class_weight': 'balanced', 'max_depth': 20, 'max_features': 'sqrt', 'min_samples_leaf': 2, 'min_samples_split': 2, 'n_estimators': 100}	0.5132754342431762	0.5241354863156865	0.5733333333333334	0.5434080773820741	0.6370392380197758	0.5582383138588092	0.04436675459233057	906
0.4552742958068848	0.00794857955872838	0.007013559341430664	0.0013217744371891652	balanced	20	sqrt	2	2	150	{'class_weight': 'balanced', 'max_depth': 20, 'max_features': 'sqrt', 'min_samples_leaf': 2, 'min_samples_split': 2, 'n_estimators': 150}	0.5045300171350592	0.5479287119999022	0.5608294930875576	0.5496296296296296	0.5957264957264957	0.5517288695157289	0.029206821576046975	1215
0.6086511135101318	0.04462943261426474	0.008781194686889648	0.0008787991879492826	balanced	20	sqrt	2	2	200	{'class_weight': 'balanced', 'max_depth': 20, 'max_features': 'sqrt', 'min_samples_leaf': 2, 'min_samples_split': 2, 'n_estimators': 200}	0.5045300171350592	0.565149136577708	0.5521228545618789	0.48695273225319446	0.5521043771043772	0.5321718235264437	0.03063230054616339	2056
0.9718515872955322	0.07564016483164158	0.014776277542114257	0.00248313662939564	balanced	20	sqrt	2	2	300	{'class_weight': 'balanced', 'max_depth': 20, 'max_features': 'sqrt', 'min_samples_leaf': 2, 'min_samples_split': 2, 'n_estimators': 300}	0.5364527945173106	0.5737569517097076	0.558540723101586	0.5259259259259259	0.5617777777777778	0.5512908346064616	0.017497481556075906	1245
1.2191608428955079	0.051259115099438375	0.022057199478149415	0.002985405348342962	balanced	20	sqrt	2	2	400	{'class_weight': 'balanced', 'max_depth': 20, 'max_features': 'sqrt', 'min_samples_leaf': 2, 'min_samples_split': 2, 'n_estimators': 400}	0.5364527945173106	0.5409907552764696	0.5434080773820741	0.510815395869325	0.5521043771043772	0.5367542800299112	0.01393386397898658	1920
1.4861105918884276	0.027191846917229655	0.03216819763183594	0.012098920784255436	balanced	20	sqrt	2	2	500	{'class_weight': 'balanced', 'max_depth': 20, 'max_features': 'sqrt', 'min_samples_leaf': 2, 'min_samples_split': 2, 'n_estimators': 500}	0.5506202480992397	0.5823730667480668	0.5279132791327914	0.5193769235600779	0.5700991847120528	0.5500765404504457	0.023991432393990732	1331
1.7686240196228027	0.028624988262064627	0.03285074234008789	0.004390846140433967	balanced	20	sqrt	2	2	600	{'class_weight': 'balanced', 'max_depth': 20, 'max_features': 'sqrt', 'min_samples_leaf': 2, 'min_samples_split': 2, 'n_estimators': 600}	0.5645022350530825	0.5737569517097076	0.5674392312040701	0.4876344086021505	0.5218106995884774	0.5430287052314976	0.033226324670083796	1654
0.07454037666320801	0.006368280575299914	0.002933359146118164	0.0010506737607127478	balanced	20	sqrt	2	5	25	{'class_weight': 'balanced', 'max_depth': 20, 'max_features': 'sqrt', 'min_samples_leaf': 2, 'min_samples_split': 5, 'n_estimators': 25}	0.5775896234912629	0.45530331737228286	0.5925925925925926	0.5693121693121693	0.5083287771095316	0.5406252959755677	0.05140584264817234	1781
0.15747737884521484	0.022625307983722087	0.003160524368286133	0.0012522427089202233	balanced	20	sqrt	2	5	50	{'class_weight': 'balanced', 'max_depth': 20, 'max_features': 'sqrt', 'min_samples_leaf': 2, 'min_samples_split': 5, 'n_estimators': 50}	0.539301954762889	0.47534581662748576	0.597037037037037	0.5037037037037037	0.5286302175191064	0.5288037459300444	0.040629513512176016	2128
0.3019730091094971	0.012290334233205462	0.006873464584350586	0.0028771901332578574	balanced	20	sqrt	2	5	100	{'class_weight': 'balanced', 'max_depth': 20, 'max_features': 'sqrt', 'min_samples_leaf': 2, 'min_samples_split': 5, 'n_estimators': 100}	0.49009807396904165	0.5086741961741962	0.5878067073824066	0.5037037037037037	0.5869756846431933	0.5354516731745083	0.04284317720628776	1958
0.44254136085510254	0.017499442019836508	0.008921957015991211	0.002198957779480545	balanced	20	sqrt	2	5	150	{'class_weight': 'balanced', 'max_depth': 20, 'max_features': 'sqrt', 'min_samples_leaf': 2, 'min_samples_split': 5, 'n_estimators': 150}	0.5415813000558763	0.5156764139814987	0.6395326926700584	0.510815395869325	0.5179899949801804	0.5451191595113878	0.04838604494178045	1567
0.6187160015106201	0.013052499418349042	0.012642621994018555	0.0012255114148091591	balanced	20	sqrt	2	5	200	{'class_weight': 'balanced', 'max_depth': 20, 'max_features': 'sqrt', 'min_samples_leaf': 2, 'min_samples_split': 5, 'n_estimators': 200}	0.5275751326171494	0.5578067765567766	0.5852278545826933	0.5434080773820741	0.5440445898461165	0.5516124861969619	0.019342915866383738	1224
0.9154754161834717	0.015632501095225057	0.014645957946777343	0.0019826478515804383	balanced	20	sqrt	2	5	300	{'class_weight': 'balanced', 'max_depth': 20, 'max_features': 'sqrt', 'min_samples_leaf': 2, 'min_samples_split': 5, 'n_estimators': 300}	0.5364527945173106	0.5409907552764696	0.5733333333333334	0.5120327700972862	0.5068771218827209	0.5339373550214243	0.02374947602111467	2007
1.1955277919769287	0.02975803811227403	0.022141790390014647	0.002655237436528663	balanced	20	sqrt	2	5	400	{'class_weight': 'balanced', 'max_depth': 20, 'max_features': 'sqrt', 'min_samples_leaf': 2, 'min_samples_split': 5, 'n_estimators': 400}	0.5596301547914452	0.5494002060931195	0.5674392312040701	0.5608294930875576	0.49448559670781894	0.5463569363768023	0.026570636987599625	1500
1.5574965000152587	0.035511514313827444	0.02223038673400879	0.00458278091042686	balanced	20	sqrt	2	5	500	{'class_weight': 'balanced', 'max_depth': 20, 'max_features': 'sqrt', 'min_samples_leaf': 2, 'min_samples_split': 5, 'n_estimators': 500}	0.5596301547914452	0.5494002060931195	0.5674392312040701	0.5286302175191064	0.48065033289952663	0.5371500285014535	0.031105181278002044	1903
1.8009483814239502	0.04096407082543626	0.027501964569091798	0.0010461540314390715	balanced	20	sqrt	2	5	600	{'class_weight': 'balanced', 'max_depth': 20, 'max_features': 'sqrt', 'min_samples_leaf': 2, 'min_samples_split': 5, 'n_estimators': 600}	0.5506202480992397	0.5332404863654864	0.5449373737373737	0.5534391534391534	0.5218106995884774	0.5408095922459462	0.011756212402685939	1769
0.07243490219116211	0.009658276029927249	0.0018790245056152343	0.00031386269355393703	balanced	20	sqrt	2	10	25	{'class_weight': 'balanced', 'max_depth': 20, 'max_features': 'sqrt', 'min_samples_leaf': 2, 'min_samples_split': 10, 'n_estimators': 25}	0.5368199613494875	0.531043956043956	0.5548188262228679	0.5776486300063106	0.5824033867177165	0.5565469520680677	0.020767182825576217	964
0.15442442893981934	0.005542447461225556	0.004509782791137696	0.0012182265039453178	balanced	20	sqrt	2	10	50	{'class_weight': 'balanced', 'max_depth': 20, 'max_features': 'sqrt', 'min_samples_leaf': 2, 'min_samples_split': 10, 'n_estimators': 50}	0.5781159011928243	0.5553113553113553	0.5809983896940418	0.5878067073824066	0.5914703850260662	0.5787405477213389	0.012638505445250348	198
0.30179667472839355	0.008187449914228736	0.006942605972290039	0.0021272362489612585	balanced	20	sqrt	2	10	100	{'class_weight': 'balanced', 'max_depth': 20, 'max_features': 'sqrt', 'min_samples_leaf': 2, 'min_samples_split': 10, 'n_estimators': 100}	0.5874231700502887	0.5686176714492661	0.6101718943824207	0.5521228545618789	0.6207407407407407	0.587815266236919	0.025402973564404133	59
0.4415728092193604	0.03086839084767886	0.010465621948242188	0.003996419141102784	balanced	20	sqrt	2	10	150	{'class_weight': 'balanced', 'max_depth': 20, 'max_features': 'sqrt', 'min_samples_leaf': 2, 'min_samples_split': 10, 'n_estimators': 150}	0.5775896234912629	0.5409907552764696	0.5600335249042145	0.5785675232367414	0.609626216077829	0.5733615285973035	0.022740313861115326	328
0.6141456127166748	0.02448474803549617	0.010203790664672852	0.0024902126887855042	balanced	20	sqrt	2	10	200	{'class_weight': 'balanced', 'max_depth': 20, 'max_features': 'sqrt', 'min_samples_leaf': 2, 'min_samples_split': 10, 'n_estimators': 200}	0.5686176714492661	0.5006867148599432	0.5600335249042145	0.5878067073824066	0.5449373737373737	0.5524163984666408	0.02934236460657828	1169
0.8790685176849365	0.02429258000105791	0.019438505172729492	0.012548364066465204	balanced	20	sqrt	2	10	300	{'class_weight': 'balanced', 'max_depth': 20, 'max_features': 'sqrt', 'min_samples_leaf': 2, 'min_samples_split': 10, 'n_estimators': 300}	0.5874231700502887	0.5565421245421245	0.5693121693121693	0.5674392312040701	0.5695353535353536	0.5700504097288012	0.009918821552539524	425
1.2265594959259034	0.05983271744546212	0.02239060401916504	0.005423983733068836	balanced	20	sqrt	2	10	400	{'class_weight': 'balanced', 'max_depth': 20, 'max_features': 'sqrt', 'min_samples_leaf': 2, 'min_samples_split': 10, 'n_estimators': 400}	0.5686176714492661	0.5717219376841179	0.5785675232367414	0.5496296296296296	0.5704594017094017	0.5677992327418314	0.009687357868436516	517
1.5086626529693603	0.03410318237604398	0.02403736114501953	0.004830368520705412	balanced	20	sqrt	2	10	500	{'class_weight': 'balanced', 'max_depth': 20, 'max_features': 'sqrt', 'min_samples_leaf': 2, 'min_samples_split': 10, 'n_estimators': 500}	0.5686176714492661	0.5717219376841179	0.5824033867177165	0.5824033867177165	0.5617777777777778	0.573384832069319	0.008035961713855608	326
1.772749137878418	0.040618448943109904	0.03054819107055664	0.0025709732076930683	balanced	20	sqrt	2	10	600	{'class_weight': 'balanced', 'max_depth': 20, 'max_features': 'sqrt', 'min_samples_leaf': 2, 'min_samples_split': 10, 'n_estimators': 600}	0.545299707743821	0.5805128205128205	0.5406989025118244	0.5824033867177165	0.5257575757575758	0.5549344786487516	0.022607806544104537	1042
0.07178874015808105	0.0036508301962502373	0.003101539611816406	0.0008452338369302609	balanced	20	sqrt	4	2	25	{'class_weight': 'balanced', 'max_depth': 20, 'max_features': 'sqrt', 'min_samples_leaf': 4, 'min_samples_split': 2, 'n_estimators': 25}	0.5806410806410808	0.4868977176669485	0.4935910976412422	0.5046451133407656	0.5968041620215533	0.5325158342623181	0.04652301192423248	2044
0.1460062026977539	0.0287705260574974	0.004970836639404297	0.002315665261001907	balanced	20	sqrt	4	2	50	{'class_weight': 'balanced', 'max_depth': 20, 'max_features': 'sqrt', 'min_samples_leaf': 4, 'min_samples_split': 2, 'n_estimators': 50}	0.5820082578031961	0.5097022635484174	0.5184476342371079	0.546031746031746	0.5496296296296296	0.5411639062500193	0.025571426889901844	1751
0.27637295722961425	0.006497050293192488	0.005889129638671875	0.0015861467709557301	balanced	20	sqrt	4	2	100	{'class_weight': 'balanced', 'max_depth': 20, 'max_features': 'sqrt', 'min_samples_leaf': 4, 'min_samples_split': 2, 'n_estimators': 100}	0.5874231700502887	0.5914774880292122	0.49551656920077974	0.5733333333333334	0.5521228545618789	0.5599746830350985	0.03504511192495068	834
0.42880640029907224	0.019778031210758683	0.007157182693481446	0.0011796088136999086	balanced	20	sqrt	4	2	150	{'class_weight': 'balanced', 'max_depth': 20, 'max_features': 'sqrt', 'min_samples_leaf': 4, 'min_samples_split': 2, 'n_estimators': 150}	0.5415813000558763	0.5736653635813299	0.5413786992734361	0.5317416924852683	0.5674392312040701	0.5511612573199962	0.016346258005298188	1254
0.5986998081207275	0.02551978425378835	0.009650611877441406	0.002076734341830969	balanced	20	sqrt	4	2	200	{'class_weight': 'balanced', 'max_depth': 20, 'max_features': 'sqrt', 'min_samples_leaf': 4, 'min_samples_split': 2, 'n_estimators': 200}	0.5686176714492661	0.5541223803518884	0.5413786992734361	0.546031746031746	0.5674392312040701	0.5555179456620813	0.011005214573768853	1015
0.8745901107788085	0.025401208472345508	0.014282417297363282	0.0028952073651908774	balanced	20	sqrt	4	2	300	{'class_weight': 'balanced', 'max_depth': 20, 'max_features': 'sqrt', 'min_samples_leaf': 4, 'min_samples_split': 2, 'n_estimators': 300}	0.5736653635813299	0.5596301547914452	0.546031746031746	0.5406989025118244	0.5914703850260662	0.5622993103884824	0.01853900980545546	704
1.097577953338623	0.025927065641689315	0.018256092071533205	0.0024326446905870314	balanced	20	sqrt	4	2	400	{'class_weight': 'balanced', 'max_depth': 20, 'max_features': 'sqrt', 'min_samples_leaf': 4, 'min_samples_split': 2, 'n_estimators': 400}	0.5736653635813299	0.5541223803518884	0.546031746031746	0.5259259259259259	0.5608294930875576	0.5521149817956894	0.015920199218827057	1184
1.4020617008209229	0.03671673517341686	0.025597810745239258	0.00931900815683856	balanced	20	sqrt	4	2	500	{'class_weight': 'balanced', 'max_depth': 20, 'max_features': 'sqrt', 'min_samples_leaf': 4, 'min_samples_split': 2, 'n_estimators': 500}	0.5967104790634203	0.6010568666306372	0.5551546078610048	0.5317416924852683	0.5782480893592005	0.5725823470799062	0.026064346583924855	339
1.666365146636963	0.03419190732517926	0.027356338500976563	0.0017579150834817832	balanced	20	sqrt	4	2	600	{'class_weight': 'balanced', 'max_depth': 20, 'max_features': 'sqrt', 'min_samples_leaf': 4, 'min_samples_split': 2, 'n_estimators': 600}	0.5736653635813299	0.5805128205128205	0.5693121693121693	0.5496296296296296	0.5869756846431933	0.5720191335358285	0.012705658214566587	365
0.07306694984436035	0.004320657372838766	0.0022829532623291015	0.0008741344345294616	balanced	20	sqrt	4	5	25	{'class_weight': 'balanced', 'max_depth': 20, 'max_features': 'sqrt', 'min_samples_leaf': 4, 'min_samples_split': 5, 'n_estimators': 25}	0.5806410806410808	0.4868977176669485	0.4935910976412422	0.5046451133407656	0.5968041620215533	0.5325158342623181	0.04652301192423248	2044
0.16325435638427735	0.018069233051350594	0.004818582534790039	0.0018077301465118075	balanced	20	sqrt	4	5	50	{'class_weight': 'balanced', 'max_depth': 20, 'max_features': 'sqrt', 'min_samples_leaf': 4, 'min_samples_split': 5, 'n_estimators': 50}	0.5820082578031961	0.5097022635484174	0.5184476342371079	0.546031746031746	0.5496296296296296	0.5411639062500193	0.025571426889901844	1751
0.27697601318359377	0.011958981073838384	0.00676422119140625	0.0017404276205448407	balanced	20	sqrt	4	5	100	{'class_weight': 'balanced', 'max_depth': 20, 'max_features': 'sqrt', 'min_samples_leaf': 4, 'min_samples_split': 5, 'n_estimators': 100}	0.5874231700502887	0.5914774880292122	0.49551656920077974	0.5733333333333334	0.5521228545618789	0.5599746830350985	0.03504511192495068	834
0.4120467185974121	0.02556838677344071	0.007777881622314453	0.0022064578830981517	balanced	20	sqrt	4	5	150	{'class_weight': 'balanced', 'max_depth': 20, 'max_features': 'sqrt', 'min_samples_leaf': 4, 'min_samples_split': 5, 'n_estimators': 150}	0.5415813000558763	0.5736653635813299	0.5413786992734361	0.5317416924852683	0.5674392312040701	0.5511612573199962	0.016346258005298188	1254
0.5576162338256836	0.014840485760158314	0.010388612747192383	0.00236115168226879	balanced	20	sqrt	4	5	200	{'class_weight': 'balanced', 'max_depth': 20, 'max_features': 'sqrt', 'min_samples_leaf': 4, 'min_samples_split': 5, 'n_estimators': 200}	0.5686176714492661	0.5541223803518884	0.5413786992734361	0.546031746031746	0.5674392312040701	0.5555179456620813	0.011005214573768853	1015
0.8381525993347168	0.023165673086630124	0.014691877365112304	0.003753102787751012	balanced	20	sqrt	4	5	300	{'class_weight': 'balanced', 'max_depth': 20, 'max_features': 'sqrt', 'min_samples_leaf': 4, 'min_samples_split': 5, 'n_estimators': 300}	0.5736653635813299	0.5596301547914452	0.546031746031746	0.5406989025118244	0.5914703850260662	0.5622993103884824	0.01853900980545546	704
1.1208596706390381	0.04685819297688747	0.020123767852783202	0.0034171501105571033	balanced	20	sqrt	4	5	400	{'class_weight': 'balanced', 'max_depth': 20, 'max_features': 'sqrt', 'min_samples_leaf': 4, 'min_samples_split': 5, 'n_estimators': 400}	0.5736653635813299	0.5541223803518884	0.546031746031746	0.5259259259259259	0.5608294930875576	0.5521149817956894	0.015920199218827057	1184
1.4290500640869142	0.05333098964538891	0.0238370418548584	0.006101202443370448	balanced	20	sqrt	4	5	500	{'class_weight': 'balanced', 'max_depth': 20, 'max_features': 'sqrt', 'min_samples_leaf': 4, 'min_samples_split': 5, 'n_estimators': 500}	0.5967104790634203	0.6010568666306372	0.5551546078610048	0.5317416924852683	0.5782480893592005	0.5725823470799062	0.026064346583924855	339
1.6955801963806152	0.06172924175396644	0.02845897674560547	0.007262219164133404	balanced	20	sqrt	4	5	600	{'class_weight': 'balanced', 'max_depth': 20, 'max_features': 'sqrt', 'min_samples_leaf': 4, 'min_samples_split': 5, 'n_estimators': 600}	0.5736653635813299	0.5805128205128205	0.5693121693121693	0.5496296296296296	0.5869756846431933	0.5720191335358285	0.012705658214566587	365
0.07334017753601074	0.005509432007340384	0.0030043601989746095	0.0007405722181860239	balanced	20	sqrt	4	10	25	{'class_weight': 'balanced', 'max_depth': 20, 'max_features': 'sqrt', 'min_samples_leaf': 4, 'min_samples_split': 10, 'n_estimators': 25}	0.6105043288141879	0.5736653635813299	0.5314295427502975	0.5551546078610048	0.5346780594854555	0.5610863804984552	0.02902577406962396	784
0.15363435745239257	0.01193672797725259	0.0031569957733154296	0.0012323251099796383	balanced	20	sqrt	4	10	50	{'class_weight': 'balanced', 'max_depth': 20, 'max_features': 'sqrt', 'min_samples_leaf': 4, 'min_samples_split': 10, 'n_estimators': 50}	0.5460860978102358	0.5781159011928243	0.5357009183096141	0.5496296296296296	0.5914703850260662	0.560200586393674	0.02102358895132522	823
0.27607245445251466	0.028671502539215354	0.006364011764526367	0.0014891447074754764	balanced	20	sqrt	4	10	100	{'class_weight': 'balanced', 'max_depth': 20, 'max_features': 'sqrt', 'min_samples_leaf': 4, 'min_samples_split': 10, 'n_estimators': 100}	0.6009204470742932	0.6291622356138484	0.5091592186559826	0.5642528049471155	0.609626216077829	0.5826241844738137	0.04234208763897102	130
0.4126366138458252	0.01770035525750168	0.009047985076904297	0.0027869876102321026	balanced	20	sqrt	4	10	150	{'class_weight': 'balanced', 'max_depth': 20, 'max_features': 'sqrt', 'min_samples_leaf': 4, 'min_samples_split': 10, 'n_estimators': 150}	0.605984875339714	0.5775896234912629	0.5319890224394253	0.5831896551724138	0.6113606098176976	0.5820227572521027	0.02813994186706315	144
0.5587575912475586	0.027211060252866598	0.01165003776550293	0.0030246301807692003	balanced	20	sqrt	4	10	200	{'class_weight': 'balanced', 'max_depth': 20, 'max_features': 'sqrt', 'min_samples_leaf': 4, 'min_samples_split': 10, 'n_estimators': 200}	0.591935635154711	0.5775896234912629	0.5368773946360154	0.5600335249042145	0.5824033867177165	0.569767912980784	0.019435980893485583	447
0.8507097244262696	0.014495818139186378	0.014227628707885742	0.002298726614727315	balanced	20	sqrt	4	10	300	{'class_weight': 'balanced', 'max_depth': 20, 'max_features': 'sqrt', 'min_samples_leaf': 4, 'min_samples_split': 10, 'n_estimators': 300}	0.5596301547914452	0.5717219376841179	0.5548188262228679	0.5171450000765334	0.597037037037037	0.5600705911624002	0.025971728420032446	826
1.1135218620300293	0.035864490923241	0.017989158630371094	0.0010663170238315663	balanced	20	sqrt	4	10	400	{'class_weight': 'balanced', 'max_depth': 20, 'max_features': 'sqrt', 'min_samples_leaf': 4, 'min_samples_split': 10, 'n_estimators': 400}	0.5736653635813299	0.5629274955442795	0.5413786992734361	0.5551546078610048	0.5914703850260662	0.5649193102572234	0.016940661878192487	627
1.3516814231872558	0.02975958301021211	0.02210993766784668	0.004900412352846321	balanced	20	sqrt	4	10	500	{'class_weight': 'balanced', 'max_depth': 20, 'max_features': 'sqrt', 'min_samples_leaf': 4, 'min_samples_split': 10, 'n_estimators': 500}	0.5553113553113553	0.5717219376841179	0.5317416924852683	0.5551546078610048	0.5852278545826933	0.5598314895848879	0.01798721573067936	847
1.676513910293579	0.08539719091788002	0.03352131843566895	0.001428996106830601	balanced	20	sqrt	4	10	600	{'class_weight': 'balanced', 'max_depth': 20, 'max_features': 'sqrt', 'min_samples_leaf': 4, 'min_samples_split': 10, 'n_estimators': 600}	0.5736653635813299	0.5629274955442795	0.5600335249042145	0.5693121693121693	0.5914703850260662	0.5714817876736119	0.01107481743387896	385
0.04165205955505371	0.0037737200034169576	0.0018455982208251953	0.00015747513760192727	balanced	20	log2	1	2	25	{'class_weight': 'balanced', 'max_depth': 20, 'max_features': 'log2', 'min_samples_leaf': 1, 'min_samples_split': 2, 'n_estimators': 25}	0.5364527945173106	0.5086741961741962	0.5171450000765334	0.46939102564102564	0.5038212815990594	0.5070968596016251	0.021898325773244926	2378
0.0917283535003662	0.014701029005234045	0.004656267166137695	0.00392615928269105	balanced	20	log2	1	2	50	{'class_weight': 'balanced', 'max_depth': 20, 'max_features': 'log2', 'min_samples_leaf': 1, 'min_samples_split': 2, 'n_estimators': 50}	0.47654903494725526	0.5644350920946666	0.5037037037037037	0.49193540011424414	0.5369121312666105	0.514707072425296	0.03181697529817803	2331
0.16991262435913085	0.034620241227118834	0.006645917892456055	0.003042340810655459	balanced	20	log2	1	2	100	{'class_weight': 'balanced', 'max_depth': 20, 'max_features': 'log2', 'min_samples_leaf': 1, 'min_samples_split': 2, 'n_estimators': 100}	0.46842533241871814	0.5742613991808406	0.536431131592422	0.49465811965811973	0.5102222222222222	0.5167996410144645	0.036223838040555664	2314
0.22946043014526368	0.015680994522438797	0.00656743049621582	0.001468622578765022	balanced	20	log2	1	2	150	{'class_weight': 'balanced', 'max_depth': 20, 'max_features': 'log2', 'min_samples_leaf': 1, 'min_samples_split': 2, 'n_estimators': 150}	0.49267399267399264	0.5404995004995006	0.5763324299909666	0.49465811965811973	0.5704594017094017	0.5349246889063963	0.0358187473012851	1992
0.34214396476745607	0.03953114564278194	0.009665155410766601	0.0022017107530538553	balanced	20	log2	1	2	200	{'class_weight': 'balanced', 'max_depth': 20, 'max_features': 'log2', 'min_samples_leaf': 1, 'min_samples_split': 2, 'n_estimators': 200}	0.5086007326007326	0.5660273060273061	0.5449373737373737	0.4868485778900279	0.5700991847120528	0.5353026349934986	0.03258349494542732	1965
0.5193758487701416	0.023633406283224908	0.015224218368530273	0.0015846704032704971	balanced	20	log2	1	2	300	{'class_weight': 'balanced', 'max_depth': 20, 'max_features': 'log2', 'min_samples_leaf': 1, 'min_samples_split': 2, 'n_estimators': 300}	0.5006867148599432	0.5457477305303392	0.5763324299909666	0.4868485778900279	0.5440445898461165	0.5307320086234787	0.03259009150757531	2088
0.6430282115936279	0.06625887150279815	0.019974184036254884	0.0030180174089454045	balanced	20	log2	1	2	400	{'class_weight': 'balanced', 'max_depth': 20, 'max_features': 'log2', 'min_samples_leaf': 1, 'min_samples_split': 2, 'n_estimators': 400}	0.5086741961741962	0.5303427915368214	0.5279627096316563	0.49465811965811973	0.5491358024691358	0.5221547238939859	0.018796508309996938	2246
0.8060468673706055	0.007432909022798206	0.02375617027282715	0.0019439326206795043	balanced	20	log2	1	2	500	{'class_weight': 'balanced', 'max_depth': 20, 'max_features': 'log2', 'min_samples_leaf': 1, 'min_samples_split': 2, 'n_estimators': 500}	0.4918550807098416	0.5149716949716949	0.5199252136752136	0.49465811965811973	0.5016042780748663	0.5046028774179472	0.01106962051451458	2390
0.9649547576904297	0.021214781298235057	0.02897019386291504	0.0014754843727860273	balanced	20	log2	1	2	600	{'class_weight': 'balanced', 'max_depth': 20, 'max_features': 'log2', 'min_samples_leaf': 1, 'min_samples_split': 2, 'n_estimators': 600}	0.5086741961741962	0.5484590597372552	0.5440445898461165	0.5199252136752136	0.5292929292929294	0.5300791977451421	0.014796940266194117	2106
0.039861536026000975	0.00439095910120756	0.0031326770782470702	0.0011268422237942098	balanced	20	log2	1	5	25	{'class_weight': 'balanced', 'max_depth': 20, 'max_features': 'log2', 'min_samples_leaf': 1, 'min_samples_split': 5, 'n_estimators': 25}	0.591935635154711	0.5186603650586702	0.5711976911976913	0.47949412827461607	0.5534391534391534	0.5429453946249684	0.03981000066652786	1659
0.08550662994384765	0.00693414547764663	0.005594587326049805	0.0007468882413418441	balanced	20	log2	1	5	50	{'class_weight': 'balanced', 'max_depth': 20, 'max_features': 'log2', 'min_samples_leaf': 1, 'min_samples_split': 5, 'n_estimators': 50}	0.5168323739752311	0.5168323739752311	0.606345785440613	0.5434080773820741	0.5203393939393939	0.5407516009425086	0.03426534966757995	1775
0.17792415618896484	0.00983131381727521	0.004496240615844726	0.00014735430143890412	balanced	20	log2	1	5	100	{'class_weight': 'balanced', 'max_depth': 20, 'max_features': 'log2', 'min_samples_leaf': 1, 'min_samples_split': 5, 'n_estimators': 100}	0.4763299692433551	0.5245984784446323	0.6113606098176976	0.5346780594854555	0.476931651213457	0.5247797536409194	0.049459228642735865	2191
0.24807977676391602	0.014258580270748585	0.0074122905731201175	0.0017366384006588659	balanced	20	log2	1	5	150	{'class_weight': 'balanced', 'max_depth': 20, 'max_features': 'log2', 'min_samples_leaf': 1, 'min_samples_split': 5, 'n_estimators': 150}	0.49267399267399264	0.5496196111580728	0.6301287139499774	0.5914703850260662	0.49465811965811973	0.5517101644932457	0.053805055249307544	1218
0.3473048686981201	0.026129651577029237	0.019766521453857423	0.020322550746475217	balanced	20	log2	1	5	200	{'class_weight': 'balanced', 'max_depth': 20, 'max_features': 'log2', 'min_samples_leaf': 1, 'min_samples_split': 5, 'n_estimators': 200}	0.4763299692433551	0.5737569517097076	0.6155015388480624	0.5199252136752136	0.4994107744107744	0.5369848895774226	0.050791563865126885	1908
0.49611921310424806	0.01753064663942829	0.016637372970581054	0.0032641683043162536	balanced	20	log2	1	5	300	{'class_weight': 'balanced', 'max_depth': 20, 'max_features': 'log2', 'min_samples_leaf': 1, 'min_samples_split': 5, 'n_estimators': 300}	0.4685156113727542	0.5737569517097076	0.5914703850260662	0.536431131592422	0.5257575757575758	0.5391863310917052	0.04268728926840943	1828
0.6732343673706055	0.014686634006819237	0.018730592727661134	0.003294975562165619	balanced	20	log2	1	5	400	{'class_weight': 'balanced', 'max_depth': 20, 'max_features': 'log2', 'min_samples_leaf': 1, 'min_samples_split': 5, 'n_estimators': 400}	0.48463003663003656	0.5578160800432915	0.5449373737373737	0.5118803545783192	0.48736029994952773	0.5173248289877097	0.02965959807207197	2305
0.8013274192810058	0.013872511923608595	0.023633146286010744	0.0009849581235458378	balanced	20	log2	1	5	500	{'class_weight': 'balanced', 'max_depth': 20, 'max_features': 'log2', 'min_samples_leaf': 1, 'min_samples_split': 5, 'n_estimators': 500}	0.484107905982906	0.5496196111580728	0.5521228545618789	0.5038212815990594	0.4802218311736789	0.5139786968951192	0.03117760334650171	2336
0.9819157123565674	0.03491823010880703	0.030056238174438477	0.0037473381204590566	balanced	20	log2	1	5	600	{'class_weight': 'balanced', 'max_depth': 20, 'max_features': 'log2', 'min_samples_leaf': 1, 'min_samples_split': 5, 'n_estimators': 600}	0.5006867148599432	0.606939356939357	0.536431131592422	0.5120327700972862	0.4994107744107744	0.5311001495799565	0.040181496270142086	2076
0.045264148712158205	0.0008721341403727854	0.0022081851959228514	0.0009371479562504316	balanced	20	log2	1	10	25	{'class_weight': 'balanced', 'max_depth': 20, 'max_features': 'log2', 'min_samples_leaf': 1, 'min_samples_split': 10, 'n_estimators': 25}	0.5186603650586702	0.5460860978102358	0.49040344692518606	0.48160535117056863	0.4994107744107744	0.5072332070750869	0.022984104663061524	2375
0.08210477828979493	0.007332176425734074	0.005911922454833985	0.0023640330345904696	balanced	20	log2	1	10	50	{'class_weight': 'balanced', 'max_depth': 20, 'max_features': 'log2', 'min_samples_leaf': 1, 'min_samples_split': 10, 'n_estimators': 50}	0.5306551372125142	0.5645022350530825	0.6247515808491417	0.47851851851851845	0.465880805248308	0.532861655376313	0.05811947043032386	2037
0.1651700496673584	0.008955430116811781	0.008375883102416992	0.0024965421110653536	balanced	20	log2	1	10	100	{'class_weight': 'balanced', 'max_depth': 20, 'max_features': 'log2', 'min_samples_leaf': 1, 'min_samples_split': 10, 'n_estimators': 100}	0.539301954762889	0.5874231700502887	0.5878067073824066	0.5406989025118244	0.5617777777777778	0.5634017024970372	0.021314254696699095	676
0.2519999980926514	0.04458693822245968	0.00791339874267578	0.0019510623666401353	balanced	20	log2	1	10	150	{'class_weight': 'balanced', 'max_depth': 20, 'max_features': 'log2', 'min_samples_leaf': 1, 'min_samples_split': 10, 'n_estimators': 150}	0.5086007326007326	0.5629274955442795	0.5434080773820741	0.6113606098176976	0.5440445898461165	0.5540683010381799	0.03359258521358115	1098
0.31647305488586425	0.007549564560692983	0.01016855239868164	0.001293948417490594	balanced	20	log2	1	10	200	{'class_weight': 'balanced', 'max_depth': 20, 'max_features': 'log2', 'min_samples_leaf': 1, 'min_samples_split': 10, 'n_estimators': 200}	0.5156764139814987	0.539301954762889	0.5279132791327914	0.5914703850260662	0.5068771218827209	0.5362478309571933	0.029712437302075838	1937
0.5005603313446045	0.01117771570050153	0.013518476486206054	0.0022767455944144505	balanced	20	log2	1	10	300	{'class_weight': 'balanced', 'max_depth': 20, 'max_features': 'log2', 'min_samples_leaf': 1, 'min_samples_split': 10, 'n_estimators': 300}	0.49267399267399264	0.539301954762889	0.5203393939393939	0.606266050333847	0.533532412591763	0.5384227608603771	0.03754293106420443	1856
0.6556955337524414	0.014429181452745543	0.016928482055664062	0.003240912071126759	balanced	20	log2	1	10	400	{'class_weight': 'balanced', 'max_depth': 20, 'max_features': 'log2', 'min_samples_leaf': 1, 'min_samples_split': 10, 'n_estimators': 400}	0.539301954762889	0.5409907552764696	0.5286302175191064	0.5642528049471155	0.4802218311736789	0.5306795127358519	0.027777729996020125	2090
0.8161837100982666	0.06367303053353408	0.024124956130981444	0.002296586511703485	balanced	20	log2	1	10	500	{'class_weight': 'balanced', 'max_depth': 20, 'max_features': 'log2', 'min_samples_leaf': 1, 'min_samples_split': 10, 'n_estimators': 500}	0.539301954762889	0.5578067765567766	0.5120327700972862	0.5733333333333334	0.5257575757575758	0.5416464821015723	0.02190953103005899	1731
0.9330161571502685	0.02852954721492564	0.030574750900268555	0.0021789441620579334	balanced	20	log2	1	10	600	{'class_weight': 'balanced', 'max_depth': 20, 'max_features': 'log2', 'min_samples_leaf': 1, 'min_samples_split': 10, 'n_estimators': 600}	0.5325714285714286	0.5662177518254745	0.5118803545783192	0.5496296296296296	0.5143413367942894	0.5349281002798283	0.020764125665884186	1990
0.0471644401550293	0.00394594676652843	0.0024373531341552734	0.0009178518672230643	balanced	20	log2	2	2	25	{'class_weight': 'balanced', 'max_depth': 20, 'max_features': 'log2', 'min_samples_leaf': 2, 'min_samples_split': 2, 'n_estimators': 25}	0.5717219376841179	0.5874231700502887	0.5962962962962963	0.606266050333847	0.5619439079549019	0.5847302724638903	0.016082596273275348	90
0.07885479927062988	0.0016541421842867852	0.0038424968719482423	0.0015862398036209685	balanced	20	log2	2	2	50	{'class_weight': 'balanced', 'max_depth': 20, 'max_features': 'log2', 'min_samples_leaf': 2, 'min_samples_split': 2, 'n_estimators': 50}	0.545299707743821	0.5686176714492661	0.5693121693121693	0.5279132791327914	0.5601877033008051	0.5542661061877705	0.015762515968034803	1079
0.17399168014526367	0.03160301543753083	0.008106756210327148	0.0030342088749515514	balanced	20	log2	2	2	100	{'class_weight': 'balanced', 'max_depth': 20, 'max_features': 'log2', 'min_samples_leaf': 2, 'min_samples_split': 2, 'n_estimators': 100}	0.5596301547914452	0.5325484274743367	0.5733333333333334	0.5763324299909666	0.5218106995884774	0.5527310090357118	0.021874565982092777	1164
0.24229907989501953	0.008150009096562775	0.007021713256835938	0.0013613806622256425	balanced	20	log2	2	2	150	{'class_weight': 'balanced', 'max_depth': 20, 'max_features': 'log2', 'min_samples_leaf': 2, 'min_samples_split': 2, 'n_estimators': 150}	0.5736653635813299	0.5149716949716949	0.5434080773820741	0.5878067073824066	0.5102222222222222	0.5460148131079455	0.03086323115167113	1518
0.3061713695526123	0.016855333717328166	0.012064504623413085	0.004433399745355142	balanced	20	log2	2	2	200	{'class_weight': 'balanced', 'max_depth': 20, 'max_features': 'log2', 'min_samples_leaf': 2, 'min_samples_split': 2, 'n_estimators': 200}	0.5775896234912629	0.5166426377483858	0.558540723101586	0.5763324299909666	0.48736029994952773	0.5432931428563458	0.035606359319055314	1643
0.49807138442993165	0.009261833429112458	0.014324235916137695	0.0019838713000555346	balanced	20	log2	2	2	300	{'class_weight': 'balanced', 'max_depth': 20, 'max_features': 'log2', 'min_samples_leaf': 2, 'min_samples_split': 2, 'n_estimators': 300}	0.5541223803518884	0.5166426377483858	0.5521228545618789	0.5521228545618789	0.536	0.5422021454448064	0.014357492683703966	1705
0.6478304386138916	0.08672559443203659	0.020276784896850586	0.0008657605327906411	balanced	20	log2	2	2	400	{'class_weight': 'balanced', 'max_depth': 20, 'max_features': 'log2', 'min_samples_leaf': 2, 'min_samples_split': 2, 'n_estimators': 400}	0.5306551372125142	0.5414301947869302	0.536431131592422	0.5674392312040701	0.533532412591763	0.54189762147754	0.013257790154845612	1716
0.8097192287445069	0.01954702149546709	0.02643551826477051	0.002863821733365622	balanced	20	log2	2	2	500	{'class_weight': 'balanced', 'max_depth': 20, 'max_features': 'log2', 'min_samples_leaf': 2, 'min_samples_split': 2, 'n_estimators': 500}	0.5086007326007326	0.5746407438715131	0.5674392312040701	0.5496296296296296	0.5218106995884774	0.5444242073788845	0.02555198191867105	1593
0.9623231887817383	0.018747469754107876	0.02840085029602051	0.0009356566882738156	balanced	20	log2	2	2	600	{'class_weight': 'balanced', 'max_depth': 20, 'max_features': 'log2', 'min_samples_leaf': 2, 'min_samples_split': 2, 'n_estimators': 600}	0.5086007326007326	0.5578160800432915	0.5449373737373737	0.5496296296296296	0.49448559670781894	0.5310938825437692	0.02488131987603724	2078
0.04657025337219238	0.010007648358807129	0.0038727760314941407	0.0016992245687222059	balanced	20	log2	2	5	25	{'class_weight': 'balanced', 'max_depth': 20, 'max_features': 'log2', 'min_samples_leaf': 2, 'min_samples_split': 5, 'n_estimators': 25}	0.5736653635813299	0.5275751326171494	0.6085719569268411	0.49574141414141415	0.5496296296296296	0.5510366993792728	0.03855478137503715	1264
0.08471384048461914	0.007799039081876565	0.0028945446014404298	0.0004478291664133049	balanced	20	log2	2	5	50	{'class_weight': 'balanced', 'max_depth': 20, 'max_features': 'log2', 'min_samples_leaf': 2, 'min_samples_split': 5, 'n_estimators': 50}	0.5541223803518884	0.5717219376841179	0.6134920634920635	0.48695273225319446	0.536	0.5524578227562529	0.04161930376599344	1167
0.1495814323425293	0.0028097792545245573	0.00695643424987793	0.001743314189251805	balanced	20	log2	2	5	100	{'class_weight': 'balanced', 'max_depth': 20, 'max_features': 'log2', 'min_samples_leaf': 2, 'min_samples_split': 5, 'n_estimators': 100}	0.5364527945173106	0.5828075150655795	0.6113606098176976	0.48695273225319446	0.5118803545783192	0.5458908012464203	0.04553816426646579	1524
0.23836903572082518	0.004507288373838391	0.009894990921020507	0.002326181729282176	balanced	20	log2	2	5	150	{'class_weight': 'balanced', 'max_depth': 20, 'max_features': 'log2', 'min_samples_leaf': 2, 'min_samples_split': 5, 'n_estimators': 150}	0.5506202480992397	0.5805128205128205	0.6155015388480624	0.48695273225319446	0.5789937680498556	0.5625162215526345	0.04302135762876267	694
0.3274205684661865	0.012069877097916622	0.009741067886352539	0.0018318325429485453	balanced	20	log2	2	5	200	{'class_weight': 'balanced', 'max_depth': 20, 'max_features': 'log2', 'min_samples_leaf': 2, 'min_samples_split': 5, 'n_estimators': 200}	0.5364527945173106	0.565149136577708	0.5763324299909666	0.5346780594854555	0.4802218311736789	0.538566850349024	0.033336436929723476	1850
0.4598232746124268	0.005457410172004832	0.030832719802856446	0.012341893658463356	balanced	20	log2	2	5	300	{'class_weight': 'balanced', 'max_depth': 20, 'max_features': 'log2', 'min_samples_leaf': 2, 'min_samples_split': 5, 'n_estimators': 300}	0.5132754342431762	0.5578067765567766	0.5852278545826933	0.5203393939393939	0.5440445898461165	0.5441388098336313	0.02605414339365566	1615
0.6505059719085693	0.01606154126421756	0.02166910171508789	0.0014965095189965916	balanced	20	log2	2	5	400	{'class_weight': 'balanced', 'max_depth': 20, 'max_features': 'log2', 'min_samples_leaf': 2, 'min_samples_split': 5, 'n_estimators': 400}	0.5506202480992397	0.5409907552764696	0.5695353535353536	0.4876344086021505	0.5521043771043772	0.5401770285235182	0.027837466789226287	1795
0.7974271297454834	0.014358940759855847	0.02822732925415039	0.00887109462584425	balanced	20	log2	2	5	500	{'class_weight': 'balanced', 'max_depth': 20, 'max_features': 'log2', 'min_samples_leaf': 2, 'min_samples_split': 5, 'n_estimators': 500}	0.539301954762889	0.5578067765567766	0.5534391534391534	0.510815395869325	0.5143413367942894	0.5351409234844866	0.019443427663389825	1973
0.9107970237731934	0.016008181483414548	0.03077859878540039	0.0029859895385798054	balanced	20	log2	2	5	600	{'class_weight': 'balanced', 'max_depth': 20, 'max_features': 'log2', 'min_samples_leaf': 2, 'min_samples_split': 5, 'n_estimators': 600}	0.5479287119999022	0.5578067765567766	0.5449373737373737	0.5037037037037037	0.5143413367942894	0.5337435805584091	0.020901663215782185	2011
0.043016815185546876	0.004446085279931837	0.0021608829498291015	0.0008793730575416505	balanced	20	log2	2	10	25	{'class_weight': 'balanced', 'max_depth': 20, 'max_features': 'log2', 'min_samples_leaf': 2, 'min_samples_split': 10, 'n_estimators': 25}	0.545299707743821	0.5306551372125142	0.5583496540018279	0.5642528049471155	0.5869756846431933	0.5571065977096943	0.01888839979546505	940
0.07801637649536133	0.003192658090363018	0.0036368370056152344	0.0013806994518914385	balanced	20	log2	2	10	50	{'class_weight': 'balanced', 'max_depth': 20, 'max_features': 'log2', 'min_samples_leaf': 2, 'min_samples_split': 10, 'n_estimators': 50}	0.5460860978102358	0.5006867148599432	0.5191026899386904	0.5785675232367414	0.6155015388480624	0.5519889129387346	0.04120324888315713	1190
0.16040620803833008	0.006829745502664208	0.0061309814453125	0.0014377688485141486	balanced	20	log2	2	10	100	{'class_weight': 'balanced', 'max_depth': 20, 'max_features': 'log2', 'min_samples_leaf': 2, 'min_samples_split': 10, 'n_estimators': 100}	0.5415813000558763	0.5565421245421245	0.5319890224394253	0.6005420054200542	0.5451923076923078	0.5551693520299577	0.024008608581587893	1033
0.23327817916870117	0.004050208189259987	0.008647727966308593	0.0025841782012623613	balanced	20	log2	2	10	150	{'class_weight': 'balanced', 'max_depth': 20, 'max_features': 'log2', 'min_samples_leaf': 2, 'min_samples_split': 10, 'n_estimators': 150}	0.5364527945173106	0.5565421245421245	0.5171450000765334	0.6444444444444445	0.5534782388407559	0.5616125204842338	0.043734140580912816	748
0.3030301570892334	0.009658924254878954	0.011245346069335938	0.0031822357102202175	balanced	20	log2	2	10	200	{'class_weight': 'balanced', 'max_depth': 20, 'max_features': 'log2', 'min_samples_leaf': 2, 'min_samples_split': 10, 'n_estimators': 200}	0.568781792919724	0.5737569517097076	0.49534576973808175	0.6005420054200542	0.49193540011424414	0.5460723839803623	0.04416581170798221	1508
0.464261531829834	0.03717765943987837	0.015500068664550781	0.002176462536264017	balanced	20	log2	2	10	300	{'class_weight': 'balanced', 'max_depth': 20, 'max_features': 'log2', 'min_samples_leaf': 2, 'min_samples_split': 10, 'n_estimators': 300}	0.5541223803518884	0.5479287119999022	0.49534576973808175	0.6349145122529887	0.4994107744107744	0.5463444297507271	0.050420823688058565	1502
0.627281379699707	0.021097458475908444	0.023373508453369142	0.009596793693466787	balanced	20	log2	2	10	400	{'class_weight': 'balanced', 'max_depth': 20, 'max_features': 'log2', 'min_samples_leaf': 2, 'min_samples_split': 10, 'n_estimators': 400}	0.5596301547914452	0.539301954762889	0.5120327700972862	0.597037037037037	0.5068771218827209	0.5429758077142757	0.03308796664558022	1657
0.7726870059967041	0.024205808263380865	0.022261428833007812	0.0023531554430969073	balanced	20	log2	2	10	500	{'class_weight': 'balanced', 'max_depth': 20, 'max_features': 'log2', 'min_samples_leaf': 2, 'min_samples_split': 10, 'n_estimators': 500}	0.5828075150655795	0.5865530363256697	0.5521228545618789	0.5925925925925926	0.5257575757575758	0.5679667148606593	0.025317084679646336	509
0.9166208744049072	0.03544811983326252	0.029444408416748048	0.005866575014938964	balanced	20	log2	2	10	600	{'class_weight': 'balanced', 'max_depth': 20, 'max_features': 'log2', 'min_samples_leaf': 2, 'min_samples_split': 10, 'n_estimators': 600}	0.5686176714492661	0.5717219376841179	0.5674392312040701	0.5600335249042145	0.5440445898461165	0.5623713910175571	0.009934475381141698	699
0.040221214294433594	0.008125496128070453	0.002220916748046875	0.0007730188112316123	balanced	20	log2	4	2	25	{'class_weight': 'balanced', 'max_depth': 20, 'max_features': 'log2', 'min_samples_leaf': 4, 'min_samples_split': 2, 'n_estimators': 25}	0.5275751326171494	0.5686176714492661	0.5388522777849564	0.5191026899386904	0.558540723101586	0.5425376989783296	0.018562985295192104	1681
0.08592696189880371	0.0175714156853136	0.004206085205078125	0.0015459455032660473	balanced	20	log2	4	2	50	{'class_weight': 'balanced', 'max_depth': 20, 'max_features': 'log2', 'min_samples_leaf': 4, 'min_samples_split': 2, 'n_estimators': 50}	0.49009807396904165	0.591935635154711	0.5406989025118244	0.4809235209235209	0.5733333333333334	0.5353978931784862	0.04400737538287235	1961
0.15713925361633302	0.009247974927671307	0.005724525451660157	0.0020380611527126983	balanced	20	log2	4	2	100	{'class_weight': 'balanced', 'max_depth': 20, 'max_features': 'log2', 'min_samples_leaf': 4, 'min_samples_split': 2, 'n_estimators': 100}	0.49866378033293085	0.5717219376841179	0.558540723101586	0.5643097643097642	0.5369121312666105	0.5460296673390019	0.026372098638313708	1510
0.21975994110107422	0.015256313915968137	0.007883310317993164	0.0025471122154419627	balanced	20	log2	4	2	150	{'class_weight': 'balanced', 'max_depth': 20, 'max_features': 'log2', 'min_samples_leaf': 4, 'min_samples_split': 2, 'n_estimators': 150}	0.5275751326171494	0.5805128205128205	0.5737643998513563	0.5368773946360154	0.5534391534391534	0.554433780211299	0.02041760077084262	1069
0.2937882900238037	0.011139686773566986	0.011525154113769531	0.0024955291102052597	balanced	20	log2	4	2	200	{'class_weight': 'balanced', 'max_depth': 20, 'max_features': 'log2', 'min_samples_leaf': 4, 'min_samples_split': 2, 'n_estimators': 200}	0.5415813000558763	0.5865530363256697	0.5968041620215533	0.5368773946360154	0.5534391534391534	0.5630510092956535	0.024207498365818224	688
0.45786147117614745	0.01275873143875122	0.01583700180053711	0.002672036353929998	balanced	20	log2	4	2	300	{'class_weight': 'balanced', 'max_depth': 20, 'max_features': 'log2', 'min_samples_leaf': 4, 'min_samples_split': 2, 'n_estimators': 300}	0.5306551372125142	0.6010568666306372	0.6158730158730159	0.5831896551724138	0.5782480893592005	0.5818045528495563	0.028851833285668125	148
0.6040305614471435	0.023136344906097502	0.02292776107788086	0.0025529430253595077	balanced	20	log2	4	2	400	{'class_weight': 'balanced', 'max_depth': 20, 'max_features': 'log2', 'min_samples_leaf': 4, 'min_samples_split': 2, 'n_estimators': 400}	0.545299707743821	0.5775896234912629	0.5831896551724138	0.6004784337897533	0.5782480893592005	0.5769611019112902	0.017868156206524807	248
0.7317978858947753	0.01582819951157593	0.02510552406311035	0.0028874310177000343	balanced	20	log2	4	2	500	{'class_weight': 'balanced', 'max_depth': 20, 'max_features': 'log2', 'min_samples_leaf': 4, 'min_samples_split': 2, 'n_estimators': 500}	0.5736653635813299	0.591935635154711	0.5785675232367414	0.5680205415499533	0.5695353535353536	0.5763448834116178	0.008612268676643709	265
0.9010074615478516	0.038909336000038944	0.026395034790039063	0.004096325042229171	balanced	20	log2	4	2	600	{'class_weight': 'balanced', 'max_depth': 20, 'max_features': 'log2', 'min_samples_leaf': 4, 'min_samples_split': 2, 'n_estimators': 600}	0.5596301547914452	0.6010568666306372	0.5785675232367414	0.5413786992734361	0.5451923076923078	0.5651651103249135	0.022195426425445985	617
0.041814327239990234	0.0029363297570202842	0.001947021484375	0.0004771600726602584	balanced	20	log2	4	5	25	{'class_weight': 'balanced', 'max_depth': 20, 'max_features': 'log2', 'min_samples_leaf': 4, 'min_samples_split': 5, 'n_estimators': 25}	0.5275751326171494	0.5686176714492661	0.5388522777849564	0.5191026899386904	0.558540723101586	0.5425376989783296	0.018562985295192104	1681
0.07510857582092285	0.006746524255609914	0.004406976699829102	0.0018060368131167547	balanced	20	log2	4	5	50	{'class_weight': 'balanced', 'max_depth': 20, 'max_features': 'log2', 'min_samples_leaf': 4, 'min_samples_split': 5, 'n_estimators': 50}	0.49009807396904165	0.591935635154711	0.5406989025118244	0.4809235209235209	0.5733333333333334	0.5353978931784862	0.04400737538287235	1961
0.1729494094848633	0.003310382892286159	0.007729053497314453	0.002009941746839706	balanced	20	log2	4	5	100	{'class_weight': 'balanced', 'max_depth': 20, 'max_features': 'log2', 'min_samples_leaf': 4, 'min_samples_split': 5, 'n_estimators': 100}	0.49866378033293085	0.5717219376841179	0.558540723101586	0.5643097643097642	0.5369121312666105	0.5460296673390019	0.026372098638313708	1510
0.23116722106933593	0.022748391565009924	0.008977508544921875	0.0021223710460001742	balanced	20	log2	4	5	150	{'class_weight': 'balanced', 'max_depth': 20, 'max_features': 'log2', 'min_samples_leaf': 4, 'min_samples_split': 5, 'n_estimators': 150}	0.5275751326171494	0.5805128205128205	0.5737643998513563	0.5368773946360154	0.5534391534391534	0.554433780211299	0.02041760077084262	1069
0.29424214363098145	0.013379369889693505	0.011573982238769532	0.005584506371822111	balanced	20	log2	4	5	200	{'class_weight': 'balanced', 'max_depth': 20, 'max_features': 'log2', 'min_samples_leaf': 4, 'min_samples_split': 5, 'n_estimators': 200}	0.5415813000558763	0.5865530363256697	0.5968041620215533	0.5368773946360154	0.5534391534391534	0.5630510092956535	0.024207498365818224	688
0.430005407333374	0.009918949224346359	0.015006828308105468	0.0026751310819189034	balanced	20	log2	4	5	300	{'class_weight': 'balanced', 'max_depth': 20, 'max_features': 'log2', 'min_samples_leaf': 4, 'min_samples_split': 5, 'n_estimators': 300}	0.5306551372125142	0.6010568666306372	0.6158730158730159	0.5831896551724138	0.5782480893592005	0.5818045528495563	0.028851833285668125	148
0.5979281902313233	0.008973368293059487	0.01878976821899414	0.001989264562281141	balanced	20	log2	4	5	400	{'class_weight': 'balanced', 'max_depth': 20, 'max_features': 'log2', 'min_samples_leaf': 4, 'min_samples_split': 5, 'n_estimators': 400}	0.545299707743821	0.5775896234912629	0.5831896551724138	0.6004784337897533	0.5782480893592005	0.5769611019112902	0.017868156206524807	248
0.7391682624816894	0.019221602464917283	0.0240966796875	0.002556347888677706	balanced	20	log2	4	5	500	{'class_weight': 'balanced', 'max_depth': 20, 'max_features': 'log2', 'min_samples_leaf': 4, 'min_samples_split': 5, 'n_estimators': 500}	0.5736653635813299	0.591935635154711	0.5785675232367414	0.5680205415499533	0.5695353535353536	0.5763448834116178	0.008612268676643709	265
0.9319937705993653	0.03799145567072004	0.03543000221252442	0.008919496521576727	balanced	20	log2	4	5	600	{'class_weight': 'balanced', 'max_depth': 20, 'max_features': 'log2', 'min_samples_leaf': 4, 'min_samples_split': 5, 'n_estimators': 600}	0.5596301547914452	0.6010568666306372	0.5785675232367414	0.5413786992734361	0.5451923076923078	0.5651651103249135	0.022195426425445985	617
0.038532257080078125	0.001664217104986305	0.002603912353515625	0.0008678366797032817	balanced	20	log2	4	10	25	{'class_weight': 'balanced', 'max_depth': 20, 'max_features': 'log2', 'min_samples_leaf': 4, 'min_samples_split': 10, 'n_estimators': 25}	0.5021385551736187	0.5853758912627709	0.4713672452656818	0.5368773946360154	0.606266050333847	0.5404050273343868	0.05020564786964136	1787
0.07449321746826172	0.0028632714035300446	0.003761625289916992	0.0011262170887945836	balanced	20	log2	4	10	50	{'class_weight': 'balanced', 'max_depth': 20, 'max_features': 'log2', 'min_samples_leaf': 4, 'min_samples_split': 10, 'n_estimators': 50}	0.5186603650586702	0.5775896234912629	0.5548188262228679	0.5227513227513227	0.6005420054200542	0.5548724285888356	0.03144793491066948	1047
0.14492082595825195	0.006609797019133924	0.004983663558959961	0.001562853750483997	balanced	20	log2	4	10	100	{'class_weight': 'balanced', 'max_depth': 20, 'max_features': 'log2', 'min_samples_leaf': 4, 'min_samples_split': 10, 'n_estimators': 100}	0.5553113553113553	0.5775896234912629	0.5872408293460926	0.5413786992734361	0.6005420054200542	0.5724125025684402	0.02141726859902934	350
0.22754154205322266	0.017743198104818208	0.012115478515625	0.005997510687364498	balanced	20	log2	4	10	150	{'class_weight': 'balanced', 'max_depth': 20, 'max_features': 'log2', 'min_samples_leaf': 4, 'min_samples_split': 10, 'n_estimators': 150}	0.5364527945173106	0.6193083890525493	0.6004784337897533	0.5551546078610048	0.5608294930875576	0.5744447436616351	0.030631266009210862	299
0.3180385589599609	0.009183691187898446	0.01225433349609375	0.0040291891218875294	balanced	20	log2	4	10	200	{'class_weight': 'balanced', 'max_depth': 20, 'max_features': 'log2', 'min_samples_leaf': 4, 'min_samples_split': 10, 'n_estimators': 200}	0.5415813000558763	0.6245241097700115	0.5785675232367414	0.5693121693121693	0.5695353535353536	0.5767040911820305	0.026943898461974057	258
0.4452643394470215	0.01331320816148662	0.015642976760864256	0.003514492252298003	balanced	20	log2	4	10	300	{'class_weight': 'balanced', 'max_depth': 20, 'max_features': 'log2', 'min_samples_leaf': 4, 'min_samples_split': 10, 'n_estimators': 300}	0.5596301547914452	0.6009204470742932	0.5968041620215533	0.5785675232367414	0.5852278545826933	0.5842300283413453	0.014662143876169955	96
0.5855343818664551	0.01371019021742587	0.019271659851074218	0.002299341421477043	balanced	20	log2	4	10	400	{'class_weight': 'balanced', 'max_depth': 20, 'max_features': 'log2', 'min_samples_leaf': 4, 'min_samples_split': 10, 'n_estimators': 400}	0.5506202480992397	0.6103441050474949	0.5925925925925926	0.5693121693121693	0.6005420054200542	0.5846822240943101	0.021767386247453925	92
0.7205107688903809	0.03538337050485631	0.020511579513549805	0.001883967707766459	balanced	20	log2	4	10	500	{'class_weight': 'balanced', 'max_depth': 20, 'max_features': 'log2', 'min_samples_leaf': 4, 'min_samples_split': 10, 'n_estimators': 500}	0.5553113553113553	0.6103441050474949	0.606345785440613	0.5693121693121693	0.5824033867177165	0.5847433603658698	0.021127720903601852	86
0.8739814281463623	0.027740704460487455	0.03701438903808594	0.01233950082595051	balanced	20	log2	4	10	600	{'class_weight': 'balanced', 'max_depth': 20, 'max_features': 'log2', 'min_samples_leaf': 4, 'min_samples_split': 10, 'n_estimators': 600}	0.5781159011928243	0.5967104790634203	0.5785675232367414	0.546031746031746	0.5914703850260662	0.5781792069101597	0.017627691292052074	208
1.476182460784912	0.038934508231391045	0.0026316165924072264	0.0010082110214813557	balanced	20		1	2	25	{'class_weight': 'balanced', 'max_depth': 20, 'max_features': None, 'min_samples_leaf': 1, 'min_samples_split': 2, 'n_estimators': 25}	0.4584397861708786	0.5955151633683335	0.6198439241917503	0.5091592186559826	0.5785675232367414	0.5523051231247373	0.059649947931166035	1172
2.9599453449249267	0.03995917693425232	0.00361175537109375	0.0013439961087001757	balanced	20		1	2	50	{'class_weight': 'balanced', 'max_depth': 20, 'max_features': None, 'min_samples_leaf': 1, 'min_samples_split': 2, 'n_estimators': 50}	0.49866378033293085	0.5332404863654864	0.5521228545618789	0.546031746031746	0.5763324299909666	0.5412782594566018	0.02549351045547023	1744
5.966106939315796	0.08075958370219243	0.0066314697265625	0.0030122729565447283	balanced	20		1	2	100	{'class_weight': 'balanced', 'max_depth': 20, 'max_features': None, 'min_samples_leaf': 1, 'min_samples_split': 2, 'n_estimators': 100}	0.49267399267399264	0.5578160800432915	0.5878067073824066	0.5776486300063106	0.48444444444444446	0.5400779709100891	0.0432352949461472	1797
9.061787366867065	0.23548073735375413	0.01031637191772461	0.002869915612730891	balanced	20		1	2	150	{'class_weight': 'balanced', 'max_depth': 20, 'max_features': None, 'min_samples_leaf': 1, 'min_samples_split': 2, 'n_estimators': 150}	0.47654903494725526	0.5414301947869302	0.5496296296296296	0.5600335249042145	0.5102222222222222	0.5275729212980503	0.03045224764842584	2154
12.156283521652222	0.254480952692215	0.009845876693725586	0.0021373987653974602	balanced	20		1	2	200	{'class_weight': 'balanced', 'max_depth': 20, 'max_features': None, 'min_samples_leaf': 1, 'min_samples_split': 2, 'n_estimators': 200}	0.48463003663003656	0.5245984784446323	0.5642528049471155	0.5551546078610048	0.5179899949801804	0.5293251845725939	0.02840979512760258	2116
18.20803322792053	0.26235568227173167	0.023162174224853515	0.008894623860311174	balanced	20		1	2	300	{'class_weight': 'balanced', 'max_depth': 20, 'max_features': None, 'min_samples_leaf': 1, 'min_samples_split': 2, 'n_estimators': 300}	0.5086007326007326	0.5166426377483858	0.5852278545826933	0.5368773946360154	0.5521043771043772	0.5398905993344408	0.02732488229263986	1803
24.079704189300536	0.22425235641242566	0.018828582763671876	0.0018341721716444237	balanced	20		1	2	400	{'class_weight': 'balanced', 'max_depth': 20, 'max_features': None, 'min_samples_leaf': 1, 'min_samples_split': 2, 'n_estimators': 400}	0.49205087320010843	0.5086741961741962	0.5521228545618789	0.5551546078610048	0.5440445898461165	0.530409424328661	0.025351581752778383	2098
29.443172788619997	0.46006377409348553	0.023492956161499025	0.003289612132905715	balanced	20		1	2	500	{'class_weight': 'balanced', 'max_depth': 20, 'max_features': None, 'min_samples_leaf': 1, 'min_samples_split': 2, 'n_estimators': 500}	0.49205087320010843	0.5166426377483858	0.5763324299909666	0.546031746031746	0.5257575757575758	0.5313630525457566	0.028393572875316554	2071
35.15636525154114	0.6862973209302173	0.028953695297241212	0.004601392828186856	balanced	20		1	2	600	{'class_weight': 'balanced', 'max_depth': 20, 'max_features': None, 'min_samples_leaf': 1, 'min_samples_split': 2, 'n_estimators': 600}	0.5156764139814987	0.5332404863654864	0.5674392312040701	0.5551546078610048	0.5440445898461165	0.5431110658516353	0.017820586203731382	1650
1.4861258506774901	0.06715223214765643	0.0022359848022460937	0.0006357109692757711	balanced	20		1	5	25	{'class_weight': 'balanced', 'max_depth': 20, 'max_features': None, 'min_samples_leaf': 1, 'min_samples_split': 5, 'n_estimators': 25}	0.46842533241871814	0.5250434604765313	0.6004784337897533	0.5184476342371079	0.5763324299909666	0.5377454581826154	0.04639699820579764	1880
2.862082862854004	0.08447236085853793	0.004269218444824219	0.0015538776078310803	balanced	20		1	5	50	{'class_weight': 'balanced', 'max_depth': 20, 'max_features': None, 'min_samples_leaf': 1, 'min_samples_split': 5, 'n_estimators': 50}	0.4957394300614639	0.49267399267399264	0.5914703850260662	0.5083287771095316	0.5179899949801804	0.5212405159702469	0.036265314090668674	2260
5.766079664230347	0.05559223914049081	0.005797529220581054	0.0020777856629495104	balanced	20		1	5	100	{'class_weight': 'balanced', 'max_depth': 20, 'max_features': None, 'min_samples_leaf': 1, 'min_samples_split': 5, 'n_estimators': 100}	0.48463003663003656	0.5565421245421245	0.606266050333847	0.5507246376811594	0.5257575757575758	0.5447840849889487	0.03983488749975857	1582
8.722200632095337	0.18679600736923854	0.006453990936279297	0.001521952061477273	balanced	20		1	5	150	{'class_weight': 'balanced', 'max_depth': 20, 'max_features': None, 'min_samples_leaf': 1, 'min_samples_split': 5, 'n_estimators': 150}	0.49009807396904165	0.47654903494725526	0.5878067073824066	0.5551546078610048	0.4994107744107744	0.5218038397140965	0.04248141849343862	2253
11.666495847702027	0.21318184659367873	0.010628223419189453	0.001998252959135158	balanced	20		1	5	200	{'class_weight': 'balanced', 'max_depth': 20, 'max_features': None, 'min_samples_leaf': 1, 'min_samples_split': 5, 'n_estimators': 200}	0.46842533241871814	0.48463003663003656	0.5785675232367414	0.5551546078610048	0.533532412591763	0.5240619825476528	0.04165959566852774	2200
17.471811389923097	0.2805000458693602	0.015167808532714844	0.0023925610522757676	balanced	20		1	5	300	{'class_weight': 'balanced', 'max_depth': 20, 'max_features': None, 'min_samples_leaf': 1, 'min_samples_split': 5, 'n_estimators': 300}	0.5275751326171494	0.5332404863654864	0.5733333333333334	0.546031746031746	0.533532412591763	0.5427426221878956	0.01644251337183398	1672
23.105060434341432	0.38782006334485836	0.01865730285644531	0.005232861696157014	balanced	20		1	5	400	{'class_weight': 'balanced', 'max_depth': 20, 'max_features': None, 'min_samples_leaf': 1, 'min_samples_split': 5, 'n_estimators': 400}	0.5415813000558763	0.5332404863654864	0.5521228545618789	0.5406989025118244	0.5257575757575758	0.5386802238505284	0.008829283150618924	1843
29.396068859100343	0.4512724724122528	0.024680948257446288	0.004311375195229844	balanced	20		1	5	500	{'class_weight': 'balanced', 'max_depth': 20, 'max_features': None, 'min_samples_leaf': 1, 'min_samples_split': 5, 'n_estimators': 500}	0.5071878940731399	0.5332404863654864	0.5608294930875576	0.5496296296296296	0.533532412591763	0.5368839831495154	0.018122939887555627	1910
35.812821769714354	0.710349198233094	0.032155418395996095	0.004805843533410291	balanced	20		1	5	600	{'class_weight': 'balanced', 'max_depth': 20, 'max_features': None, 'min_samples_leaf': 1, 'min_samples_split': 5, 'n_estimators': 600}	0.5071878940731399	0.5409907552764696	0.5763324299909666	0.5259259259259259	0.5440445898461165	0.5388963190225237	0.022829844808878768	1835
1.4933919429779052	0.057496849059039463	0.002895832061767578	0.000942259266343989	balanced	20		1	10	25	{'class_weight': 'balanced', 'max_depth': 20, 'max_features': None, 'min_samples_leaf': 1, 'min_samples_split': 10, 'n_estimators': 25}	0.47654903494725526	0.5245984784446323	0.6331029594187488	0.49981325863678805	0.5317416924852683	0.5331610847865385	0.053629680034084255	2028
2.9378303050994874	0.09028328561475646	0.004155206680297852	0.001655346533059786	balanced	20		1	10	50	{'class_weight': 'balanced', 'max_depth': 20, 'max_features': None, 'min_samples_leaf': 1, 'min_samples_split': 10, 'n_estimators': 50}	0.5241354863156865	0.5414301947869302	0.6349145122529887	0.5319890224394253	0.536431131592422	0.5537800694774905	0.04096328574944979	1111
5.912749433517456	0.1176856266194101	0.007393598556518555	0.002862798394221305	balanced	20		1	10	100	{'class_weight': 'balanced', 'max_depth': 20, 'max_features': None, 'min_samples_leaf': 1, 'min_samples_split': 10, 'n_estimators': 100}	0.5241354863156865	0.5578067765567766	0.6253933539882145	0.5368773946360154	0.5118803545783192	0.5512186732150025	0.04007982278033281	1249
8.880515956878662	0.19146159802916612	0.008115673065185547	0.003955623356664514	balanced	20		1	10	150	{'class_weight': 'balanced', 'max_depth': 20, 'max_features': None, 'min_samples_leaf': 1, 'min_samples_split': 10, 'n_estimators': 150}	0.5364527945173106	0.5006867148599432	0.5733333333333334	0.5083287771095316	0.5024471804225566	0.5242497600485351	0.027720600611462514	2197
11.760638999938966	0.16540405540436	0.011662864685058593	0.0027899828415031305	balanced	20		1	10	200	{'class_weight': 'balanced', 'max_depth': 20, 'max_features': None, 'min_samples_leaf': 1, 'min_samples_split': 10, 'n_estimators': 200}	0.5364527945173106	0.5250434604765313	0.5878067073824066	0.5083287771095316	0.5179899949801804	0.5351243468931921	0.02789411667811382	1976
17.58535976409912	0.3775916627232367	0.019738054275512694	0.006203169000532041	balanced	20		1	10	300	{'class_weight': 'balanced', 'max_depth': 20, 'max_features': None, 'min_samples_leaf': 1, 'min_samples_split': 10, 'n_estimators': 300}	0.5736653635813299	0.5409907552764696	0.5733333333333334	0.5413786992734361	0.5257575757575758	0.5510251454444289	0.019195977244338493	1267
23.57713031768799	0.3994741531612813	0.021125602722167968	0.004570773593611341	balanced	20		1	10	400	{'class_weight': 'balanced', 'max_depth': 20, 'max_features': None, 'min_samples_leaf': 1, 'min_samples_split': 10, 'n_estimators': 400}	0.5506202480992397	0.5494002060931195	0.558540723101586	0.5496296296296296	0.5704594017094017	0.5557300417265953	0.008102417085149437	1007
29.420741176605226	0.5217513790050485	0.021539783477783202	0.0015910608287500996	balanced	20		1	10	500	{'class_weight': 'balanced', 'max_depth': 20, 'max_features': None, 'min_samples_leaf': 1, 'min_samples_split': 10, 'n_estimators': 500}	0.5364527945173106	0.5805128205128205	0.5674392312040701	0.5317416924852683	0.536	0.550429307743894	0.01973387972312841	1321
35.21078782081604	0.5436798554411089	0.02788705825805664	0.0031368623903525543	balanced	20		1	10	600	{'class_weight': 'balanced', 'max_depth': 20, 'max_features': None, 'min_samples_leaf': 1, 'min_samples_split': 10, 'n_estimators': 600}	0.5306551372125142	0.539301954762889	0.5824033867177165	0.5317416924852683	0.5440445898461165	0.5456293522049009	0.019036655439437243	1538
1.414546823501587	0.054627385193023494	0.00226287841796875	0.0008763100143772932	balanced	20		2	2	25	{'class_weight': 'balanced', 'max_depth': 20, 'max_features': None, 'min_samples_leaf': 2, 'min_samples_split': 2, 'n_estimators': 25}	0.42870988921659564	0.5823730667480668	0.5968041620215533	0.5065843621399178	0.5914703850260662	0.54118837303044	0.06506369587230607	1748
2.880591297149658	0.09720315640261866	0.005402135848999024	0.003023445908902239	balanced	20		2	2	50	{'class_weight': 'balanced', 'max_depth': 20, 'max_features': None, 'min_samples_leaf': 2, 'min_samples_split': 2, 'n_estimators': 50}	0.5506202480992397	0.47654903494725526	0.6113606098176976	0.5319890224394253	0.5286302175191064	0.5398298265645448	0.04341532952659903	1806
5.806535005569458	0.14817756379506952	0.006439065933227539	0.00279298275487464	balanced	20		2	2	100	{'class_weight': 'balanced', 'max_depth': 20, 'max_features': None, 'min_samples_leaf': 2, 'min_samples_split': 2, 'n_estimators': 100}	0.5071878940731399	0.5805128205128205	0.601980438612478	0.5507246376811594	0.4739156268568033	0.5428642835472803	0.04690552060851676	1662
8.569792747497559	0.15045218648587838	0.008390235900878906	0.002489615529213158	balanced	20		2	2	150	{'class_weight': 'balanced', 'max_depth': 20, 'max_features': None, 'min_samples_leaf': 2, 'min_samples_split': 2, 'n_estimators': 150}	0.5003422606314708	0.5494002060931195	0.5642528049471155	0.5227513227513227	0.5024471804225566	0.527838754969117	0.025367500609075822	2150
11.732857799530029	0.2238781300477822	0.010483169555664062	0.0024433043978173167	balanced	20		2	2	200	{'class_weight': 'balanced', 'max_depth': 20, 'max_features': None, 'min_samples_leaf': 2, 'min_samples_split': 2, 'n_estimators': 200}	0.4685156113727542	0.5565421245421245	0.5968041620215533	0.5496296296296296	0.5102222222222222	0.5363427499576567	0.04364158785281442	1934
17.550402927398682	0.07296478567702434	0.01835317611694336	0.002946991837757713	balanced	20		2	2	300	{'class_weight': 'balanced', 'max_depth': 20, 'max_features': None, 'min_samples_leaf': 2, 'min_samples_split': 2, 'n_estimators': 300}	0.5071878940731399	0.5717219376841179	0.5551546078610048	0.5227513227513227	0.5521043771043772	0.5417840278947924	0.023412376212073798	1720
23.355987215042113	0.3951435939117393	0.018588733673095704	0.0029799419772894666	balanced	20		2	2	400	{'class_weight': 'balanced', 'max_depth': 20, 'max_features': None, 'min_samples_leaf': 2, 'min_samples_split': 2, 'n_estimators': 400}	0.4837206509337657	0.5086741961741962	0.5317416924852683	0.5406989025118244	0.5617777777777778	0.5253226439765665	0.026886825510371703	2181
29.48578009605408	0.6199616628110555	0.0228757381439209	0.0017010560382483113	balanced	20		2	2	500	{'class_weight': 'balanced', 'max_depth': 20, 'max_features': None, 'min_samples_leaf': 2, 'min_samples_split': 2, 'n_estimators': 500}	0.49866378033293085	0.5168323739752311	0.5496296296296296	0.5551546078610048	0.5440445898461165	0.5328649963289825	0.021585324543812442	2034
35.1537248134613	0.41603440842548983	0.029016590118408202	0.0021949215841175263	balanced	20		2	2	600	{'class_weight': 'balanced', 'max_depth': 20, 'max_features': None, 'min_samples_leaf': 2, 'min_samples_split': 2, 'n_estimators': 600}	0.5306551372125142	0.539301954762889	0.5642528049471155	0.546031746031746	0.5440445898461165	0.5448572465600762	0.011052499463567046	1576
1.4614158153533936	0.04071049485280451	0.0035193920135498046	0.0025476267650010546	balanced	20		2	5	25	{'class_weight': 'balanced', 'max_depth': 20, 'max_features': None, 'min_samples_leaf': 2, 'min_samples_split': 5, 'n_estimators': 25}	0.4728184950642578	0.5494002060931195	0.5831896551724138	0.5034920634920635	0.5674392312040701	0.535267930205185	0.04108732945412543	1967
2.874279737472534	0.10001241281440566	0.0033281803131103515	0.001410722950936475	balanced	20		2	5	50	{'class_weight': 'balanced', 'max_depth': 20, 'max_features': None, 'min_samples_leaf': 2, 'min_samples_split': 5, 'n_estimators': 50}	0.5097022635484174	0.47654903494725526	0.601980438612478	0.5091592186559826	0.5199252136752136	0.5234632338878693	0.04188646617576638	2218
5.7483189582824705	0.08406569740968918	0.004944276809692383	0.0007661592876881616	balanced	20		2	5	100	{'class_weight': 'balanced', 'max_depth': 20, 'max_features': None, 'min_samples_leaf': 2, 'min_samples_split': 5, 'n_estimators': 100}	0.5156764139814987	0.5737569517097076	0.5878067073824066	0.5276848755109624	0.5068771218827209	0.5423604140934593	0.032365350202856226	1699
8.66712303161621	0.12117123117777692	0.010236501693725586	0.0038899804975242157	balanced	20		2	5	150	{'class_weight': 'balanced', 'max_depth': 20, 'max_features': None, 'min_samples_leaf': 2, 'min_samples_split': 5, 'n_estimators': 150}	0.49866378033293085	0.565149136577708	0.558540723101586	0.5507246376811594	0.5102222222222222	0.5366600999831213	0.026947652151010186	1923
11.486371040344238	0.1625100521537807	0.01277146339416504	0.003681775075707611	balanced	20		2	5	200	{'class_weight': 'balanced', 'max_depth': 20, 'max_features': None, 'min_samples_leaf': 2, 'min_samples_split': 5, 'n_estimators': 200}	0.48463003663003656	0.539301954762889	0.5831896551724138	0.5600335249042145	0.5257575757575758	0.538582549445426	0.03324397498095504	1847
17.366922044754027	0.2833096839556089	0.014191198348999023	0.0026868089328619606	balanced	20		2	5	300	{'class_weight': 'balanced', 'max_depth': 20, 'max_features': None, 'min_samples_leaf': 2, 'min_samples_split': 5, 'n_estimators': 300}	0.5275751326171494	0.5805128205128205	0.5496296296296296	0.5368773946360154	0.5521043771043772	0.5493398708999985	0.01793597719328526	1355
23.432887935638426	0.39459228562214466	0.02010831832885742	0.003237370999151415	balanced	20		2	5	400	{'class_weight': 'balanced', 'max_depth': 20, 'max_features': None, 'min_samples_leaf': 2, 'min_samples_split': 5, 'n_estimators': 400}	0.5275751326171494	0.5494002060931195	0.5496296296296296	0.5227513227513227	0.5257575757575758	0.5350227733697595	0.011932900413266957	1985
29.3900456905365	0.40320226700960565	0.02713809013366699	0.0038610125743162626	balanced	20		2	5	500	{'class_weight': 'balanced', 'max_depth': 20, 'max_features': None, 'min_samples_leaf': 2, 'min_samples_split': 5, 'n_estimators': 500}	0.5275751326171494	0.5332404863654864	0.558540723101586	0.5227513227513227	0.5257575757575758	0.533573048118624	0.012943428679363945	2016
35.740771007537845	0.6416108796467362	0.032346248626708984	0.0054793001330125995	balanced	20		2	5	600	{'class_weight': 'balanced', 'max_depth': 20, 'max_features': None, 'min_samples_leaf': 2, 'min_samples_split': 5, 'n_estimators': 600}	0.545299707743821	0.5629274955442795	0.5785675232367414	0.5137212643678162	0.5179899949801804	0.5437011971745677	0.025090750357424602	1635
1.448823833465576	0.0750777061978952	0.004020977020263672	0.0014412542244655274	balanced	20		2	10	25	{'class_weight': 'balanced', 'max_depth': 20, 'max_features': None, 'min_samples_leaf': 2, 'min_samples_split': 10, 'n_estimators': 25}	0.4669207136949073	0.5479287119999022	0.5968041620215533	0.5034920634920635	0.5733333333333334	0.5376957969083519	0.04700543194897971	1884
2.9309612274169923	0.14163206788850263	0.0037852764129638673	0.0018703921793973002	balanced	20		2	10	50	{'class_weight': 'balanced', 'max_depth': 20, 'max_features': None, 'min_samples_leaf': 2, 'min_samples_split': 10, 'n_estimators': 50}	0.5506202480992397	0.5219817440383759	0.5925925925925926	0.49981325863678805	0.5193769235600779	0.5368769533854149	0.03223335656010595	1913
6.04100923538208	0.10645363171122915	0.006098461151123047	0.0038046050664196783	balanced	20		2	10	100	{'class_weight': 'balanced', 'max_depth': 20, 'max_features': None, 'min_samples_leaf': 2, 'min_samples_split': 10, 'n_estimators': 100}	0.5306551372125142	0.565149136577708	0.606266050333847	0.5368773946360154	0.46939102564102564	0.5416677488802221	0.04492764394138015	1728
9.113199424743652	0.2210962566564402	0.00631098747253418	0.0007590954831244575	balanced	20		2	10	150	{'class_weight': 'balanced', 'max_depth': 20, 'max_features': None, 'min_samples_leaf': 2, 'min_samples_split': 10, 'n_estimators': 150}	0.49866378033293085	0.5325714285714286	0.5496296296296296	0.5413786992734361	0.4876344086021505	0.5219755892819151	0.024397768595096795	2249
11.88670573234558	0.11987023298336175	0.0102325439453125	0.0031067043183883062	balanced	20		2	10	200	{'class_weight': 'balanced', 'max_depth': 20, 'max_features': None, 'min_samples_leaf': 2, 'min_samples_split': 10, 'n_estimators': 200}	0.49866378033293085	0.5071878940731399	0.5831896551724138	0.5171450000765334	0.5279627096316563	0.5268298078573348	0.02983501714821555	2166
17.922292041778565	0.5195872928242512	0.020213603973388672	0.006996659331330868	balanced	20		2	10	300	{'class_weight': 'balanced', 'max_depth': 20, 'max_features': None, 'min_samples_leaf': 2, 'min_samples_split': 10, 'n_estimators': 300}	0.5645022350530825	0.5494002060931195	0.5642528049471155	0.49947089947089945	0.5440445898461165	0.5443341470820667	0.02384099195532252	1599
24.369991064071655	0.5064953201784718	0.023854398727416994	0.0037620846112149326	balanced	20		2	10	400	{'class_weight': 'balanced', 'max_depth': 20, 'max_features': None, 'min_samples_leaf': 2, 'min_samples_split': 10, 'n_estimators': 400}	0.5645022350530825	0.5409907552764696	0.558540723101586	0.5368773946360154	0.536	0.5473822216134308	0.011818326584201426	1435
30.220269918441772	0.3822784444474617	0.022897005081176758	0.003725419707530127	balanced	20		2	10	500	{'class_weight': 'balanced', 'max_depth': 20, 'max_features': None, 'min_samples_leaf': 2, 'min_samples_split': 10, 'n_estimators': 500}	0.5553113553113553	0.5479287119999022	0.5642528049471155	0.5227513227513227	0.536	0.5452488390019391	0.014568911666548327	1552
35.11474137306213	0.5430763341485647	0.032140922546386716	0.00473532015389483	balanced	20		2	10	600	{'class_weight': 'balanced', 'max_depth': 20, 'max_features': None, 'min_samples_leaf': 2, 'min_samples_split': 10, 'n_estimators': 600}	0.5874231700502887	0.5541223803518884	0.5785675232367414	0.5368773946360154	0.5440445898461165	0.56020701162421	0.01959768001788109	820
1.351623249053955	0.020767036828731426	0.002711582183837891	0.0008205436125041766	balanced	20		4	2	25	{'class_weight': 'balanced', 'max_depth': 20, 'max_features': None, 'min_samples_leaf': 4, 'min_samples_split': 2, 'n_estimators': 25}	0.4957394300614639	0.5596301547914452	0.5862046401798034	0.48632941487254	0.5120327700972862	0.5279872820005076	0.038523708259314296	2143
2.783532810211182	0.1195088683148791	0.004448413848876953	0.0016123480139010344	balanced	20		4	2	50	{'class_weight': 'balanced', 'max_depth': 20, 'max_features': None, 'min_samples_leaf': 4, 'min_samples_split': 2, 'n_estimators': 50}	0.5132754342431762	0.5325714285714286	0.5809983896940418	0.5130521826173999	0.4713146159160857	0.5222424102084264	0.035545635226498645	2238
5.349367094039917	0.09870634193879901	0.005716180801391602	0.001847181687473001	balanced	20		4	2	100	{'class_weight': 'balanced', 'max_depth': 20, 'max_features': None, 'min_samples_leaf': 4, 'min_samples_split': 2, 'n_estimators': 100}	0.5132754342431762	0.6010568666306372	0.5872408293460926	0.5738683127572016	0.5521228545618789	0.5655128595077973	0.03070288437711979	590
7.975458145141602	0.13972465723785177	0.007605123519897461	0.0019749250785283425	balanced	20		4	2	150	{'class_weight': 'balanced', 'max_depth': 20, 'max_features': None, 'min_samples_leaf': 4, 'min_samples_split': 2, 'n_estimators': 150}	0.5325068094298864	0.5541223803518884	0.606345785440613	0.5548188262228679	0.5120327700972862	0.5519653143085084	0.031442877107552135	1193
10.633999013900757	0.17311395624233158	0.011053085327148438	0.004332637064225603	balanced	20		4	2	200	{'class_weight': 'balanced', 'max_depth': 20, 'max_features': None, 'min_samples_leaf': 4, 'min_samples_split': 2, 'n_estimators': 200}	0.5368199613494875	0.5629274955442795	0.5831896551724138	0.5413786992734361	0.5346780594854555	0.5517987741650145	0.01862953308703993	1204
15.970985603332519	0.2573269668449735	0.016662120819091797	0.0021520819464819884	balanced	20		4	2	300	{'class_weight': 'balanced', 'max_depth': 20, 'max_features': None, 'min_samples_leaf': 4, 'min_samples_split': 2, 'n_estimators': 300}	0.5629637772769747	0.5775896234912629	0.5733333333333334	0.5643097643097642	0.5695353535353536	0.5695463703893376	0.005473348252896979	453
21.47613697052002	0.3526439440417385	0.02318463325500488	0.01072933064655904	balanced	20		4	2	400	{'class_weight': 'balanced', 'max_depth': 20, 'max_features': None, 'min_samples_leaf': 4, 'min_samples_split': 2, 'n_estimators': 400}	0.5659905378215238	0.539301954762889	0.5259259259259259	0.5319890224394253	0.6030570252792475	0.5532528932458023	0.028412121307879037	1133
26.89754009246826	0.4143676516296639	0.020652103424072265	0.0027577721873259325	balanced	20		4	2	500	{'class_weight': 'balanced', 'max_depth': 20, 'max_features': None, 'min_samples_leaf': 4, 'min_samples_split': 2, 'n_estimators': 500}	0.5629637772769747	0.539301954762889	0.5406989025118244	0.5548188262228679	0.5782480893592005	0.5552063100267512	0.014523535559946439	1026
31.719592380523682	0.26647622918755903	0.029538345336914063	0.0037367489691621327	balanced	20		4	2	600	{'class_weight': 'balanced', 'max_depth': 20, 'max_features': None, 'min_samples_leaf': 4, 'min_samples_split': 2, 'n_estimators': 600}	0.5781159011928243	0.539301954762889	0.606345785440613	0.5548188262228679	0.5619439079549019	0.5681052751148192	0.022832751464440002	500
1.3214282989501953	0.05384730431173883	0.001806926727294922	1.4192135028058065e-05	balanced	20		4	5	25	{'class_weight': 'balanced', 'max_depth': 20, 'max_features': None, 'min_samples_leaf': 4, 'min_samples_split': 5, 'n_estimators': 25}	0.4957394300614639	0.5596301547914452	0.5862046401798034	0.48632941487254	0.5120327700972862	0.5279872820005076	0.038523708259314296	2143
2.5724501609802246	0.04387920310137755	0.003870248794555664	0.0012542079727824575	balanced	20		4	5	50	{'class_weight': 'balanced', 'max_depth': 20, 'max_features': None, 'min_samples_leaf': 4, 'min_samples_split': 5, 'n_estimators': 50}	0.5132754342431762	0.5325714285714286	0.5809983896940418	0.5130521826173999	0.4713146159160857	0.5222424102084264	0.035545635226498645	2238
5.236474800109863	0.12214364095625378	0.0060711860656738285	0.002342654315484938	balanced	20		4	5	100	{'class_weight': 'balanced', 'max_depth': 20, 'max_features': None, 'min_samples_leaf': 4, 'min_samples_split': 5, 'n_estimators': 100}	0.5132754342431762	0.6010568666306372	0.5872408293460926	0.5738683127572016	0.5521228545618789	0.5655128595077973	0.03070288437711979	590
7.804652452468872	0.05678317615937207	0.008773517608642579	0.0019791420870169905	balanced	20		4	5	150	{'class_weight': 'balanced', 'max_depth': 20, 'max_features': None, 'min_samples_leaf': 4, 'min_samples_split': 5, 'n_estimators': 150}	0.5325068094298864	0.5541223803518884	0.606345785440613	0.5548188262228679	0.5120327700972862	0.5519653143085084	0.031442877107552135	1193
10.424163198471069	0.15362404327368712	0.009676837921142578	0.0029699094392137606	balanced	20		4	5	200	{'class_weight': 'balanced', 'max_depth': 20, 'max_features': None, 'min_samples_leaf': 4, 'min_samples_split': 5, 'n_estimators': 200}	0.5368199613494875	0.5629274955442795	0.5831896551724138	0.5413786992734361	0.5346780594854555	0.5517987741650145	0.01862953308703993	1204
15.889183139801025	0.26375716550051687	0.012067651748657227	0.0026116643247428473	balanced	20		4	5	300	{'class_weight': 'balanced', 'max_depth': 20, 'max_features': None, 'min_samples_leaf': 4, 'min_samples_split': 5, 'n_estimators': 300}	0.5629637772769747	0.5775896234912629	0.5733333333333334	0.5643097643097642	0.5695353535353536	0.5695463703893376	0.005473348252896979	453
20.97169361114502	0.38343243719109993	0.02036900520324707	0.003739080405470686	balanced	20		4	5	400	{'class_weight': 'balanced', 'max_depth': 20, 'max_features': None, 'min_samples_leaf': 4, 'min_samples_split': 5, 'n_estimators': 400}	0.5659905378215238	0.539301954762889	0.5259259259259259	0.5319890224394253	0.6030570252792475	0.5532528932458023	0.028412121307879037	1133
26.228122806549074	0.4348601783893061	0.02701878547668457	0.004819578065039674	balanced	20		4	5	500	{'class_weight': 'balanced', 'max_depth': 20, 'max_features': None, 'min_samples_leaf': 4, 'min_samples_split': 5, 'n_estimators': 500}	0.5629637772769747	0.539301954762889	0.5406989025118244	0.5548188262228679	0.5782480893592005	0.5552063100267512	0.014523535559946439	1026
31.653715705871583	0.4787122504718302	0.02604374885559082	0.0036141653099252802	balanced	20		4	5	600	{'class_weight': 'balanced', 'max_depth': 20, 'max_features': None, 'min_samples_leaf': 4, 'min_samples_split': 5, 'n_estimators': 600}	0.5781159011928243	0.539301954762889	0.606345785440613	0.5548188262228679	0.5619439079549019	0.5681052751148192	0.022832751464440002	500
1.328295850753784	0.053497885544857356	0.0030709266662597655	0.0012883138176476927	balanced	20		4	10	25	{'class_weight': 'balanced', 'max_depth': 20, 'max_features': None, 'min_samples_leaf': 4, 'min_samples_split': 10, 'n_estimators': 25}	0.49009807396904165	0.5645022350530825	0.618724279835391	0.5225490196078432	0.5551546078610048	0.5502056432652725	0.04313118839905746	1324
2.6542407512664794	0.061124070094429	0.004278373718261719	0.0016440731552137958	balanced	20		4	10	50	{'class_weight': 'balanced', 'max_depth': 20, 'max_features': None, 'min_samples_leaf': 4, 'min_samples_split': 10, 'n_estimators': 50}	0.49009807396904165	0.5565421245421245	0.5583496540018279	0.5225490196078432	0.5037037037037037	0.5262485151649081	0.027484523185168665	2175
5.210784387588501	0.11516999022192592	0.005306100845336914	0.0015795152275321785	balanced	20		4	10	100	{'class_weight': 'balanced', 'max_depth': 20, 'max_features': None, 'min_samples_leaf': 4, 'min_samples_split': 10, 'n_estimators': 100}	0.5045300171350592	0.605984875339714	0.5809983896940418	0.5680205415499533	0.5496296296296296	0.5618326906696796	0.03402216930681593	738
7.744385766983032	0.0606132505287306	0.010276699066162109	0.0018233764713726434	balanced	20		4	10	150	{'class_weight': 'balanced', 'max_depth': 20, 'max_features': None, 'min_samples_leaf': 4, 'min_samples_split': 10, 'n_estimators': 150}	0.5186603650586702	0.591935635154711	0.5776486300063106	0.5413786992734361	0.5279132791327914	0.5515073217251839	0.028481597308713216	1228
10.378944253921508	0.129748066139023	0.008674097061157227	0.0018440879608497792	balanced	20		4	10	200	{'class_weight': 'balanced', 'max_depth': 20, 'max_features': None, 'min_samples_leaf': 4, 'min_samples_split': 10, 'n_estimators': 200}	0.5325068094298864	0.5828075150655795	0.5831896551724138	0.546031746031746	0.558540723101586	0.5606152897602423	0.020045782991688167	802
15.601274871826172	0.2496323354815811	0.013202238082885741	0.0023614442283700905	balanced	20		4	10	300	{'class_weight': 'balanced', 'max_depth': 20, 'max_features': None, 'min_samples_leaf': 4, 'min_samples_split': 10, 'n_estimators': 300}	0.5725059254471019	0.5828075150655795	0.5785675232367414	0.5319890224394253	0.5763324299909666	0.568440483235963	0.018528292856753042	489
20.509427309036255	0.28228935439535374	0.02068324089050293	0.0013274371892566697	balanced	20		4	10	400	{'class_weight': 'balanced', 'max_depth': 20, 'max_features': None, 'min_samples_leaf': 4, 'min_samples_split': 10, 'n_estimators': 400}	0.5757064364207221	0.539301954762889	0.5551546078610048	0.5319890224394253	0.5941333333333334	0.559257070963475	0.02300225483396454	863
24.775832319259642	0.2964134120112021	0.02015995979309082	0.002135919049034566	balanced	20		4	10	500	{'class_weight': 'balanced', 'max_depth': 20, 'max_features': None, 'min_samples_leaf': 4, 'min_samples_split': 10, 'n_estimators': 500}	0.5500062373127389	0.5306551372125142	0.5551546078610048	0.5413786992734361	0.5941333333333334	0.5542656029986055	0.021595808991523625	1081
26.488708400726317	0.8521081954126052	0.019040250778198244	0.0004885813137533986	balanced	20		4	10	600	{'class_weight': 'balanced', 'max_depth': 20, 'max_features': None, 'min_samples_leaf': 4, 'min_samples_split': 10, 'n_estimators': 600}	0.5781159011928243	0.5306551372125142	0.5968041620215533	0.5548188262228679	0.5782480893592005	0.567728423201792	0.022825634235190503	521
